date,open,close,high,low,volume,code
2013-05-31,0.992,0.998,0.998,0.992,10308.0,513100
2013-06-03,0.995,0.99,0.995,0.989,9492.0,513100
2013-06-04,0.992,0.993,0.994,0.991,27615.0,513100
2013-06-05,0.993,0.989,0.993,0.987,4503.0,513100
2013-06-06,0.985,0.973,0.985,0.97,50635.0,513100
2013-06-07,0.978,0.973,0.98,0.971,26352.0,513100
2013-06-13,0.962,0.966,0.972,0.962,15230.0,513100
2013-06-14,0.977,0.979,0.979,0.975,29617.0,513100
2013-06-17,0.975,0.976,0.976,0.973,3863.0,513100
2013-06-18,0.981,0.984,0.985,0.981,6568.0,513100
2013-06-19,0.994,0.998,0.999,0.992,29003.0,513100
2013-06-20,0.985,0.981,0.985,0.93,33926.0,513100
2013-06-21,0.95,0.96,0.96,0.947,40060.0,513100
2013-06-24,0.96,0.952,0.96,0.951,8423.0,513100
2013-06-25,0.952,0.947,0.952,0.942,11993.0,513100
2013-06-26,0.95,0.946,0.96,0.941,21788.0,513100
2013-06-27,0.96,0.957,0.96,0.954,13522.0,513100
2013-06-28,0.961,0.963,0.965,0.961,17638.0,513100
2013-07-01,0.963,0.965,0.965,0.96,5940.0,513100
2013-07-02,0.974,0.972,0.974,0.968,17769.0,513100
2013-07-03,0.972,0.973,0.973,0.97,9453.0,513100
2013-07-04,0.973,0.978,0.978,0.973,7937.0,513100
2013-07-05,0.986,0.989,0.989,0.976,16698.0,513100
2013-07-08,0.995,0.998,1.0,0.987,32218.0,513100
2013-07-09,0.997,0.996,1.0,0.995,15497.0,513100
2013-07-10,1.002,0.999,1.009,0.993,37007.0,513100
2013-07-11,1.0,1.004,1.005,0.998,34670.0,513100
2013-07-12,1.011,1.019,1.02,1.011,56644.0,513100
2013-07-15,1.026,1.023,1.028,1.02,30694.0,513100
2013-07-16,1.023,1.019,1.023,1.018,17099.0,513100
2013-07-17,1.016,1.019,1.021,1.015,9661.0,513100
2013-07-18,1.02,1.02,1.022,1.019,13508.0,513100
2013-07-19,1.02,1.019,1.022,1.018,19280.0,513100
2013-07-22,1.019,1.015,1.019,1.013,13668.0,513100
2013-07-23,1.016,1.016,1.017,1.014,21943.0,513100
2013-07-24,1.013,1.0,1.013,0.995,35217.0,513100
2013-07-25,1.002,1.0,1.004,0.998,24467.0,513100
2013-07-26,1.009,1.01,1.01,1.006,8105.0,513100
2013-07-29,1.01,1.015,1.016,1.01,10917.0,513100
2013-07-30,1.013,1.011,1.013,1.01,6559.0,513100
2013-07-31,1.016,1.013,1.018,1.013,12782.0,513100
2013-08-01,1.014,1.014,1.016,1.013,18476.0,513100
2013-08-02,1.03,1.023,1.033,1.02,58280.0,513100
2013-08-05,1.028,1.031,1.033,1.028,33408.0,513100
2013-08-06,1.03,1.03,1.031,1.025,36447.0,513100
2013-08-07,1.019,1.017,1.02,1.015,29186.0,513100
2013-08-08,1.02,1.018,1.02,1.016,14304.0,513100
2013-08-09,1.019,1.026,1.026,1.019,14901.0,513100
2013-08-12,1.024,1.019,1.024,1.014,15893.0,513100
2013-08-13,1.019,1.019,1.023,1.016,10661.0,513100
2013-08-14,1.023,1.021,1.03,1.019,23877.0,513100
2013-08-15,1.016,1.017,1.02,1.01,27029.0,513100
2013-08-16,1.0,1.001,1.003,1.0,17245.0,513100
2013-08-19,1.001,1.0,1.003,0.999,11012.0,513100
2013-08-20,0.998,0.995,0.999,0.994,40554.0,513100
2013-08-21,1.0,1.001,1.004,1.0,7858.0,513100
2013-08-22,1.0,0.998,1.001,0.998,7635.0,513100
2013-08-23,1.008,1.015,1.015,1.008,25874.0,513100
2013-08-26,1.019,1.019,1.021,1.016,31162.0,513100
2013-08-27,1.018,1.017,1.018,1.015,7093.0,513100
2013-08-28,0.998,0.996,0.999,0.995,16818.0,513100
2013-08-29,1.0,1.002,1.002,0.999,6706.0,513100
2013-08-30,1.004,1.009,1.011,1.004,11388.0,513100
2013-09-02,1.005,1.012,1.013,1.004,32282.0,513100
2013-09-03,1.012,1.015,1.015,1.009,19403.0,513100
2013-09-04,1.01,1.013,1.016,1.005,12062.0,513100
2013-09-05,1.018,1.019,1.022,1.016,26344.0,513100
2013-09-06,1.02,1.016,1.021,1.015,10036.0,513100
2013-09-09,1.02,1.026,1.028,1.019,45849.0,513100
2013-09-10,1.028,1.028,1.032,1.027,28471.0,513100
2013-09-11,1.028,1.03,1.037,1.028,29465.0,513100
2013-09-12,1.029,1.031,1.037,1.027,22774.0,513100
2013-09-13,1.028,1.028,1.033,1.026,7212.0,513100
2013-09-16,1.036,1.04,1.043,1.036,24648.0,513100
2013-09-17,1.037,1.029,1.037,1.029,8523.0,513100
2013-09-18,1.034,1.041,1.042,1.032,13122.0,513100
2013-09-23,1.042,1.063,1.063,1.042,39298.0,513100
2013-09-24,1.043,1.06,1.064,1.043,10439.0,513100
2013-09-25,1.06,1.06,1.063,1.054,20854.0,513100
2013-09-26,1.068,1.06,1.068,1.054,11559.0,513100
2013-09-27,1.07,1.071,1.075,1.063,11635.0,513100
2013-09-30,1.07,1.056,1.07,1.05,16539.0,513100
2013-10-08,1.06,1.054,1.06,1.054,9952.0,513100
2013-10-09,1.035,1.04,1.04,1.035,14615.0,513100
2013-10-10,1.026,1.042,1.042,1.026,7336.0,513100
2013-10-11,1.052,1.065,1.065,1.049,9364.0,513100
2013-10-14,1.07,1.067,1.07,1.064,5954.0,513100
2013-10-15,1.074,1.081,1.081,1.074,10836.0,513100
2013-10-16,1.073,1.079,1.08,1.07,11227.0,513100
2013-10-17,1.086,1.096,1.096,1.086,11788.0,513100
2013-10-18,1.107,1.101,1.107,1.094,12348.0,513100
2013-10-21,1.101,1.114,1.116,1.101,9029.0,513100
2013-10-22,1.117,1.156,1.162,1.114,62963.0,513100
2013-10-23,1.156,1.14,1.171,1.137,24002.0,513100
2013-10-24,1.13,1.121,1.143,1.108,38336.0,513100
2013-10-25,1.125,1.139,1.155,1.125,26664.0,513100
2013-10-28,1.151,1.141,1.151,1.134,21513.0,513100
2013-10-29,1.142,1.123,1.142,1.121,12661.0,513100
2013-10-30,1.128,1.128,1.129,1.124,12511.0,513100
2013-10-31,1.12,1.116,1.12,1.114,10520.0,513100
2013-11-01,1.097,1.118,1.12,1.097,8807.0,513100
2013-11-04,1.112,1.122,1.123,1.112,6196.0,513100
2013-11-05,1.13,1.126,1.13,1.122,7769.0,513100
2013-11-06,1.126,1.134,1.134,1.121,9389.0,513100
2013-11-07,1.131,1.134,1.136,1.123,9802.0,513100
2013-11-08,1.112,1.125,1.133,1.104,15537.0,513100
2013-11-11,1.145,1.128,1.145,1.122,12806.0,513100
2013-11-12,1.128,1.126,1.128,1.124,6110.0,513100
2013-11-13,1.121,1.117,1.121,1.116,5707.0,513100
2013-11-14,1.138,1.134,1.139,1.128,27003.0,513100
2013-11-15,1.14,1.132,1.14,1.129,21062.0,513100
2013-11-18,1.135,1.132,1.138,1.129,16923.0,513100
2013-11-19,1.128,1.116,1.128,1.111,24746.0,513100
2013-11-20,1.113,1.098,1.113,1.085,167325.0,513100
2013-11-21,1.095,1.089,1.1,1.085,22282.0,513100
2013-11-22,1.111,1.108,1.111,1.103,10510.0,513100
2013-11-25,1.108,1.125,1.125,1.108,11368.0,513100
2013-11-26,1.12,1.121,1.122,1.118,7120.0,513100
2013-11-27,1.126,1.133,1.133,1.126,12997.0,513100
2013-11-28,1.138,1.142,1.142,1.132,17144.0,513100
2013-11-29,1.142,1.137,1.142,1.135,6357.0,513100
2013-12-02,1.139,1.136,1.142,1.134,7841.0,513100
2013-12-03,1.136,1.131,1.138,1.13,10755.0,513100
2013-12-04,1.126,1.132,1.136,1.126,5978.0,513100
2013-12-05,1.134,1.132,1.134,1.131,3309.0,513100
2013-12-06,1.133,1.132,1.134,1.131,5406.0,513100
2013-12-09,1.138,1.144,1.144,1.138,8201.0,513100
2013-12-10,1.142,1.145,1.145,1.141,8917.0,513100
2013-12-11,1.143,1.135,1.143,1.135,7619.0,513100
2013-12-12,1.13,1.118,1.138,1.115,19511.0,513100
2013-12-13,1.117,1.122,1.125,1.117,5222.0,513100
2013-12-16,1.121,1.121,1.125,1.119,8668.0,513100
2013-12-17,1.126,1.128,1.128,1.126,5657.0,513100
2013-12-18,1.116,1.122,1.126,1.116,8246.0,513100
2013-12-19,1.133,1.136,1.14,1.133,12430.0,513100
2013-12-20,1.133,1.137,1.138,1.132,13211.0,513100
2013-12-23,1.148,1.155,1.155,1.145,12076.0,513100
2013-12-24,1.159,1.173,1.173,1.159,18928.0,513100
2013-12-25,1.174,1.175,1.179,1.167,7869.0,513100
2013-12-26,1.17,1.175,1.177,1.167,15008.0,513100
2013-12-27,1.178,1.179,1.187,1.176,11041.0,513100
2013-12-30,1.176,1.162,1.176,1.159,27174.0,513100
2013-12-31,1.16,1.163,1.163,1.153,10572.0,513100
2014-01-02,1.167,1.169,1.172,1.167,12136.0,513100
2014-01-03,1.16,1.161,1.161,1.156,14366.0,513100
2014-01-06,1.164,1.157,1.164,1.154,6839.0,513100
2014-01-07,1.156,1.156,1.157,1.152,10908.0,513100
2014-01-08,1.169,1.173,1.173,1.16,31803.0,513100
2014-01-09,1.173,1.172,1.174,1.17,6201.0,513100
2014-01-10,1.17,1.171,1.172,1.164,7862.0,513100
2014-01-13,1.17,1.17,1.172,1.169,7936.0,513100
2014-01-14,1.156,1.157,1.158,1.15,15859.0,513100
2014-01-15,1.168,1.168,1.176,1.16,12143.0,513100
2014-01-16,1.175,1.181,1.182,1.175,13292.0,513100
2014-01-17,1.176,1.183,1.185,1.176,6267.0,513100
2014-01-20,1.181,1.18,1.182,1.175,6925.0,513100
2014-01-21,1.179,1.182,1.183,1.177,6626.0,513100
2014-01-22,1.185,1.182,1.187,1.182,8345.0,513100
2014-01-23,1.188,1.191,1.194,1.185,13938.0,513100
2014-01-24,1.189,1.186,1.189,1.181,13957.0,513100
2014-01-27,1.174,1.162,1.174,1.155,23330.0,513100
2014-01-28,1.152,1.16,1.16,1.15,27161.0,513100
2014-01-29,1.162,1.174,1.186,1.159,12413.0,513100
2014-01-30,1.159,1.163,1.168,1.148,22096.0,513100
2014-02-07,1.162,1.16,1.162,1.147,23346.0,513100
2014-02-10,1.173,1.172,1.173,1.17,17294.0,513100
2014-02-11,1.173,1.171,1.177,1.169,13605.0,513100
2014-02-12,1.18,1.184,1.184,1.18,9994.0,513100
2014-02-13,1.183,1.177,1.183,1.177,15379.0,513100
2014-02-14,1.187,1.183,1.194,1.179,43957.0,513100
2014-02-17,1.184,1.187,1.189,1.181,20550.0,513100
2014-02-18,1.187,1.184,1.187,1.181,9688.0,513100
2014-02-19,1.184,1.196,1.197,1.184,19577.0,513100
2014-02-20,1.189,1.189,1.189,1.182,10586.0,513100
2014-02-21,1.192,1.203,1.204,1.192,14188.0,513100
2014-02-24,1.201,1.2,1.201,1.197,13607.0,513100
2014-02-25,1.203,1.215,1.215,1.203,18178.0,513100
2014-02-26,1.213,1.225,1.229,1.207,23129.0,513100
2014-02-27,1.223,1.227,1.228,1.21,19270.0,513100
2014-02-28,1.228,1.25,1.267,1.226,32266.0,513100
2014-03-03,1.245,1.239,1.246,1.204,32158.0,513100
2014-03-04,1.213,1.225,1.23,1.211,34161.0,513100
2014-03-05,1.241,1.24,1.242,1.228,36394.0,513100
2014-03-06,1.239,1.233,1.239,1.228,19007.0,513100
2014-03-07,1.23,1.231,1.236,1.226,19539.0,513100
2014-03-10,1.231,1.22,1.231,1.218,24600.0,513100
2014-03-11,1.218,1.221,1.221,1.218,10279.0,513100
2014-03-12,1.216,1.215,1.216,1.211,13137.0,513100
2014-03-13,1.221,1.219,1.221,1.217,8510.0,513100
2014-03-14,1.201,1.197,1.202,1.195,23596.0,513100
2014-03-17,1.192,1.189,1.193,1.185,35455.0,513100
2014-03-18,1.199,1.208,1.208,1.197,31495.0,513100
2014-03-19,1.22,1.226,1.226,1.22,27239.0,513100
2014-03-20,1.218,1.213,1.218,1.211,14233.0,513100
2014-03-21,1.216,1.22,1.22,1.215,16647.0,513100
2014-03-24,1.21,1.206,1.21,1.203,22448.0,513100
2014-03-25,1.193,1.197,1.197,1.191,19323.0,513100
2014-03-26,1.199,1.198,1.199,1.195,9598.0,513100
2014-03-27,1.181,1.179,1.184,1.176,23249.0,513100
2014-03-28,1.175,1.173,1.175,1.171,18869.0,513100
2014-03-31,1.174,1.176,1.176,1.174,10742.0,513100
2014-04-01,1.187,1.193,1.194,1.185,23031.0,513100
2014-04-02,1.209,1.214,1.216,1.208,26395.0,513100
2014-04-03,1.216,1.21,1.216,1.208,15342.0,513100
2014-04-04,1.197,1.199,1.199,1.194,16970.0,513100
2014-04-08,1.16,1.161,1.162,1.154,51052.0,513100
2014-04-09,1.168,1.168,1.172,1.161,34477.0,513100
2014-04-10,1.186,1.18,1.186,1.177,31855.0,513100
2014-04-11,1.149,1.142,1.149,1.14,53038.0,513100
2014-04-14,1.123,1.134,1.134,1.122,22656.0,513100
2014-04-15,1.136,1.139,1.141,1.136,19525.0,513100
2014-04-16,1.14,1.145,1.145,1.14,19870.0,513100
2014-04-17,1.153,1.155,1.16,1.153,13921.0,513100
2014-04-18,1.157,1.154,1.159,1.153,19289.0,513100
2014-04-21,1.154,1.157,1.159,1.154,4714.0,513100
2014-04-22,1.162,1.166,1.167,1.16,11561.0,513100
2014-04-23,1.175,1.173,1.178,1.173,10364.0,513100
2014-04-24,1.163,1.177,1.178,1.163,34554.0,513100
2014-04-25,1.176,1.177,1.177,1.174,12044.0,513100
2014-04-28,1.161,1.155,1.162,1.153,15812.0,513100
2014-04-29,1.16,1.159,1.161,1.157,5328.0,513100
2014-04-30,1.167,1.17,1.172,1.167,8673.0,513100
2014-05-05,1.171,1.174,1.174,1.17,10331.0,513100
2014-05-06,1.178,1.181,1.182,1.178,8772.0,513100
2014-05-07,1.163,1.164,1.166,1.161,7653.0,513100
2014-05-08,1.161,1.161,1.161,1.159,10247.0,513100
2014-05-09,1.161,1.159,1.161,1.156,7571.0,513100
2014-05-12,1.163,1.164,1.166,1.161,19955.0,513100
2014-05-13,1.18,1.186,1.187,1.18,31204.0,513100
2014-05-14,1.184,1.19,1.192,1.184,13752.0,513100
2014-05-15,1.18,1.186,1.186,1.18,7200.0,513100
2014-05-16,1.182,1.179,1.182,1.176,4668.0,513100
2014-05-19,1.18,1.182,1.184,1.18,6437.0,513100
2014-05-20,1.19,1.19,1.192,1.19,8992.0,513100
2014-05-21,1.189,1.183,1.189,1.182,6130.0,513100
2014-05-22,1.195,1.197,1.198,1.194,6706.0,513100
2014-05-23,1.199,1.202,1.202,1.199,6947.0,513100
2014-05-26,1.21,1.211,1.212,1.209,7108.0,513100
2014-05-27,1.212,1.216,1.216,1.212,8767.0,513100
2014-05-28,1.225,1.229,1.232,1.225,17779.0,513100
2014-05-29,1.231,1.224,1.231,1.22,16217.0,513100
2014-05-30,1.234,1.239,1.239,1.232,15164.0,513100
2014-06-03,1.236,1.236,1.236,1.231,7051.0,513100
2014-06-04,1.235,1.233,1.235,1.231,8067.0,513100
2014-06-05,1.24,1.242,1.242,1.237,6050.0,513100
2014-06-06,1.252,1.255,1.256,1.249,10705.0,513100
2014-06-09,1.261,1.256,1.261,1.253,9596.0,513100
2014-06-10,1.258,1.249,1.258,1.246,20233.0,513100
2014-06-11,1.249,1.255,1.255,1.249,16436.0,513100
2014-06-12,1.251,1.248,1.253,1.246,9239.0,513100
2014-06-13,1.24,1.241,1.243,1.238,23393.0,513100
2014-06-16,1.247,1.239,1.247,1.239,6603.0,513100
2014-06-17,1.242,1.243,1.246,1.241,5130.0,513100
2014-06-18,1.245,1.242,1.245,1.241,6058.0,513100
2014-06-19,1.246,1.257,1.258,1.246,11585.0,513100
2014-06-20,1.255,1.254,1.257,1.253,5307.0,513100
2014-06-23,1.26,1.256,1.26,1.253,6941.0,513100
2014-06-24,1.256,1.256,1.257,1.253,3803.0,513100
2014-06-25,1.25,1.254,1.255,1.247,13130.0,513100
2014-06-26,1.262,1.264,1.265,1.261,7528.0,513100
2014-06-27,1.264,1.268,1.268,1.26,9151.0,513100
2014-06-30,1.268,1.271,1.271,1.267,5872.0,513100
2014-07-01,1.272,1.273,1.273,1.269,8243.0,513100
2014-07-02,1.281,1.286,1.289,1.281,10776.0,513100
2014-07-03,1.286,1.288,1.288,1.285,3809.0,513100
2014-07-04,1.296,1.305,1.306,1.295,16494.0,513100
2014-07-07,1.305,1.308,1.308,1.291,8161.0,513100
2014-07-08,1.3,1.304,1.307,1.3,11949.0,513100
2014-07-09,1.295,1.284,1.295,1.277,19159.0,513100
2014-07-10,1.286,1.291,1.293,1.286,14402.0,513100
2014-07-11,1.284,1.281,1.285,1.28,13458.0,513100
2014-07-14,1.285,1.29,1.291,1.285,8315.0,513100
2014-07-15,1.297,1.301,1.302,1.295,11741.0,513100
2014-07-16,1.296,1.296,1.296,1.292,8692.0,513100
2014-07-17,1.298,1.3,1.3,1.297,4158.0,513100
2014-07-18,1.282,1.29,1.29,1.274,21013.0,513100
2014-07-21,1.298,1.302,1.302,1.297,16780.0,513100
2014-07-22,1.291,1.299,1.299,1.291,4539.0,513100
2014-07-23,1.303,1.304,1.305,1.3,10944.0,513100
2014-07-24,1.307,1.314,1.316,1.307,9310.0,513100
2014-07-25,1.311,1.311,1.312,1.309,7366.0,513100
2014-07-28,1.307,1.306,1.31,1.304,28626.0,513100
2014-07-29,1.305,1.304,1.305,1.299,21895.0,513100
2014-07-30,1.302,1.303,1.305,1.3,12328.0,513100
2014-07-31,1.308,1.308,1.31,1.304,9166.0,513100
2014-08-01,1.283,1.287,1.287,1.282,21511.0,513100
2014-08-04,1.281,1.286,1.286,1.28,7566.0,513100
2014-08-05,1.294,1.288,1.294,1.284,20065.0,513100
2014-08-06,1.28,1.279,1.281,1.278,8838.0,513100
2014-08-07,1.275,1.281,1.281,1.275,7038.0,513100
2014-08-08,1.278,1.272,1.278,1.271,11000.0,513100
2014-08-11,1.278,1.286,1.286,1.278,12731.0,513100
2014-08-12,1.293,1.29,1.293,1.289,7501.0,513100
2014-08-13,1.29,1.285,1.29,1.283,4139.0,513100
2014-08-14,1.293,1.302,1.302,1.293,11536.0,513100
2014-08-15,1.305,1.311,1.311,1.305,10429.0,513100
2014-08-18,1.316,1.309,1.316,1.308,11956.0,513100
2014-08-19,1.318,1.325,1.325,1.318,14823.0,513100
2014-08-20,1.328,1.333,1.333,1.328,9487.0,513100
2014-08-21,1.331,1.329,1.333,1.327,10830.0,513100
2014-08-22,1.334,1.333,1.334,1.331,5204.0,513100
2014-08-25,1.334,1.337,1.337,1.334,8391.0,513100
2014-08-26,1.34,1.348,1.348,1.34,10947.0,513100
2014-08-27,1.351,1.35,1.361,1.345,10391.0,513100
2014-08-28,1.346,1.344,1.346,1.342,7321.0,513100
2014-08-29,1.34,1.336,1.34,1.334,13792.0,513100
2014-09-01,1.34,1.345,1.347,1.34,8539.0,513100
2014-09-02,1.346,1.356,1.357,1.346,16585.0,513100
2014-09-03,1.357,1.36,1.365,1.355,11708.0,513100
2014-09-04,1.354,1.341,1.354,1.341,18443.0,513100
2014-09-05,1.341,1.339,1.341,1.337,9934.0,513100
2014-09-09,1.345,1.348,1.35,1.345,15961.0,513100
2014-09-10,1.335,1.34,1.34,1.331,11040.0,513100
2014-09-11,1.345,1.342,1.345,1.341,6426.0,513100
2014-09-12,1.346,1.341,1.346,1.341,6922.0,513100
2014-09-15,1.336,1.337,1.337,1.334,4774.0,513100
2014-09-16,1.329,1.322,1.329,1.321,9905.0,513100
2014-09-17,1.325,1.334,1.336,1.325,11559.0,513100
2014-09-18,1.339,1.338,1.339,1.336,3892.0,513100
2014-09-19,1.34,1.354,1.354,1.34,12770.0,513100
2014-09-22,1.35,1.346,1.35,1.345,4123.0,513100
2014-09-23,1.331,1.335,1.335,1.329,13854.0,513100
2014-09-24,1.33,1.326,1.33,1.323,19041.0,513100
2014-09-25,1.339,1.339,1.341,1.337,10037.0,513100
2014-09-26,1.314,1.313,1.314,1.312,12518.0,513100
2014-09-29,1.326,1.327,1.33,1.326,10408.0,513100
2014-09-30,1.327,1.325,1.327,1.323,22633.0,513100
2014-10-08,1.294,1.294,1.297,1.29,44776.0,513100
2014-10-09,1.312,1.314,1.322,1.312,26265.0,513100
2014-10-10,1.291,1.296,1.296,1.29,14552.0,513100
2014-10-13,1.268,1.278,1.278,1.267,26138.0,513100
2014-10-14,1.264,1.268,1.268,1.256,37904.0,513100
2014-10-15,1.268,1.268,1.272,1.262,17393.0,513100
2014-10-16,1.264,1.265,1.275,1.254,20679.0,513100
2014-10-17,1.266,1.256,1.266,1.251,28307.0,513100
2014-10-20,1.262,1.265,1.265,1.26,19692.0,513100
2014-10-21,1.276,1.276,1.277,1.275,21010.0,513100
2014-10-22,1.3,1.307,1.307,1.298,42897.0,513100
2014-10-23,1.301,1.299,1.301,1.296,18594.0,513100
2014-10-24,1.31,1.31,1.313,1.31,16699.0,513100
2014-10-27,1.317,1.324,1.325,1.316,18008.0,513100
2014-10-28,1.324,1.319,1.327,1.319,19935.0,513100
2014-10-29,1.334,1.334,1.342,1.334,18827.0,513100
2014-10-30,1.329,1.334,1.334,1.324,20367.0,513100
2014-10-31,1.338,1.347,1.347,1.338,17248.0,513100
2014-11-03,1.361,1.357,1.361,1.357,7248.0,513100
2014-11-04,1.334,1.359,1.362,1.334,10713.0,513100
2014-11-05,1.353,1.354,1.357,1.352,9693.0,513100
2014-11-06,1.352,1.354,1.357,1.352,7712.0,513100
2014-11-07,1.357,1.363,1.363,1.357,10171.0,513100
2014-11-10,1.362,1.363,1.367,1.362,7846.0,513100
2014-11-11,1.365,1.363,1.365,1.36,11175.0,513100
2014-11-12,1.365,1.362,1.365,1.36,5494.0,513100
2014-11-13,1.363,1.364,1.367,1.363,11191.0,513100
2014-11-14,1.363,1.365,1.373,1.363,10380.0,513100
2014-11-17,1.366,1.368,1.374,1.366,10473.0,513100
2014-11-18,1.365,1.368,1.369,1.365,7818.0,513100
2014-11-19,1.371,1.385,1.385,1.371,8909.0,513100
2014-11-20,1.379,1.372,1.379,1.37,4407.0,513100
2014-11-21,1.374,1.378,1.381,1.374,5325.0,513100
2014-11-24,1.378,1.37,1.381,1.368,36257.0,513100
2014-11-25,1.379,1.383,1.392,1.379,15496.0,513100
2014-11-26,1.383,1.389,1.391,1.383,6565.0,513100
2014-11-27,1.395,1.4,1.403,1.395,9271.0,513100
2014-11-28,1.4,1.4,1.401,1.397,11997.0,513100
2014-12-01,1.4,1.398,1.407,1.396,21956.0,513100
2014-12-02,1.38,1.382,1.39,1.379,24026.0,513100
2014-12-03,1.384,1.395,1.397,1.384,8678.0,513100
2014-12-04,1.398,1.397,1.4,1.394,11289.0,513100
2014-12-05,1.39,1.39,1.399,1.38,14704.0,513100
2014-12-08,1.393,1.391,1.398,1.388,15110.0,513100
2014-12-09,1.381,1.373,1.385,1.372,19332.0,513100
2014-12-10,1.373,1.394,1.394,1.373,9877.0,513100
2014-12-11,1.374,1.364,1.374,1.362,10315.0,513100
2014-12-12,1.372,1.365,1.372,1.359,29378.0,513100
2014-12-15,1.356,1.353,1.357,1.352,9280.0,513100
2014-12-16,1.341,1.35,1.35,1.341,19368.0,513100
2014-12-17,1.343,1.33,1.343,1.325,24831.0,513100
2014-12-18,1.355,1.362,1.362,1.351,42033.0,513100
2014-12-19,1.393,1.403,1.403,1.392,32558.0,513100
2014-12-22,1.407,1.397,1.408,1.391,23873.0,513100
2014-12-23,1.398,1.4,1.401,1.395,8516.0,513100
2014-12-24,1.396,1.395,1.399,1.391,14096.0,513100
2014-12-25,1.396,1.395,1.396,1.393,5747.0,513100
2014-12-26,1.395,1.394,1.395,1.391,4774.0,513100
2014-12-29,1.397,1.404,1.406,1.397,12453.0,513100
2014-12-30,1.402,1.401,1.403,1.398,8769.0,513100
2014-12-31,1.39,1.392,1.392,1.38,11066.0,513100
2015-01-05,1.385,1.367,1.385,1.363,32278.0,513100
2015-01-06,1.355,1.349,1.355,1.345,15843.0,513100
2015-01-07,1.338,1.351,1.351,1.332,26476.0,513100
2015-01-08,1.365,1.37,1.371,1.354,27899.0,513100
2015-01-09,1.386,1.389,1.39,1.383,22922.0,513100
2015-01-12,1.374,1.378,1.386,1.374,18949.0,513100
2015-01-13,1.365,1.36,1.365,1.356,11534.0,513100
2015-01-14,1.364,1.353,1.364,1.352,10951.0,513100
2015-01-15,1.351,1.352,1.352,1.345,15198.0,513100
2015-01-16,1.333,1.35,1.35,1.331,33309.0,513100
2015-01-19,1.358,1.339,1.379,1.336,112122.0,513100
2015-01-20,1.345,1.349,1.353,1.343,42752.0,513100
2015-01-21,1.351,1.359,1.363,1.351,49551.0,513100
2015-01-22,1.359,1.373,1.377,1.359,80119.0,513100
2015-01-23,1.404,1.394,1.405,1.392,65953.0,513100
2015-01-26,1.387,1.393,1.398,1.387,35858.0,513100
2015-01-27,1.393,1.394,1.398,1.393,45222.0,513100
2015-01-28,1.366,1.372,1.373,1.361,27976.0,513100
2015-01-29,1.351,1.354,1.358,1.35,21375.0,513100
2015-01-30,1.363,1.371,1.371,1.363,23014.0,513100
2015-02-02,1.36,1.357,1.36,1.35,13127.0,513100
2015-02-03,1.369,1.367,1.371,1.367,13859.0,513100
2015-02-04,1.38,1.381,1.382,1.378,57454.0,513100
2015-02-05,1.378,1.376,1.378,1.373,8492.0,513100
2015-02-06,1.388,1.387,1.39,1.386,86013.0,513100
2015-02-09,1.382,1.373,1.382,1.37,15009.0,513100
2015-02-10,1.368,1.367,1.371,1.365,13944.0,513100
2015-02-11,1.378,1.385,1.391,1.378,266912.0,513100
2015-02-12,1.389,1.393,1.395,1.389,1433268.0,513100
2015-02-13,1.404,1.419,1.42,1.403,1918706.0,513100
2015-02-16,1.43,1.435,1.45,1.421,515815.0,513100
2015-02-17,1.435,1.437,1.437,1.426,284719.0,513100
2015-02-25,1.45,1.45,1.471,1.45,424704.0,513100
2015-02-26,1.451,1.444,1.452,1.444,1267520.0,513100
2015-02-27,1.447,1.449,1.452,1.447,589919.0,513100
2015-03-02,1.452,1.452,1.452,1.444,175225.0,513100
2015-03-03,1.466,1.474,1.475,1.462,635701.0,513100
2015-03-04,1.472,1.468,1.472,1.46,425621.0,513100
2015-03-05,1.46,1.457,1.462,1.456,213623.0,513100
2015-03-06,1.462,1.463,1.465,1.459,1006047.0,513100
2015-03-09,1.444,1.449,1.454,1.443,1766424.0,513100
2015-03-10,1.445,1.45,1.455,1.445,1501686.0,513100
2015-03-11,1.439,1.426,1.439,1.348,1421103.0,513100
2015-03-12,1.424,1.424,1.424,1.417,1022097.0,513100
2015-03-13,1.44,1.431,1.44,1.428,2033914.0,513100
2015-03-16,1.43,1.427,1.43,1.419,506968.0,513100
2015-03-17,1.442,1.441,1.442,1.434,727233.0,513100
2015-03-18,1.444,1.44,1.445,1.44,2118867.0,513100
2015-03-19,1.449,1.455,1.458,1.447,1222323.0,513100
2015-03-20,1.458,1.454,1.458,1.45,2803842.0,513100
2015-03-23,1.46,1.46,1.465,1.46,2220670.0,513100
2015-03-24,1.454,1.458,1.462,1.454,6556156.0,513100
2015-03-25,1.456,1.46,1.463,1.45,2262187.0,513100
2015-03-26,1.436,1.439,1.439,1.424,332748.0,513100
2015-03-27,1.433,1.439,1.441,1.42,221261.0,513100
2015-03-30,1.439,1.432,1.439,1.425,2180187.0,513100
2015-03-31,1.445,1.437,1.445,1.435,645669.0,513100
2015-04-01,1.427,1.415,1.427,1.413,570117.0,513100
2015-04-02,1.411,1.412,1.414,1.408,1007577.0,513100
2015-04-03,1.413,1.416,1.416,1.412,1542798.0,513100
2015-04-07,1.424,1.42,1.424,1.416,1753758.0,513100
2015-04-08,1.418,1.415,1.418,1.411,1674063.0,513100
2015-04-09,1.416,1.421,1.422,1.416,813341.0,513100
2015-04-10,1.424,1.431,1.432,1.424,1001054.0,513100
2015-04-13,1.436,1.431,1.437,1.429,954901.0,513100
2015-04-14,1.429,1.426,1.436,1.424,704484.0,513100
2015-04-15,1.423,1.43,1.432,1.423,430115.0,513100
2015-04-16,1.433,1.439,1.44,1.433,354527.0,513100
2015-04-17,1.439,1.438,1.439,1.432,362377.0,513100
2015-04-20,1.421,1.416,1.421,1.411,689840.0,513100
2015-04-21,1.429,1.429,1.435,1.429,724518.0,513100
2015-04-22,1.431,1.434,1.44,1.431,849810.0,513100
2015-04-23,1.439,1.439,1.442,1.438,470916.0,513100
2015-04-24,1.444,1.462,1.462,1.444,834038.0,513100
2015-04-27,1.47,1.477,1.481,1.47,871685.0,513100
2015-04-28,1.473,1.467,1.473,1.466,677822.0,513100
2015-04-29,1.466,1.467,1.468,1.462,1069000.0,513100
2015-04-30,1.46,1.458,1.46,1.454,794765.0,513100
2015-05-04,1.46,1.457,1.46,1.454,630421.0,513100
2015-05-05,1.458,1.456,1.458,1.454,479529.0,513100
2015-05-06,1.443,1.437,1.443,1.429,687256.0,513100
2015-05-07,1.43,1.435,1.437,1.418,935144.0,513100
2015-05-08,1.438,1.45,1.451,1.435,570436.0,513100
2015-05-11,1.458,1.457,1.459,1.454,556032.0,513100
2015-05-12,1.457,1.453,1.457,1.445,582815.0,513100
2015-05-13,1.45,1.45,1.451,1.441,396001.0,513100
2015-05-14,1.447,1.456,1.457,1.443,781703.0,513100
2015-05-15,1.469,1.464,1.48,1.463,609142.0,513100
2015-05-18,1.464,1.46,1.466,1.459,1303487.0,513100
2015-05-19,1.468,1.462,1.468,1.461,716347.0,513100
2015-05-20,1.46,1.453,1.461,1.453,1131778.0,513100
2015-05-21,1.453,1.46,1.461,1.453,602463.0,513100
2015-05-22,1.462,1.468,1.471,1.461,903106.0,513100
2015-05-25,1.464,1.468,1.47,1.451,1592537.0,513100
2015-05-26,1.47,1.466,1.471,1.465,1101618.0,513100
2015-05-27,1.461,1.454,1.461,1.448,949398.0,513100
2015-05-28,1.461,1.481,1.5,1.461,869207.0,513100
2015-05-29,1.479,1.475,1.479,1.469,477744.0,513100
2015-06-01,1.469,1.467,1.469,1.457,926425.0,513100
2015-06-02,1.468,1.468,1.471,1.465,690954.0,513100
2015-06-03,1.455,1.459,1.464,1.455,1334365.0,513100
2015-06-04,1.46,1.465,1.469,1.46,2067455.0,513100
2015-06-05,1.465,1.464,1.465,1.451,91456.0,513100
2015-06-08,1.464,1.458,1.464,1.452,1722212.0,513100
2015-06-09,1.456,1.449,1.456,1.441,1612868.0,513100
2015-06-10,1.45,1.452,1.452,1.444,1320957.0,513100
2015-06-11,1.462,1.46,1.465,1.46,1467603.0,513100
2015-06-12,1.46,1.46,1.463,1.441,960485.0,513100
2015-06-15,1.456,1.456,1.458,1.448,996485.0,513100
2015-06-16,1.469,1.45,1.469,1.443,1413050.0,513100
2015-06-17,1.458,1.446,1.46,1.445,1529173.0,513100
2015-06-18,1.455,1.441,1.455,1.44,1784701.0,513100
2015-06-19,1.459,1.462,1.465,1.458,906990.0,513100
2015-06-23,1.465,1.485,1.493,1.465,1341645.0,513100
2015-06-24,1.488,1.481,1.49,1.478,1634978.0,513100
2015-06-25,1.48,1.471,1.48,1.464,1037874.0,513100
2015-06-26,1.471,1.47,1.471,1.465,317604.0,513100
2015-06-29,1.463,1.456,1.463,1.455,1783501.0,513100
2015-06-30,1.44,1.44,1.441,1.423,2265427.0,513100
2015-07-01,1.44,1.44,1.441,1.436,280860.0,513100
2015-07-02,1.442,1.447,1.451,1.442,232849.0,513100
2015-07-03,1.447,1.443,1.449,1.431,261510.0,513100
2015-07-06,1.443,1.414,1.448,1.41,133805.0,513100
2015-07-07,1.421,1.419,1.424,1.383,296971.0,513100
2015-07-08,1.413,1.38,1.425,1.3,213855.0,513100
2015-07-09,1.37,1.382,1.447,1.342,188516.0,513100
2015-07-10,1.381,1.386,1.43,1.375,203361.0,513100
2015-07-13,1.401,1.4,1.406,1.394,346137.0,513100
2015-07-14,1.419,1.441,1.45,1.411,201065.0,513100
2015-07-15,1.451,1.462,1.468,1.451,67307.0,513100
2015-07-16,1.466,1.439,1.466,1.4,212281.0,513100
2015-07-17,1.461,1.475,1.48,1.458,73406.0,513100
2015-07-20,1.48,1.508,1.53,1.48,105041.0,513100
2015-07-21,1.523,1.525,1.529,1.502,150633.0,513100
2015-07-22,1.512,1.507,1.512,1.503,213903.0,513100
2015-07-23,1.5,1.51,1.51,1.498,180351.0,513100
2015-07-24,1.5,1.498,1.511,1.496,299421.0,513100
2015-07-27,1.488,1.478,1.49,1.477,311780.0,513100
2015-07-28,1.476,1.472,1.476,1.464,160155.0,513100
2015-07-29,1.481,1.499,1.505,1.481,13536.0,513100
2015-07-30,1.503,1.52,1.521,1.503,118336.0,513100
2015-07-31,1.54,1.526,1.541,1.521,262460.0,513100
2015-08-03,1.53,1.528,1.538,1.515,141210.0,513100
2015-08-04,1.528,1.511,1.528,1.51,179828.0,513100
2015-08-05,1.51,1.502,1.51,1.501,174129.0,513100
2015-08-06,1.507,1.52,1.522,1.507,196342.0,513100
2015-08-07,1.518,1.497,1.518,1.493,241890.0,513100
2015-08-10,1.498,1.49,1.5,1.49,119985.0,513100
2015-08-11,1.504,1.564,1.565,1.502,196361.0,513100
2015-08-12,1.532,1.529,1.56,1.513,162506.0,513100
2015-08-13,1.523,1.544,1.55,1.523,191513.0,513100
2015-08-14,1.545,1.552,1.553,1.535,205647.0,513100
2015-08-17,1.553,1.557,1.558,1.549,180015.0,513100
2015-08-18,1.566,1.577,1.598,1.566,219903.0,513100
2015-08-19,1.568,1.558,1.57,1.546,358177.0,513100
2015-08-20,1.555,1.537,1.555,1.53,222228.0,513100
2015-08-21,1.498,1.487,1.499,1.485,133344.0,513100
2015-08-24,1.405,1.375,1.425,1.364,59791.0,513100
2015-08-25,1.339,1.378,1.387,1.339,29306.0,513100
2015-08-26,1.389,1.384,1.403,1.36,178534.0,513100
2015-08-27,1.43,1.448,1.45,1.43,134620.0,513100
2015-08-28,1.482,1.48,1.484,1.46,188064.0,513100
2015-08-31,1.478,1.468,1.478,1.467,83317.0,513100
2015-09-01,1.456,1.426,1.46,1.425,206200.0,513100
2015-09-02,1.403,1.427,1.428,1.391,198657.0,513100
2015-09-07,1.428,1.419,1.429,1.412,191626.0,513100
2015-09-08,1.426,1.46,1.469,1.42,115639.0,513100
2015-09-09,1.477,1.471,1.478,1.463,88611.0,513100
2015-09-10,1.46,1.442,1.464,1.43,96692.0,513100
2015-09-11,1.45,1.466,1.467,1.45,87286.0,513100
2015-09-14,1.477,1.464,1.477,1.464,9024.0,513100
2015-09-15,1.464,1.439,1.464,1.438,3010.0,513100
2015-09-16,1.461,1.476,1.477,1.461,123296.0,513100
2015-09-17,1.48,1.478,1.489,1.478,114622.0,513100
2015-09-18,1.475,1.479,1.482,1.475,118963.0,513100
2015-09-21,1.458,1.461,1.461,1.452,8664.0,513100
2015-09-22,1.462,1.468,1.469,1.462,4069.0,513100
2015-09-23,1.45,1.446,1.45,1.436,11850.0,513100
2015-09-24,1.445,1.446,1.447,1.444,2458.0,513100
2015-09-25,1.44,1.45,1.45,1.44,6826.0,513100
2015-09-28,1.44,1.434,1.44,1.428,8408.0,513100
2015-09-29,1.4,1.393,1.4,1.381,15435.0,513100
2015-09-30,1.383,1.394,1.394,1.38,31790.0,513100
2015-10-08,1.451,1.443,1.458,1.431,37169.0,513100
2015-10-09,1.443,1.45,1.452,1.443,13281.0,513100
2015-10-12,1.452,1.461,1.461,1.452,8623.0,513100
2015-10-13,1.461,1.459,1.465,1.455,9190.0,513100
2015-10-14,1.445,1.451,1.454,1.437,16231.0,513100
2015-10-15,1.442,1.46,1.462,1.442,54392.0,513100
2015-10-16,1.472,1.484,1.484,1.472,9658.0,513100
2015-10-19,1.484,1.485,1.488,1.482,12171.0,513100
2015-10-20,1.485,1.495,1.497,1.485,7401.0,513100
2015-10-21,1.496,1.488,1.496,1.487,4383.0,513100
2015-10-22,1.486,1.484,1.486,1.473,8304.0,513100
2015-10-23,1.51,1.531,1.539,1.51,35495.0,513100
2015-10-26,1.568,1.549,1.568,1.549,9921.0,513100
2015-10-27,1.552,1.542,1.563,1.542,6536.0,513100
2015-10-28,1.542,1.553,1.556,1.541,12953.0,513100
2015-10-29,1.565,1.56,1.565,1.559,6381.0,513100
2015-10-30,1.56,1.569,1.569,1.56,4765.0,513100
2015-11-02,1.564,1.552,1.565,1.552,4849.0,513100
2015-11-03,1.569,1.575,1.576,1.568,10203.0,513100
2015-11-04,1.579,1.58,1.58,1.574,8059.0,513100
2015-11-05,1.58,1.579,1.58,1.572,2901.0,513100
2015-11-06,1.579,1.574,1.579,1.571,5250.0,513100
2015-11-09,1.575,1.583,1.583,1.574,17116.0,513100
2015-11-10,1.558,1.563,1.567,1.558,11904.0,513100
2015-11-11,1.558,1.558,1.561,1.556,4564.0,513100
2015-11-12,1.554,1.559,1.563,1.553,3834.0,513100
2015-11-13,1.541,1.543,1.549,1.541,5209.0,513100
2015-11-16,1.525,1.516,1.525,1.505,17203.0,513100
2015-11-17,1.536,1.552,1.552,1.536,14622.0,513100
2015-11-18,1.55,1.548,1.55,1.542,3486.0,513100
2015-11-19,1.564,1.583,1.583,1.564,12710.0,513100
2015-11-20,1.583,1.581,1.585,1.574,4783.0,513100
2015-11-23,1.582,1.587,1.59,1.582,5817.0,513100
2015-11-24,1.587,1.586,1.589,1.581,1872.0,513100
2015-11-25,1.581,1.58,1.584,1.577,5273.0,513100
2015-11-26,1.584,1.581,1.585,1.578,5425.0,513100
2015-11-27,1.578,1.584,1.588,1.578,7349.0,513100
2015-11-30,1.582,1.583,1.588,1.582,3404.0,513100
2015-12-01,1.59,1.582,1.59,1.581,4470.0,513100
2015-12-02,1.588,1.605,1.605,1.588,7598.0,513100
2015-12-03,1.601,1.593,1.601,1.589,4744.0,513100
2015-12-04,1.58,1.572,1.58,1.567,9255.0,513100
2015-12-07,1.6,1.604,1.61,1.598,11511.0,513100
2015-12-08,1.598,1.598,1.599,1.594,9640.0,513100
2015-12-09,1.593,1.6,1.6,1.593,6626.0,513100
2015-12-10,1.595,1.582,1.595,1.572,6158.0,513100
2015-12-11,1.583,1.585,1.591,1.582,6338.0,513100
2015-12-14,1.567,1.56,1.567,1.55,10929.0,513100
2015-12-15,1.561,1.572,1.572,1.561,5090.0,513100
2015-12-16,1.589,1.585,1.592,1.58,9002.0,513100
2015-12-17,1.599,1.611,1.659,1.599,19388.0,513100
2015-12-18,1.589,1.585,1.597,1.578,9709.0,513100
2015-12-21,1.57,1.574,1.578,1.556,19344.0,513100
2015-12-22,1.588,1.574,1.588,1.571,4598.0,513100
2015-12-23,1.579,1.578,1.583,1.577,5234.0,513100
2015-12-24,1.584,1.588,1.589,1.578,6941.0,513100
2015-12-25,1.588,1.581,1.588,1.5,22268.0,513100
2015-12-28,1.581,1.575,1.59,1.572,5519.0,513100
2015-12-29,1.578,1.582,1.585,1.578,4217.0,513100
2015-12-30,1.6,1.607,1.612,1.599,12237.0,513100
2015-12-31,1.605,1.617,1.617,1.593,7182.0,513100
2016-01-04,1.617,1.592,1.617,1.584,12030.0,513100
2016-01-05,1.585,1.57,1.585,1.556,36685.0,513100
2016-01-06,1.568,1.578,1.593,1.557,26134.0,513100
2016-01-07,1.564,1.56,1.564,1.558,1001.0,513100
2016-01-08,1.53,1.536,1.554,1.516,35515.0,513100
2016-01-11,1.529,1.522,1.53,1.515,15380.0,513100
2016-01-12,1.522,1.512,1.53,1.505,14085.0,513100
2016-01-13,1.513,1.525,1.525,1.513,8878.0,513100
2016-01-14,1.5,1.497,1.5,1.418,32467.0,513100
2016-01-15,1.506,1.48,1.51,1.479,26221.0,513100
2016-01-18,1.45,1.464,1.467,1.443,35063.0,513100
2016-01-19,1.453,1.487,1.495,1.45,12536.0,513100
2016-01-20,1.471,1.45,1.471,1.443,16458.0,513100
2016-01-21,1.45,1.43,1.459,1.429,20298.0,513100
2016-01-22,1.441,1.456,1.459,1.441,19666.0,513100
2016-01-25,1.47,1.487,1.489,1.47,12059.0,513100
2016-01-26,1.452,1.431,1.46,1.43,12740.0,513100
2016-01-27,1.462,1.453,1.468,1.441,31242.0,513100
2016-01-28,1.438,1.438,1.445,1.431,12592.0,513100
2016-01-29,1.45,1.458,1.459,1.445,13867.0,513100
2016-02-01,1.471,1.485,1.487,1.471,11636.0,513100
2016-02-02,1.49,1.488,1.49,1.482,5966.0,513100
2016-02-03,1.456,1.458,1.465,1.451,18312.0,513100
2016-02-04,1.457,1.466,1.466,1.457,11860.0,513100
2016-02-05,1.461,1.481,1.5,1.456,31567.0,513100
2016-02-15,1.438,1.459,1.479,1.43,14134.0,513100
2016-02-16,1.461,1.464,1.47,1.458,19133.0,513100
2016-02-17,1.471,1.453,1.479,1.444,22522.0,513100
2016-02-18,1.467,1.457,1.47,1.456,19298.0,513100
2016-02-19,1.453,1.446,1.453,1.439,12987.0,513100
2016-02-22,1.446,1.451,1.456,1.446,11784.0,513100
2016-02-23,1.46,1.458,1.46,1.456,8621.0,513100
2016-02-24,1.442,1.443,1.446,1.442,6406.0,513100
2016-02-25,1.451,1.453,1.464,1.451,12981.0,513100
2016-02-26,1.464,1.472,1.474,1.463,13488.0,513100
2016-02-29,1.48,1.463,1.48,1.463,10249.0,513100
2016-03-01,1.463,1.459,1.47,1.452,7703.0,513100
2016-03-02,1.495,1.515,1.516,1.491,23707.0,513100
2016-03-03,1.51,1.515,1.52,1.509,13467.0,513100
2016-03-04,1.517,1.508,1.518,1.503,13476.0,513100
2016-03-07,1.519,1.508,1.519,1.5,7702.0,513100
2016-03-08,1.5,1.488,1.5,1.487,7551.0,513100
2016-03-09,1.479,1.469,1.479,1.462,11622.0,513100
2016-03-10,1.473,1.482,1.484,1.473,6812.0,513100
2016-03-11,1.482,1.482,1.483,1.474,5888.0,513100
2016-03-14,1.508,1.505,1.508,1.501,8718.0,513100
2016-03-15,1.505,1.505,1.506,1.5,5752.0,513100
2016-03-16,1.502,1.501,1.508,1.501,778233.0,513100
2016-03-17,1.509,1.515,1.518,1.505,13132.0,513100
2016-03-18,1.516,1.514,1.516,1.512,8355.0,513100
2016-03-21,1.516,1.51,1.516,1.48,10633.0,513100
2016-03-22,1.513,1.511,1.516,1.507,164493.0,513100
2016-03-23,1.519,1.523,1.527,1.519,374393.0,513100
2016-03-24,1.515,1.509,1.515,1.508,9917.0,513100
2016-03-25,1.512,1.516,1.523,1.51,5429.0,513100
2016-03-28,1.516,1.522,1.522,1.513,13282.0,513100
2016-03-29,1.515,1.515,1.523,1.514,11236.0,513100
2016-03-30,1.529,1.533,1.538,1.529,6770.0,513100
2016-03-31,1.534,1.535,1.539,1.534,5149.0,513100
2016-04-01,1.535,1.527,1.535,1.527,5816.0,513100
2016-04-05,1.531,1.536,1.538,1.528,19459.0,513100
2016-04-06,1.533,1.536,1.538,1.523,18702.0,513100
2016-04-07,1.552,1.553,1.562,1.552,12118.0,513100
2016-04-08,1.552,1.536,1.552,1.53,11126.0,513100
2016-04-11,1.536,1.533,1.54,1.53,6142.0,513100
2016-04-12,1.532,1.522,1.532,1.52,32411.0,513100
2016-04-13,1.53,1.532,1.533,1.53,7031.0,513100
2016-04-14,1.546,1.549,1.551,1.546,9895.0,513100
2016-04-15,1.55,1.554,1.555,1.546,5488.0,513100
2016-04-18,1.553,1.55,1.554,1.549,4848.0,513100
2016-04-19,1.556,1.556,1.557,1.554,4561.0,513100
2016-04-20,1.555,1.546,1.555,1.54,10191.0,513100
2016-04-21,1.546,1.551,1.551,1.542,8598.0,513100
2016-04-22,1.557,1.547,1.563,1.542,8221.0,513100
2016-04-25,1.533,1.534,1.534,1.526,12954.0,513100
2016-04-26,1.534,1.533,1.534,1.53,3577.0,513100
2016-04-27,1.523,1.522,1.53,1.52,14103.0,513100
2016-04-28,1.519,1.519,1.52,1.515,12107.0,513100
2016-04-29,1.509,1.505,1.509,1.495,14595.0,513100
2016-05-03,1.505,1.507,1.508,1.5,13271.0,513100
2016-05-04,1.494,1.495,1.5,1.492,18375.0,513100
2016-05-05,1.487,1.49,1.49,1.486,9257.0,513100
2016-05-06,1.49,1.494,1.494,1.488,5945.0,513100
2016-05-09,1.494,1.503,1.503,1.494,9515.0,513100
2016-05-10,1.503,1.503,1.505,1.5,8396.0,513100
2016-05-11,1.515,1.524,1.524,1.515,11412.0,513100
2016-05-12,1.509,1.51,1.511,1.506,6905.0,513100
2016-05-13,1.509,1.498,1.509,1.498,7601.0,513100
2016-05-16,1.498,1.499,1.5,1.494,4213.0,513100
2016-05-17,1.508,1.516,1.518,1.508,7267.0,513100
2016-05-18,1.497,1.498,1.499,1.495,6753.0,513100
2016-05-19,1.504,1.501,1.504,1.5,3329.0,513100
2016-05-20,1.498,1.502,1.502,1.498,3675.0,513100
2016-05-23,1.51,1.513,1.517,1.51,3934.0,513100
2016-05-24,1.513,1.513,1.514,1.51,2460.0,513100
2016-05-25,1.532,1.54,1.54,1.532,15487.0,513100
2016-05-26,1.545,1.546,1.55,1.545,11560.0,513100
2016-05-27,1.549,1.553,1.557,1.549,34329.0,513100
2016-05-30,1.555,1.568,1.57,1.555,26516.0,513100
2016-05-31,1.568,1.576,1.579,1.568,7158.0,513100
2016-06-01,1.577,1.577,1.582,1.576,7217.0,513100
2016-06-02,1.571,1.571,1.576,1.57,9238.0,513100
2016-06-03,1.575,1.571,1.576,1.569,7205.0,513100
2016-06-06,1.565,1.56,1.565,1.56,10679.0,513100
2016-06-07,1.57,1.566,1.571,1.562,7630.0,513100
2016-06-08,1.565,1.56,1.565,1.56,7914.0,513100
2016-06-13,1.555,1.54,1.555,1.536,18178.0,513100
2016-06-14,1.538,1.539,1.541,1.533,5503.0,513100
2016-06-15,1.539,1.55,1.55,1.536,6008.0,513100
2016-06-16,1.548,1.548,1.548,1.541,2752.0,513100
2016-06-17,1.548,1.55,1.554,1.546,5848.0,513100
2016-06-20,1.55,1.554,1.555,1.537,3768.0,513100
2016-06-21,1.556,1.546,1.561,1.538,15176.0,513100
2016-06-22,1.548,1.541,1.548,1.541,2613.0,513100
2016-06-23,1.546,1.544,1.551,1.541,3385.0,513100
2016-06-24,1.554,1.53,1.559,1.5,28372.0,513100
2016-06-27,1.509,1.525,1.53,1.492,21320.0,513100
2016-06-28,1.511,1.522,1.523,1.495,18593.0,513100
2016-06-29,1.53,1.525,1.534,1.521,32170.0,513100
2016-06-30,1.534,1.537,1.538,1.532,20421.0,513100
2016-07-01,1.545,1.55,1.554,1.545,34830.0,513100
2016-07-04,1.552,1.557,1.56,1.548,23100.0,513100
2016-07-05,1.556,1.555,1.556,1.551,3154.0,513100
2016-07-06,1.55,1.551,1.552,1.545,14228.0,513100
2016-07-07,1.559,1.568,1.569,1.557,30665.0,513100
2016-07-08,1.57,1.567,1.575,1.566,12655.0,513100
2016-07-11,1.584,1.597,1.597,1.584,22360.0,513100
2016-07-12,1.599,1.603,1.607,1.599,26557.0,513100
2016-07-13,1.609,1.61,1.615,1.609,6684.0,513100
2016-07-14,1.608,1.608,1.612,1.606,17119.0,513100
2016-07-15,1.612,1.621,1.623,1.612,9078.0,513100
2016-07-18,1.62,1.619,1.62,1.613,10026.0,513100
2016-07-19,1.623,1.633,1.633,1.623,19642.0,513100
2016-07-20,1.632,1.631,1.632,1.625,7922.0,513100
2016-07-21,1.643,1.644,1.649,1.641,13918.0,513100
2016-07-22,1.646,1.637,1.646,1.637,4156.0,513100
2016-07-25,1.642,1.643,1.655,1.641,5282.0,513100
2016-07-26,1.642,1.647,1.648,1.637,4856.0,513100
2016-07-27,1.648,1.649,1.651,1.645,7657.0,513100
2016-07-28,1.651,1.656,1.656,1.651,5389.0,513100
2016-07-29,1.659,1.665,1.665,1.659,10556.0,513100
2016-08-01,1.742,1.67,1.742,1.665,8502.0,513100
2016-08-02,1.671,1.678,1.684,1.671,7009.0,513100
2016-08-03,1.663,1.654,1.664,1.654,15101.0,513100
2016-08-04,1.66,1.656,1.662,1.653,5361.0,513100
2016-08-05,1.66,1.668,1.669,1.66,9810.0,513100
2016-08-08,1.678,1.688,1.729,1.678,6481.0,513100
2016-08-09,1.685,1.695,1.695,1.681,6002.0,513100
2016-08-10,1.704,1.7,1.707,1.692,15062.0,513100
2016-08-11,1.7,1.693,1.7,1.688,8184.0,513100
2016-08-12,1.697,1.702,1.706,1.694,15216.0,513100
2016-08-15,1.701,1.698,1.702,1.69,7421.0,513100
2016-08-16,1.708,1.702,1.713,1.699,4867.0,513100
2016-08-17,1.698,1.688,1.698,1.685,7073.0,513100
2016-08-18,1.69,1.692,1.693,1.686,5052.0,513100
2016-08-19,1.692,1.691,1.692,1.688,4132.0,513100
2016-08-22,1.689,1.691,1.694,1.687,3252.0,513100
2016-08-23,1.694,1.703,1.703,1.694,2872.0,513100
2016-08-24,1.705,1.707,1.708,1.703,5294.0,513100
2016-08-25,1.698,1.695,1.698,1.686,8316.0,513100
2016-08-26,1.695,1.699,1.699,1.695,4639.0,513100
2016-08-29,1.699,1.694,1.699,1.69,2577.0,513100
2016-08-30,1.698,1.703,1.704,1.698,4725.0,513100
2016-08-31,1.703,1.693,1.703,1.691,6585.0,513100
2016-09-01,1.693,1.695,1.696,1.688,2566.0,513100
2016-09-02,1.694,1.694,1.695,1.691,1615.0,513100
2016-09-05,1.709,1.704,1.709,1.698,7880.0,513100
2016-09-06,1.704,1.71,1.711,1.701,7666.0,513100
2016-09-07,1.719,1.722,1.722,1.71,6806.0,513100
2016-09-08,1.722,1.717,1.728,1.71,16002.0,513100
2016-09-09,1.714,1.715,1.715,1.703,3943.0,513100
2016-09-12,1.68,1.661,1.685,1.651,20825.0,513100
2016-09-13,1.686,1.685,1.695,1.682,9490.0,513100
2016-09-14,1.667,1.672,1.674,1.663,7447.0,513100
2016-09-19,1.686,1.712,1.712,1.686,8518.0,513100
2016-09-20,1.709,1.701,1.709,1.697,5045.0,513100
2016-09-21,1.718,1.701,1.718,1.697,4455.0,513100
2016-09-22,1.712,1.728,1.73,1.712,8486.0,513100
2016-09-23,1.735,1.773,1.775,1.735,9708.0,513100
2016-09-26,1.736,1.745,1.76,1.72,15169.0,513100
2016-09-27,1.727,1.722,1.738,1.716,18276.0,513100
2016-09-28,1.74,1.724,1.743,1.72,18849.0,513100
2016-09-29,1.726,1.724,1.728,1.723,12665.0,513100
2016-09-30,1.72,1.707,1.72,1.706,15927.0,513100
2016-10-10,1.714,1.721,1.723,1.714,9656.0,513100
2016-10-11,1.73,1.743,1.745,1.729,23208.0,513100
2016-10-12,1.72,1.74,1.749,1.718,11878.0,513100
2016-10-13,1.74,1.735,1.743,1.72,18238.0,513100
2016-10-14,1.732,1.734,1.736,1.722,4607.0,513100
2016-10-17,1.734,1.717,1.734,1.713,28791.0,513100
2016-10-18,1.717,1.717,1.724,1.712,9547.0,513100
2016-10-19,1.718,1.725,1.726,1.718,5096.0,513100
2016-10-20,1.725,1.733,1.733,1.723,10851.0,513100
2016-10-21,1.731,1.728,1.731,1.725,8693.0,513100
2016-10-24,1.729,1.739,1.739,1.729,9902.0,513100
2016-10-25,1.754,1.762,1.763,1.753,11546.0,513100
2016-10-26,1.759,1.751,1.759,1.747,11379.0,513100
2016-10-27,1.749,1.738,1.749,1.735,9593.0,513100
2016-10-28,1.738,1.737,1.738,1.73,3843.0,513100
2016-10-31,1.733,1.734,1.735,1.728,9455.0,513100
2016-11-01,1.735,1.738,1.738,1.73,5621.0,513100
2016-11-02,1.725,1.719,1.725,1.712,15326.0,513100
2016-11-03,1.71,1.702,1.71,1.698,20059.0,513100
2016-11-04,1.683,1.706,1.706,1.679,23044.0,513100
2016-11-07,1.709,1.727,1.728,1.709,10241.0,513100
2016-11-08,1.738,1.723,1.75,1.721,22580.0,513100
2016-11-09,1.727,1.674,1.731,1.63,54905.0,513100
2016-11-10,1.719,1.732,1.739,1.712,58883.0,513100
2016-11-11,1.723,1.709,1.723,1.706,22056.0,513100
2016-11-14,1.713,1.719,1.72,1.713,13008.0,513100
2016-11-15,1.718,1.703,1.718,1.695,16370.0,513100
2016-11-16,1.718,1.733,1.733,1.718,18483.0,513100
2016-11-17,1.734,1.739,1.742,1.733,92224.0,513100
2016-11-18,1.749,1.759,1.76,1.747,235538.0,513100
2016-11-21,1.753,1.752,1.76,1.751,256411.0,513100
2016-11-22,1.769,1.778,1.78,1.769,53031.0,513100
2016-11-23,1.78,1.779,1.782,1.776,105761.0,513100
2016-11-24,1.78,1.782,1.782,1.771,38782.0,513100
2016-11-25,1.782,1.8,1.849,1.773,30723.0,513100
2016-11-28,1.8,1.814,1.824,1.792,10965.0,513100
2016-11-29,1.808,1.797,1.808,1.78,26349.0,513100
2016-11-30,1.797,1.79,1.797,1.783,19017.0,513100
2016-12-01,1.783,1.768,1.783,1.758,29953.0,513100
2016-12-02,1.745,1.755,1.755,1.744,14484.0,513100
2016-12-05,1.755,1.753,1.756,1.73,21378.0,513100
2016-12-06,1.785,1.769,1.785,1.761,24350.0,513100
2016-12-07,1.775,1.767,1.784,1.759,61413.0,513100
2016-12-08,1.784,1.801,1.81,1.774,45652.0,513100
2016-12-09,1.804,1.784,1.804,1.78,45175.0,513100
2016-12-12,1.79,1.794,1.815,1.79,78713.0,513100
2016-12-13,1.793,1.794,1.796,1.782,99750.0,513100
2016-12-14,1.822,1.808,1.822,1.807,37212.0,513100
2016-12-15,1.8,1.81,1.815,1.793,35639.0,513100
2016-12-16,1.818,1.818,1.828,1.817,25392.0,513100
2016-12-19,1.817,1.813,1.818,1.81,56776.0,513100
2016-12-20,1.814,1.816,1.822,1.813,28753.0,513100
2016-12-21,1.821,1.846,1.846,1.821,147734.0,513100
2016-12-22,1.834,1.838,1.846,1.828,1027182.0,513100
2016-12-23,1.825,1.836,1.844,1.825,130604.0,513100
2016-12-26,1.839,1.865,1.887,1.838,52118.0,513100
2016-12-27,1.872,1.834,1.88,1.825,39268.0,513100
2016-12-28,1.851,1.843,1.851,1.834,95178.0,513100
2016-12-29,1.83,1.825,1.832,1.823,84534.0,513100
2016-12-30,1.821,1.817,1.825,1.813,55491.0,513100
2017-01-03,1.806,1.801,1.806,1.784,48521.0,513100
2017-01-04,1.813,1.812,1.814,1.808,27057.0,513100
2017-01-05,1.82,1.811,1.831,1.811,18924.0,513100
2017-01-06,1.811,1.812,1.814,1.809,13235.0,513100
2017-01-09,1.822,1.823,1.825,1.817,26148.0,513100
2017-01-10,1.828,1.832,1.832,1.822,19837.0,513100
2017-01-11,1.838,1.842,1.844,1.838,16600.0,513100
2017-01-12,1.849,1.84,1.85,1.84,12497.0,513100
2017-01-13,1.835,1.837,1.839,1.832,15260.0,513100
2017-01-16,1.839,1.845,1.847,1.839,22291.0,513100
2017-01-17,1.845,1.836,1.845,1.834,17238.0,513100
2017-01-18,1.827,1.832,1.833,1.823,22889.0,513100
2017-01-19,1.827,1.833,1.841,1.826,13056.0,513100
2017-01-20,1.83,1.833,1.835,1.828,7697.0,513100
2017-01-23,1.83,1.83,1.836,1.827,13876.0,513100
2017-01-24,1.829,1.836,1.836,1.827,5808.0,513100
2017-01-25,1.839,1.851,1.852,1.839,16948.0,513100
2017-01-26,1.865,1.881,1.881,1.865,33295.0,513100
2017-02-03,1.864,1.868,1.87,1.856,18852.0,513100
2017-02-06,1.871,1.874,1.88,1.864,19986.0,513100
2017-02-07,1.872,1.874,1.876,1.869,12535.0,513100
2017-02-08,1.883,1.889,1.889,1.879,18429.0,513100
2017-02-09,1.889,1.894,1.897,1.883,19493.0,513100
2017-02-10,1.897,1.913,1.913,1.897,30777.0,513100
2017-02-13,1.918,1.916,1.918,1.91,28709.0,513100
2017-02-14,1.932,1.915,1.933,1.913,18750.0,513100
2017-02-15,1.925,1.929,1.93,1.917,32412.0,513100
2017-02-16,1.937,1.938,1.943,1.937,27264.0,513100
2017-02-17,1.937,1.931,1.938,1.924,20204.0,513100
2017-02-20,1.935,1.937,1.94,1.932,35836.0,513100
2017-02-21,1.94,1.939,1.943,1.937,21261.0,513100
2017-02-22,1.947,1.965,1.965,1.947,31501.0,513100
2017-02-23,1.966,1.963,1.969,1.955,22026.0,513100
2017-02-24,1.952,1.957,1.966,1.951,27442.0,513100
2017-02-27,1.958,1.947,1.958,1.945,21613.0,513100
2017-02-28,1.952,1.955,1.957,1.949,25841.0,513100
2017-03-01,1.947,1.947,1.948,1.941,23828.0,513100
2017-03-02,1.977,1.989,2.054,1.965,118538.0,513100
2017-03-03,1.975,1.978,1.981,1.966,79626.0,513100
2017-03-06,1.977,2.02,2.022,1.972,82580.0,513100
2017-03-07,2.0,1.993,2.016,1.971,68384.0,513100
2017-03-08,1.984,1.978,1.986,1.971,36771.0,513100
2017-03-09,1.98,1.979,1.988,1.965,47733.0,513100
2017-03-10,1.979,1.995,1.996,1.975,39397.0,513100
2017-03-13,2.004,2.01,2.015,2.0,37611.0,513100
2017-03-14,2.014,2.025,2.027,2.013,24835.0,513100
2017-03-15,2.015,2.019,2.019,2.002,16787.0,513100
2017-03-16,2.03,2.04,2.049,2.03,34525.0,513100
2017-03-17,2.04,2.034,2.04,2.026,33780.0,513100
2017-03-20,2.034,2.028,2.035,2.024,25199.0,513100
2017-03-21,2.03,2.04,2.04,2.026,14667.0,513100
2017-03-22,1.999,1.977,1.999,1.975,71536.0,513100
2017-03-23,1.987,1.982,1.995,1.978,23317.0,513100
2017-03-24,1.982,1.955,1.982,1.945,52603.0,513100
2017-03-27,1.953,1.936,1.953,1.934,45497.0,513100
2017-03-28,1.94,1.959,1.96,1.94,25572.0,513100
2017-03-29,1.977,1.99,1.99,1.977,23404.0,513100
2017-03-30,2.006,1.992,2.007,1.982,41201.0,513100
2017-03-31,2.0,2.007,2.008,1.991,30012.0,513100
2017-04-05,2.0,1.99,2.0,1.987,38723.0,513100
2017-04-06,1.972,1.969,1.986,1.963,31790.0,513100
2017-04-07,1.974,1.963,1.974,1.963,30376.0,513100
2017-04-10,1.964,1.972,1.975,1.963,16613.0,513100
2017-04-11,1.975,1.969,1.976,1.966,15793.0,513100
2017-04-12,1.97,1.968,1.97,1.96,9653.0,513100
2017-04-13,1.963,1.954,1.963,1.952,13548.0,513100
2017-04-14,1.949,1.935,1.949,1.933,29991.0,513100
2017-04-17,1.932,1.936,1.937,1.907,18377.0,513100
2017-04-18,1.951,1.964,1.968,1.951,33585.0,513100
2017-04-19,1.96,1.952,1.963,1.95,15260.0,513100
2017-04-20,1.955,1.949,1.956,1.945,23682.0,513100
2017-04-21,1.97,1.968,1.973,1.966,42215.0,513100
2017-04-24,1.97,1.984,1.987,1.969,39803.0,513100
2017-04-25,1.998,2.0,2.001,1.993,46691.0,513100
2017-04-26,2.012,2.02,2.024,2.011,88098.0,513100
2017-04-27,2.02,2.006,2.02,2.001,43521.0,513100
2017-04-28,2.018,2.019,2.024,2.014,23971.0,513100
2017-05-02,2.035,2.042,2.043,2.035,39624.0,513100
2017-05-03,2.043,2.039,2.049,2.037,37550.0,513100
2017-05-04,2.033,2.033,2.035,2.027,28688.0,513100
2017-05-05,2.033,2.027,2.038,2.024,21090.0,513100
2017-05-08,2.04,2.063,2.067,2.036,56647.0,513100
2017-05-09,2.063,2.072,2.076,2.063,61842.0,513100
2017-05-10,2.079,2.071,2.08,2.066,43074.0,513100
2017-05-11,2.069,2.07,2.078,2.067,25625.0,513100
2017-05-12,2.061,2.051,2.062,2.05,55429.0,513100
2017-05-15,2.054,2.06,2.062,2.054,26827.0,513100
2017-05-16,2.072,2.073,2.076,2.07,37528.0,513100
2017-05-17,2.073,2.064,2.073,2.06,32351.0,513100
2017-05-18,2.001,2.02,2.025,1.999,119910.0,513100
2017-05-19,2.039,2.033,2.04,2.029,32609.0,513100
2017-05-22,2.042,2.05,2.05,2.039,51928.0,513100
2017-05-23,2.062,2.07,2.071,2.062,34554.0,513100
2017-05-24,2.071,2.069,2.072,2.062,31987.0,513100
2017-05-25,2.074,2.082,2.082,2.073,23659.0,513100
2017-05-26,2.089,2.108,2.109,2.089,49411.0,513100
2017-05-31,2.108,2.107,2.109,2.099,24989.0,513100
2017-06-01,2.1,2.087,2.1,2.078,49678.0,513100
2017-06-02,2.105,2.117,2.128,2.104,44047.0,513100
2017-06-05,2.14,2.135,2.148,2.134,33728.0,513100
2017-06-06,2.121,2.123,2.125,2.114,34203.0,513100
2017-06-07,2.117,2.112,2.117,2.105,59095.0,513100
2017-06-08,2.122,2.119,2.122,2.114,23113.0,513100
2017-06-09,2.128,2.123,2.128,2.116,40950.0,513100
2017-06-12,2.076,2.097,2.1,2.067,73055.0,513100
2017-06-13,2.08,2.079,2.087,2.067,63541.0,513100
2017-06-14,2.093,2.078,2.094,2.074,40566.0,513100
2017-06-15,2.068,2.044,2.068,2.04,73502.0,513100
2017-06-16,2.032,2.052,2.055,2.03,29183.0,513100
2017-06-19,2.049,2.051,2.051,2.036,26264.0,513100
2017-06-20,2.079,2.079,2.08,2.069,45289.0,513100
2017-06-21,2.054,2.054,2.058,2.048,40666.0,513100
2017-06-22,2.058,2.072,2.076,2.058,47462.0,513100
2017-06-23,2.072,2.072,2.073,2.068,21859.0,513100
2017-06-26,2.078,2.084,2.085,2.078,34641.0,513100
2017-06-27,2.078,2.073,2.079,2.069,38467.0,513100
2017-06-28,2.035,2.034,2.039,2.03,107351.0,513100
2017-06-29,2.059,2.049,2.062,2.034,76489.0,513100
2017-06-30,2.016,2.013,2.018,2.007,87177.0,513100
2017-07-03,2.012,2.017,2.017,2.006,83519.0,513100
2017-07-04,2.001,1.993,2.001,1.991,56156.0,513100
2017-07-05,1.993,2.0,2.0,1.992,27452.0,513100
2017-07-06,2.01,2.013,2.016,2.007,30701.0,513100
2017-07-07,1.992,1.998,2.004,1.992,33500.0,513100
2017-07-10,2.013,2.021,2.024,2.011,36146.0,513100
2017-07-11,2.026,2.026,2.035,2.023,33078.0,513100
2017-07-12,2.03,2.032,2.034,2.027,34220.0,513100
2017-07-13,2.059,2.06,2.061,2.056,42001.0,513100
2017-07-14,2.062,2.056,2.065,2.056,32057.0,513100
2017-07-17,2.069,2.07,2.077,2.067,48946.0,513100
2017-07-18,2.063,2.073,2.074,2.062,46182.0,513100
2017-07-19,2.082,2.089,2.092,2.082,41249.0,513100
2017-07-20,2.1,2.098,2.103,2.094,31818.0,513100
2017-07-21,2.095,2.095,2.098,2.092,28762.0,513100
2017-07-24,2.094,2.094,2.094,2.086,23218.0,513100
2017-07-25,2.096,2.098,2.1,2.096,19352.0,513100
2017-07-26,2.096,2.098,2.1,2.095,26390.0,513100
2017-07-27,2.105,2.116,2.116,2.102,25583.0,513100
2017-07-28,2.091,2.079,2.091,2.077,42334.0,513100
2017-07-31,2.081,2.077,2.082,2.074,40189.0,513100
2017-08-01,2.072,2.081,2.081,2.06,48034.0,513100
2017-08-02,2.088,2.098,2.098,2.085,29762.0,513100
2017-08-03,2.094,2.083,2.094,2.081,20732.0,513100
2017-08-04,2.079,2.075,2.079,2.072,22994.0,513100
2017-08-07,2.077,2.087,2.088,2.077,21717.0,513100
2017-08-08,2.096,2.092,2.1,2.087,29510.0,513100
2017-08-09,2.077,2.075,2.084,2.074,16151.0,513100
2017-08-10,2.072,2.066,2.073,2.064,25083.0,513100
2017-08-11,2.03,2.031,2.034,2.02,36471.0,513100
2017-08-14,2.04,2.044,2.053,2.04,25737.0,513100
2017-08-15,2.069,2.075,2.076,2.068,28009.0,513100
2017-08-16,2.07,2.063,2.074,2.062,31972.0,513100
2017-08-17,2.069,2.062,2.069,2.06,25808.0,513100
2017-08-18,2.022,2.044,2.044,2.022,20939.0,513100
2017-08-21,2.041,2.04,2.046,2.033,8493.0,513100
2017-08-22,2.038,2.053,2.054,2.033,15962.0,513100
2017-08-23,2.069,2.062,2.072,2.061,13496.0,513100
2017-08-24,2.06,2.045,2.06,2.044,11161.0,513100
2017-08-25,2.046,2.05,2.055,2.038,16454.0,513100
2017-08-28,2.049,2.039,2.049,2.035,26200.0,513100
2017-08-29,2.037,2.03,2.04,2.022,17152.0,513100
2017-08-30,2.039,2.038,2.042,2.035,16033.0,513100
2017-08-31,2.057,2.056,2.059,2.052,25647.0,513100
2017-09-01,2.068,2.069,2.07,2.065,24568.0,513100
2017-09-04,2.059,2.056,2.067,2.055,18576.0,513100
2017-09-05,2.056,2.055,2.058,2.054,6399.0,513100
2017-09-06,2.042,2.041,2.042,2.036,13281.0,513100
2017-09-07,2.041,2.036,2.044,2.035,12611.0,513100
2017-09-08,2.038,2.039,2.048,2.038,10937.0,513100
2017-09-11,2.035,2.036,2.037,2.025,15235.0,513100
2017-09-12,2.048,2.048,2.06,2.043,27870.0,513100
2017-09-13,2.052,2.048,2.052,2.045,18343.0,513100
2017-09-14,2.05,2.059,2.059,2.047,27106.0,513100
2017-09-15,2.05,2.05,2.052,2.044,15894.0,513100
2017-09-18,2.051,2.058,2.058,2.051,18209.0,513100
2017-09-19,2.053,2.058,2.058,2.052,10361.0,513100
2017-09-20,2.059,2.06,2.061,2.058,10820.0,513100
2017-09-21,2.059,2.058,2.06,2.055,9224.0,513100
2017-09-22,2.058,2.051,2.058,2.049,12478.0,513100
2017-09-25,2.055,2.048,2.055,2.048,8880.0,513100
2017-09-26,2.038,2.033,2.038,2.028,31881.0,513100
2017-09-27,2.038,2.044,2.044,2.036,18692.0,513100
2017-09-28,2.057,2.062,2.063,2.056,19549.0,513100
2017-09-29,2.064,2.07,2.071,2.062,26261.0,513100
2017-10-09,2.104,2.093,2.109,2.08,42706.0,513100
2017-10-10,2.096,2.092,2.101,2.092,15393.0,513100
2017-10-11,2.094,2.101,2.104,2.094,10569.0,513100
2017-10-12,2.103,2.104,2.105,2.099,18490.0,513100
2017-10-13,2.103,2.102,2.103,2.098,17370.0,513100
2017-10-16,2.106,2.112,2.112,2.102,13327.0,513100
2017-10-17,2.12,2.122,2.122,2.113,8854.0,513100
2017-10-18,2.123,2.119,2.128,2.118,18334.0,513100
2017-10-19,2.126,2.123,2.126,2.12,11756.0,513100
2017-10-20,2.115,2.123,2.124,2.106,37659.0,513100
2017-10-23,2.125,2.128,2.129,2.123,10440.0,513100
2017-10-24,2.123,2.119,2.123,2.112,10765.0,513100
2017-10-25,2.118,2.123,2.124,2.115,12009.0,513100
2017-10-26,2.123,2.113,2.123,2.111,14114.0,513100
2017-10-27,2.113,2.125,2.128,2.113,40552.0,513100
2017-10-30,2.162,2.168,2.17,2.162,22613.0,513100
2017-10-31,2.168,2.172,2.176,2.168,12749.0,513100
2017-11-01,2.178,2.183,2.198,2.177,18851.0,513100
2017-11-02,2.185,2.176,2.185,2.172,9291.0,513100
2017-11-03,2.176,2.179,2.182,2.17,16709.0,513100
2017-11-06,2.186,2.186,2.193,2.179,16034.0,513100
2017-11-07,2.193,2.191,2.196,2.19,17961.0,513100
2017-11-08,2.189,2.195,2.196,2.182,26850.0,513100
2017-11-09,2.207,2.202,2.207,2.192,11568.0,513100
2017-11-10,2.193,2.196,2.197,2.193,13736.0,513100
2017-11-13,2.194,2.197,2.197,2.186,55849.0,513100
2017-11-14,2.196,2.2,2.2,2.196,11652.0,513100
2017-11-15,2.197,2.185,2.197,2.184,18154.0,513100
2017-11-16,2.18,2.177,2.18,2.171,19494.0,513100
2017-11-17,2.197,2.203,2.206,2.197,20556.0,513100
2017-11-20,2.2,2.194,2.2,2.191,10768.0,513100
2017-11-21,2.197,2.198,2.2,2.194,14454.0,513100
2017-11-22,2.211,2.215,2.222,2.211,22052.0,513100
2017-11-23,2.218,2.208,2.218,2.207,18381.0,513100
2017-11-24,2.211,2.208,2.214,2.203,17422.0,513100
2017-11-27,2.21,2.219,2.219,2.21,22343.0,513100
2017-11-28,2.218,2.224,2.224,2.217,14164.0,513100
2017-11-29,2.229,2.246,2.247,2.229,43533.0,513100
2017-11-30,2.218,2.214,2.218,2.206,27183.0,513100
2017-12-01,2.232,2.241,2.243,2.228,18462.0,513100
2017-12-04,2.241,2.262,2.289,2.235,48493.0,513100
2017-12-05,2.229,2.2,2.229,2.195,48015.0,513100
2017-12-06,2.194,2.175,2.208,2.169,47896.0,513100
2017-12-07,2.189,2.19,2.194,2.179,17638.0,513100
2017-12-08,2.2,2.21,2.21,2.2,30727.0,513100
2017-12-11,2.211,2.22,2.22,2.21,21353.0,513100
2017-12-12,2.229,2.235,2.235,2.227,23426.0,513100
2017-12-13,2.231,2.237,2.238,2.228,14217.0,513100
2017-12-14,2.24,2.243,2.245,2.235,18770.0,513100
2017-12-15,2.231,2.232,2.242,2.227,10010.0,513100
2017-12-18,2.257,2.266,2.266,2.253,20126.0,513100
2017-12-19,2.289,2.28,2.295,2.27,23626.0,513100
2017-12-20,2.27,2.276,2.277,2.265,18383.0,513100
2017-12-21,2.273,2.262,2.275,2.26,25032.0,513100
2017-12-22,2.262,2.269,2.27,2.26,9096.0,513100
2017-12-25,2.265,2.262,2.268,2.252,17162.0,513100
2017-12-26,2.261,2.261,2.264,2.253,18478.0,513100
2017-12-27,2.256,2.234,2.256,2.229,28906.0,513100
2017-12-28,2.234,2.227,2.239,2.221,28880.0,513100
2017-12-29,2.228,2.229,2.231,2.222,18514.0,513100
2018-01-02,2.219,2.218,2.219,2.206,32037.0,513100
2018-01-03,2.243,2.248,2.251,2.24,35036.0,513100
2018-01-04,2.26,2.256,2.264,2.248,31518.0,513100
2018-01-05,2.256,2.25,2.257,2.248,31803.0,513100
2018-01-08,2.263,2.268,2.269,2.259,42486.0,513100
2018-01-09,2.27,2.274,2.275,2.266,35115.0,513100
2018-01-10,2.273,2.285,2.287,2.271,41158.0,513100
2018-01-11,2.279,2.283,2.289,2.275,43689.0,513100
2018-01-12,2.295,2.312,2.317,2.291,41553.0,513100
2018-01-15,2.311,2.309,2.319,2.305,27016.0,513100
2018-01-16,2.311,2.306,2.311,2.3,24160.0,513100
2018-01-17,2.296,2.293,2.296,2.284,31040.0,513100
2018-01-18,2.309,2.313,2.316,2.308,29653.0,513100
2018-01-19,2.309,2.31,2.314,2.305,25994.0,513100
2018-01-22,2.318,2.3,2.318,2.3,28193.0,513100
2018-01-23,2.317,2.326,2.328,2.316,38737.0,513100
2018-01-24,2.33,2.344,2.344,2.33,47158.0,513100
2018-01-25,2.328,2.324,2.328,2.32,20156.0,513100
2018-01-26,2.324,2.32,2.324,2.314,32263.0,513100
2018-01-29,2.341,2.344,2.345,2.34,28895.0,513100
2018-01-30,2.333,2.32,2.333,2.318,30821.0,513100
2018-01-31,2.303,2.309,2.309,2.293,26970.0,513100
2018-02-01,2.311,2.305,2.32,2.304,26033.0,513100
2018-02-02,2.293,2.294,2.3,2.29,41840.0,513100
2018-02-05,2.245,2.227,2.245,2.201,71254.0,513100
2018-02-06,2.09,2.095,2.126,2.09,120700.0,513100
2018-02-07,2.16,2.164,2.19,2.158,88650.0,513100
2018-02-08,2.16,2.169,2.174,2.142,23140.0,513100
2018-02-09,2.079,2.092,2.095,2.058,111139.0,513100
2018-02-12,2.114,2.131,2.132,2.103,46360.0,513100
2018-02-13,2.161,2.164,2.172,2.155,24185.0,513100
2018-02-14,2.177,2.193,2.193,2.174,16909.0,513100
2018-02-22,2.231,2.232,2.236,2.223,34219.0,513100
2018-02-23,2.243,2.249,2.257,2.236,45020.0,513100
2018-02-26,2.282,2.292,2.298,2.282,26799.0,513100
2018-02-27,2.323,2.32,2.325,2.317,23350.0,513100
2018-02-28,2.283,2.286,2.289,2.279,38639.0,513100
2018-03-01,2.281,2.288,2.288,2.266,27910.0,513100
2018-03-02,2.263,2.253,2.263,2.248,31589.0,513100
2018-03-05,2.271,2.268,2.273,2.263,16344.0,513100
2018-03-06,2.298,2.298,2.299,2.292,12330.0,513100
2018-03-07,2.295,2.284,2.295,2.281,17087.0,513100
2018-03-08,2.297,2.302,2.304,2.297,13232.0,513100
2018-03-09,2.311,2.319,2.321,2.311,15341.0,513100
2018-03-12,2.37,2.368,2.38,2.361,33523.0,513100
2018-03-13,2.369,2.368,2.373,2.363,25493.0,513100
2018-03-14,2.34,2.338,2.342,2.333,10244.0,513100
2018-03-15,2.332,2.337,2.346,2.322,19606.0,513100
2018-03-16,2.338,2.338,2.341,2.334,13193.0,513100
2018-03-19,2.338,2.333,2.34,2.333,9872.0,513100
2018-03-20,2.296,2.293,2.296,2.282,24866.0,513100
2018-03-21,2.293,2.294,2.307,2.293,8427.0,513100
2018-03-22,2.294,2.288,2.294,2.287,8743.0,513100
2018-03-23,2.218,2.204,2.218,2.198,47864.0,513100
2018-03-26,2.162,2.187,2.2,2.162,35861.0,513100
2018-03-27,2.238,2.27,2.277,2.231,30737.0,513100
2018-03-28,2.191,2.185,2.2,2.175,39500.0,513100
2018-03-29,2.176,2.186,2.187,2.16,28755.0,513100
2018-03-30,2.195,2.194,2.207,2.186,18628.0,513100
2018-04-02,2.189,2.177,2.189,2.172,16598.0,513100
2018-04-03,2.133,2.126,2.133,2.119,38881.0,513100
2018-04-04,2.133,2.13,2.137,2.13,19066.0,513100
2018-04-09,2.132,2.143,2.145,2.131,33596.0,513100
2018-04-10,2.156,2.186,2.187,2.153,42037.0,513100
2018-04-11,2.199,2.185,2.21,2.183,24388.0,513100
2018-04-12,2.182,2.181,2.183,2.175,21301.0,513100
2018-04-13,2.195,2.203,2.203,2.194,19184.0,513100
2018-04-16,2.195,2.189,2.195,2.185,20506.0,513100
2018-04-17,2.197,2.208,2.209,2.197,19619.0,513100
2018-04-18,2.262,2.247,2.262,2.242,34514.0,513100
2018-04-19,2.249,2.249,2.253,2.249,20628.0,513100
2018-04-20,2.237,2.236,2.245,2.23,13366.0,513100
2018-04-23,2.209,2.202,2.228,2.198,28087.0,513100
2018-04-24,2.194,2.215,2.215,2.185,35000.0,513100
2018-04-25,2.167,2.171,2.173,2.166,31466.0,513100
2018-04-26,2.174,2.171,2.178,2.167,24437.0,513100
2018-04-27,2.201,2.233,2.235,2.201,51279.0,513100
2018-05-02,2.235,2.231,2.235,2.217,15536.0,513100
2018-05-03,2.219,2.221,2.225,2.211,21123.0,513100
2018-05-04,2.219,2.228,2.228,2.216,13553.0,513100
2018-05-07,2.27,2.27,2.273,2.262,38303.0,513100
2018-05-08,2.277,2.274,2.285,2.273,32720.0,513100
2018-05-09,2.274,2.272,2.279,2.271,14624.0,513100
2018-05-10,2.305,2.304,2.306,2.298,18170.0,513100
2018-05-11,2.325,2.317,2.33,2.316,22150.0,513100
2018-05-14,2.317,2.315,2.32,2.309,22626.0,513100
2018-05-15,2.315,2.311,2.315,2.302,54594.0,513100
2018-05-16,2.292,2.289,2.308,2.285,16651.0,513100
2018-05-17,2.303,2.309,2.312,2.303,21463.0,513100
2018-05-18,2.304,2.308,2.31,2.304,9786.0,513100
2018-05-21,2.31,2.324,2.327,2.308,30842.0,513100
2018-05-22,2.323,2.316,2.323,2.308,17602.0,513100
2018-05-23,2.312,2.298,2.312,2.297,15430.0,513100
2018-05-24,2.336,2.323,2.336,2.312,18959.0,513100
2018-05-25,2.323,2.327,2.328,2.322,17082.0,513100
2018-05-28,2.327,2.337,2.34,2.325,11109.0,513100
2018-05-29,2.337,2.335,2.342,2.327,15691.0,513100
2018-05-30,2.32,2.319,2.324,2.312,21209.0,513100
2018-05-31,2.335,2.35,2.35,2.335,16353.0,513100
2018-06-01,2.345,2.341,2.348,2.333,19364.0,513100
2018-06-04,2.375,2.384,2.384,2.375,31690.0,513100
2018-06-05,2.394,2.414,2.415,2.391,53943.0,513100
2018-06-06,2.415,2.42,2.429,2.415,27496.0,513100
2018-06-07,2.433,2.439,2.441,2.433,40072.0,513100
2018-06-08,2.422,2.405,2.423,2.404,31906.0,513100
2018-06-11,2.405,2.431,2.44,2.405,27596.0,513100
2018-06-12,2.437,2.438,2.438,2.421,24655.0,513100
2018-06-13,2.449,2.451,2.466,2.449,22464.0,513100
2018-06-14,2.443,2.436,2.443,2.43,31414.0,513100
2018-06-15,2.452,2.472,2.476,2.452,33100.0,513100
2018-06-19,2.472,2.442,2.472,2.435,48496.0,513100
2018-06-20,2.44,2.458,2.47,2.44,43772.0,513100
2018-06-21,2.475,2.505,2.513,2.475,69013.0,513100
2018-06-22,2.464,2.488,2.493,2.464,77777.0,513100
2018-06-25,2.47,2.471,2.486,2.462,59133.0,513100
2018-06-26,2.42,2.431,2.442,2.41,88929.0,513100
2018-06-27,2.449,2.413,2.449,2.412,82988.0,513100
2018-06-28,2.388,2.396,2.397,2.385,54016.0,513100
2018-06-29,2.427,2.449,2.449,2.422,57900.0,513100
2018-07-02,2.448,2.437,2.448,2.434,37927.0,513100
2018-07-03,2.465,2.503,2.506,2.465,80276.0,513100
2018-07-04,2.471,2.459,2.48,2.451,60765.0,513100
2018-07-05,2.451,2.46,2.463,2.445,28144.0,513100
2018-07-06,2.492,2.497,2.5,2.48,49742.0,513100
2018-07-09,2.539,2.574,2.574,2.527,83228.0,513100
2018-07-10,2.592,2.604,2.62,2.57,63324.0,513100
2018-07-11,2.57,2.554,2.585,2.539,146300.0,513100
2018-07-12,2.559,2.578,2.578,2.55,114523.0,513100
2018-07-13,2.6,2.603,2.616,2.591,117473.0,513100
2018-07-16,2.6,2.584,2.6,2.58,54178.0,513100
2018-07-17,2.577,2.559,2.578,2.555,120867.0,513100
2018-07-18,2.594,2.595,2.597,2.584,85737.0,513100
2018-07-19,2.596,2.607,2.608,2.59,59514.0,513100
2018-07-20,2.598,2.61,2.614,2.596,71153.0,513100
2018-07-23,2.596,2.602,2.604,2.594,57004.0,513100
2018-07-24,2.622,2.641,2.642,2.622,83072.0,513100
2018-07-25,2.633,2.65,2.651,2.626,97365.0,513100
2018-07-26,2.666,2.656,2.666,2.651,119182.0,513100
2018-07-27,2.651,2.658,2.691,2.646,148067.0,513100
2018-07-30,2.613,2.646,2.648,2.609,87830.0,513100
2018-07-31,2.61,2.584,2.615,2.572,188343.0,513100
2018-08-01,2.603,2.617,2.618,2.593,116109.0,513100
2018-08-02,2.618,2.623,2.636,2.615,115472.0,513100
2018-08-03,2.657,2.702,2.708,2.653,169392.0,513100
2018-08-06,2.691,2.768,2.773,2.683,294377.0,513100
2018-08-07,2.764,2.754,2.819,2.741,361860.0,513100
2018-08-08,2.758,2.71,2.758,2.692,300659.0,513100
2018-08-09,2.7,2.673,2.7,2.659,435574.0,513100
2018-08-10,2.663,2.667,2.68,2.653,247033.0,513100
2018-08-13,2.649,2.66,2.673,2.635,259113.0,513100
2018-08-14,2.668,2.679,2.682,2.663,146671.0,513100
2018-08-15,2.698,2.71,2.72,2.694,263227.0,513100
2018-08-16,2.666,2.662,2.685,2.661,212910.0,513100
2018-08-17,2.673,2.668,2.675,2.667,163667.0,513100
2018-08-20,2.672,2.655,2.672,2.643,201404.0,513100
2018-08-21,2.649,2.638,2.649,2.632,242570.0,513100
2018-08-22,2.64,2.636,2.643,2.632,163284.0,513100
2018-08-23,2.646,2.665,2.668,2.646,185709.0,513100
2018-08-24,2.663,2.666,2.67,2.661,124687.0,513100
2018-08-27,2.678,2.678,2.686,2.672,210669.0,513100
2018-08-28,2.7,2.705,2.713,2.695,216728.0,513100
2018-08-29,2.707,2.708,2.711,2.701,125515.0,513100
2018-08-30,2.731,2.748,2.755,2.731,254350.0,513100
2018-08-31,2.74,2.74,2.746,2.733,202799.0,513100
2018-09-03,2.743,2.742,2.752,2.739,133570.0,513100
2018-09-04,2.747,2.754,2.754,2.743,122488.0,513100
2018-09-05,2.743,2.728,2.743,2.724,168401.0,513100
2018-09-06,2.69,2.684,2.693,2.683,190771.0,513100
2018-09-07,2.662,2.662,2.665,2.658,186183.0,513100
2018-09-10,2.66,2.68,2.681,2.66,136226.0,513100
2018-09-11,2.686,2.693,2.696,2.684,191398.0,513100
2018-09-12,2.728,2.722,2.728,2.706,157697.0,513100
2018-09-13,2.71,2.695,2.71,2.69,142382.0,513100
2018-09-14,2.712,2.722,2.723,2.71,142772.0,513100
2018-09-17,2.714,2.709,2.715,2.709,96943.0,513100
2018-09-18,2.663,2.673,2.673,2.658,217691.0,513100
2018-09-19,2.695,2.696,2.699,2.686,218011.0,513100
2018-09-20,2.691,2.691,2.697,2.689,147553.0,513100
2018-09-21,2.722,2.72,2.723,2.713,215359.0,513100
2018-09-25,2.702,2.709,2.71,2.701,125520.0,513100
2018-09-26,2.713,2.726,2.742,2.707,281320.0,513100
2018-09-27,2.714,2.721,2.723,2.714,134285.0,513100
2018-09-28,2.745,2.754,2.759,2.745,231498.0,513100
2018-10-08,2.662,2.677,2.688,2.662,128801.0,513100
2018-10-09,2.676,2.675,2.682,2.667,100181.0,513100
2018-10-10,2.679,2.685,2.685,2.676,99360.0,513100
2018-10-11,2.55,2.51,2.55,2.503,527984.0,513100
2018-10-12,2.51,2.564,2.566,2.506,271644.0,513100
2018-10-15,2.575,2.555,2.587,2.554,202479.0,513100
2018-10-16,2.559,2.559,2.567,2.558,80553.0,513100
2018-10-17,2.636,2.647,2.648,2.63,129977.0,513100
2018-10-18,2.63,2.619,2.634,2.617,118551.0,513100
2018-10-19,2.579,2.599,2.599,2.55,195000.0,513100
2018-10-22,2.576,2.587,2.589,2.564,231859.0,513100
2018-10-23,2.576,2.544,2.58,2.542,279121.0,513100
2018-10-24,2.562,2.56,2.578,2.556,244475.0,513100
2018-10-25,2.459,2.477,2.48,2.453,247102.0,513100
2018-10-26,2.496,2.49,2.497,2.476,270331.0,513100
2018-10-29,2.49,2.483,2.502,2.483,133929.0,513100
2018-10-30,2.448,2.449,2.461,2.438,282827.0,513100
2018-10-31,2.468,2.486,2.486,2.468,170763.0,513100
2018-11-01,2.528,2.514,2.535,2.513,150497.0,513100
2018-11-02,2.532,2.547,2.559,2.527,226325.0,513100
2018-11-05,2.509,2.505,2.509,2.496,108212.0,513100
2018-11-06,2.504,2.499,2.509,2.494,218351.0,513100
2018-11-07,2.525,2.528,2.542,2.525,172760.0,513100
2018-11-08,2.594,2.588,2.604,2.585,126242.0,513100
2018-11-09,2.58,2.575,2.583,2.573,103889.0,513100
2018-11-12,2.548,2.568,2.568,2.544,91423.0,513100
2018-11-13,2.481,2.491,2.493,2.475,203380.0,513100
2018-11-14,2.485,2.483,2.489,2.479,102435.0,513100
2018-11-15,2.458,2.464,2.469,2.455,259259.0,513100
2018-11-16,2.489,2.474,2.489,2.472,566380.0,513100
2018-11-19,2.472,2.484,2.485,2.472,205129.0,513100
2018-11-20,2.404,2.396,2.41,2.393,277020.0,513100
2018-11-21,2.36,2.379,2.38,2.36,213411.0,513100
2018-11-22,2.38,2.377,2.385,2.368,86598.0,513100
2018-11-23,2.37,2.361,2.37,2.36,124725.0,513100
2018-11-26,2.363,2.382,2.382,2.36,279776.0,513100
2018-11-27,2.405,2.41,2.411,2.399,89415.0,513100
2018-11-28,2.422,2.435,2.44,2.422,246651.0,513100
2018-11-29,2.499,2.483,2.499,2.483,277366.0,513100
2018-11-30,2.481,2.493,2.496,2.477,205307.0,513100
2018-12-03,2.556,2.558,2.56,2.541,242587.0,513100
2018-12-04,2.544,2.513,2.544,2.504,176608.0,513100
2018-12-05,2.421,2.444,2.445,2.421,111730.0,513100
2018-12-06,2.418,2.404,2.42,2.399,335376.0,513100
2018-12-07,2.45,2.44,2.451,2.44,92137.0,513100
2018-12-10,2.368,2.368,2.379,2.363,198290.0,513100
2018-12-11,2.389,2.399,2.429,2.389,931535.0,513100
2018-12-12,2.42,2.429,2.442,2.412,958702.0,513100
2018-12-13,2.44,2.443,2.456,2.434,678564.0,513100
2018-12-14,2.427,2.411,2.427,2.408,223182.0,513100
2018-12-17,2.385,2.387,2.388,2.37,263597.0,513100
2018-12-18,2.339,2.337,2.343,2.329,147774.0,513100
2018-12-19,2.345,2.336,2.346,2.334,153528.0,513100
2018-12-20,2.3,2.272,2.3,2.266,227564.0,513100
2018-12-21,2.261,2.267,2.268,2.25,265368.0,513100
2018-12-24,2.202,2.194,2.208,2.186,467443.0,513100
2018-12-25,2.132,2.123,2.133,2.118,235884.0,513100
2018-12-26,2.124,2.12,2.127,2.116,333782.0,513100
2018-12-27,2.234,2.236,2.257,2.229,715950.0,513100
2018-12-28,2.253,2.243,2.259,2.243,131354.0,513100
2019-01-02,2.268,2.233,2.274,2.232,162454.0,513100
2019-01-03,2.229,2.225,2.238,2.222,288026.0,513100
2019-01-04,2.183,2.224,2.226,2.182,399624.0,513100
2019-01-07,2.305,2.296,2.308,2.289,652743.0,513100
2019-01-08,2.313,2.328,2.336,2.312,667792.0,513100
2019-01-09,2.345,2.341,2.358,2.338,289969.0,513100
2019-01-10,2.341,2.322,2.342,2.322,507887.0,513100
2019-01-11,2.339,2.328,2.342,2.326,62765.0,513100
2019-01-14,2.319,2.302,2.319,2.3,543083.0,513100
2019-01-15,2.307,2.322,2.322,2.301,384723.0,513100
2019-01-16,2.348,2.351,2.36,2.347,312786.0,513100
2019-01-17,2.344,2.334,2.346,2.334,481687.0,513100
2019-01-18,2.37,2.378,2.381,2.37,86257.0,513100
2019-01-21,2.384,2.392,2.397,2.384,483501.0,513100
2019-01-22,2.392,2.379,2.392,2.377,333166.0,513100
2019-01-23,2.364,2.353,2.366,2.35,411085.0,513100
2019-01-24,2.357,2.355,2.36,2.352,155347.0,513100
2019-01-25,2.361,2.371,2.375,2.359,531038.0,513100
2019-01-28,2.394,2.37,2.394,2.366,184820.0,513100
2019-01-29,2.349,2.345,2.351,2.34,77380.0,513100
2019-01-30,2.339,2.339,2.342,2.334,119851.0,513100
2019-01-31,2.387,2.395,2.395,2.386,155598.0,513100
2019-02-01,2.406,2.427,2.427,2.401,423987.0,513100
2019-02-11,2.422,2.439,2.439,2.422,87653.0,513100
2019-02-12,2.446,2.459,2.46,2.445,260650.0,513100
2019-02-13,2.478,2.488,2.489,2.478,111593.0,513100
2019-02-14,2.481,2.48,2.481,2.471,182147.0,513100
2019-02-15,2.47,2.458,2.474,2.458,101188.0,513100
2019-02-18,2.48,2.491,2.491,2.48,275082.0,513100
2019-02-19,2.492,2.493,2.498,2.491,263220.0,513100
2019-02-20,2.488,2.475,2.488,2.471,512566.0,513100
2019-02-21,2.465,2.476,2.479,2.465,99655.0,513100
2019-02-22,2.343,2.463,2.469,2.343,775145.0,513100
2019-02-25,2.475,2.476,2.483,2.469,749473.0,513100
2019-02-26,2.47,2.462,2.471,2.46,789898.0,513100
2019-02-27,2.468,2.465,2.474,2.464,1131071.0,513100
2019-02-28,2.465,2.461,2.47,2.459,607292.0,513100
2019-03-01,2.468,2.487,2.488,2.468,501561.0,513100
2019-03-04,2.504,2.501,2.507,2.495,425089.0,513100
2019-03-05,2.488,2.486,2.491,2.485,251600.0,513100
2019-03-06,2.485,2.491,2.499,2.485,734656.0,513100
2019-03-07,2.477,2.471,2.479,2.47,657683.0,513100
2019-03-08,2.456,2.442,2.456,2.44,834736.0,513100
2019-03-11,2.447,2.458,2.459,2.447,382317.0,513100
2019-03-12,2.503,2.508,2.517,2.501,835085.0,513100
2019-03-13,2.51,2.509,2.516,2.503,684806.0,513100
2019-03-14,2.524,2.535,2.54,2.523,281115.0,513100
2019-03-15,2.535,2.541,2.545,2.533,213660.0,513100
2019-03-18,2.547,2.558,2.569,2.547,254640.0,513100
2019-03-19,2.565,2.565,2.571,2.563,207644.0,513100
2019-03-20,2.566,2.563,2.568,2.562,251268.0,513100
2019-03-21,2.572,2.564,2.573,2.563,694048.0,513100
2019-03-22,2.608,2.615,2.615,2.607,1045276.0,513100
2019-03-25,2.544,2.538,2.552,2.538,251128.0,513100
2019-03-26,2.558,2.558,2.566,2.552,202137.0,513100
2019-03-27,2.567,2.576,2.577,2.562,292013.0,513100
2019-03-28,2.548,2.548,2.555,2.543,466762.0,513100
2019-03-29,2.558,2.569,2.57,2.558,488532.0,513100
2019-04-01,2.587,2.604,2.604,2.587,694365.0,513100
2019-04-02,2.633,2.613,2.633,2.611,1503245.0,513100
2019-04-03,2.62,2.633,2.638,2.62,396080.0,513100
2019-04-04,2.64,2.636,2.648,2.633,782233.0,513100
2019-04-08,2.648,2.645,2.652,2.644,448073.0,513100
2019-04-09,2.656,2.648,2.657,2.645,643930.0,513100
2019-04-10,2.638,2.645,2.646,2.634,773949.0,513100
2019-04-11,2.659,2.659,2.667,2.654,347313.0,513100
2019-04-12,2.658,2.654,2.659,2.653,486733.0,513100
2019-04-15,2.66,2.662,2.669,2.66,347018.0,513100
2019-04-16,2.667,2.677,2.679,2.663,750233.0,513100
2019-04-17,2.678,2.679,2.687,2.677,321343.0,513100
2019-04-18,2.68,2.67,2.687,2.669,588602.0,513100
2019-04-19,2.676,2.676,2.69,2.672,873147.0,513100
2019-04-22,2.681,2.679,2.69,2.675,1255643.0,513100
2019-04-23,2.69,2.699,2.703,2.687,395393.0,513100
2019-04-24,2.736,2.741,2.743,2.727,450210.0,513100
2019-04-25,2.745,2.76,2.764,2.742,327925.0,513100
2019-04-26,2.762,2.778,2.808,2.747,579271.0,513100
2019-04-29,2.788,2.814,2.819,2.776,247419.0,513100
2019-04-30,2.814,2.807,2.832,2.772,203983.0,513100
2019-05-06,2.781,2.727,2.785,2.722,238604.0,513100
2019-05-07,2.753,2.757,2.766,2.743,387360.0,513100
2019-05-08,2.703,2.704,2.713,2.698,690625.0,513100
2019-05-09,2.701,2.686,2.702,2.685,626679.0,513100
2019-05-10,2.688,2.689,2.708,2.677,1149959.0,513100
2019-05-13,2.677,2.679,2.684,2.671,730403.0,513100
2019-05-14,2.61,2.624,2.648,2.61,535472.0,513100
2019-05-15,2.647,2.658,2.66,2.647,1190890.0,513100
2019-05-16,2.688,2.678,2.688,2.675,406481.0,513100
2019-05-17,2.707,2.709,2.722,2.706,225249.0,513100
2019-05-20,2.696,2.696,2.703,2.693,368250.0,513100
2019-05-21,2.67,2.67,2.671,2.658,419438.0,513100
2019-05-22,2.683,2.664,2.686,2.664,240363.0,513100
2019-05-23,2.653,2.639,2.655,2.639,261217.0,513100
2019-05-24,2.624,2.632,2.632,2.624,231561.0,513100
2019-05-27,2.615,2.618,2.618,2.612,112441.0,513100
2019-05-28,2.618,2.624,2.632,2.618,188484.0,513100
2019-05-29,2.603,2.598,2.604,2.595,297535.0,513100
2019-05-30,2.589,2.596,2.598,2.585,94764.0,513100
2019-05-31,2.58,2.573,2.586,2.571,273776.0,513100
2019-06-03,2.544,2.538,2.544,2.532,133350.0,513100
2019-06-04,2.507,2.503,2.508,2.501,256938.0,513100
2019-06-05,2.563,2.573,2.581,2.563,325932.0,513100
2019-06-06,2.585,2.585,2.59,2.58,614319.0,513100
2019-06-10,2.663,2.67,2.671,2.659,269406.0,513100
2019-06-11,2.688,2.695,2.697,2.688,100392.0,513100
2019-06-12,2.688,2.674,2.689,2.674,270343.0,513100
2019-06-13,2.677,2.667,2.681,2.656,573458.0,513100
2019-06-14,2.682,2.679,2.687,2.676,156461.0,513100
2019-06-17,2.681,2.684,2.689,2.681,179321.0,513100
2019-06-18,2.698,2.698,2.699,2.693,250979.0,513100
2019-06-19,2.74,2.73,2.742,2.725,1068221.0,513100
2019-06-20,2.745,2.757,2.76,2.745,664003.0,513100
2019-06-21,2.759,2.748,2.759,2.74,248876.0,513100
2019-06-24,2.742,2.757,2.757,2.742,512002.0,513100
2019-06-25,2.751,2.734,2.751,2.732,584535.0,513100
2019-06-26,2.695,2.702,2.706,2.695,267501.0,513100
2019-06-27,2.713,2.727,2.728,2.713,293755.0,513100
2019-06-28,2.725,2.718,2.731,2.717,368944.0,513100
2019-07-01,2.753,2.774,2.775,2.75,305320.0,513100
2019-07-02,2.769,2.762,2.77,2.758,239676.0,513100
2019-07-03,2.78,2.777,2.784,2.774,459322.0,513100
2019-07-04,2.798,2.792,2.798,2.79,241256.0,513100
2019-07-05,2.796,2.804,2.804,2.796,561487.0,513100
2019-07-08,2.791,2.777,2.791,2.775,1081237.0,513100
2019-07-09,2.777,2.756,2.777,2.751,391389.0,513100
2019-07-10,2.784,2.787,2.791,2.782,442149.0,513100
2019-07-11,2.817,2.822,2.822,2.813,460535.0,513100
2019-07-12,2.819,2.817,2.819,2.813,323356.0,513100
2019-07-15,2.831,2.84,2.84,2.824,148416.0,513100
2019-07-16,2.843,2.849,2.853,2.841,291424.0,513100
2019-07-17,2.832,2.834,2.858,2.825,677128.0,513100
2019-07-18,2.815,2.802,2.822,2.801,585113.0,513100
2019-07-19,2.824,2.835,2.838,2.824,305701.0,513100
2019-07-22,2.802,2.804,2.813,2.797,225030.0,513100
2019-07-23,2.827,2.835,2.835,2.823,581582.0,513100
2019-07-24,2.847,2.847,2.85,2.844,226931.0,513100
2019-07-25,2.87,2.87,2.873,2.865,153483.0,513100
2019-07-26,2.843,2.854,2.859,2.843,192050.0,513100
2019-07-29,2.875,2.866,2.877,2.862,190435.0,513100
2019-07-30,2.859,2.861,2.868,2.857,255439.0,513100
2019-07-31,2.856,2.854,2.857,2.851,243291.0,513100
2019-08-01,2.815,2.813,2.824,2.813,196764.0,513100
2019-08-02,2.797,2.818,2.819,2.797,279052.0,513100
2019-08-05,2.797,2.789,2.803,2.784,172922.0,513100
2019-08-06,2.702,2.734,2.735,2.688,289588.0,513100
2019-08-07,2.741,2.754,2.754,2.736,125010.0,513100
2019-08-08,2.773,2.784,2.786,2.765,113838.0,513100
2019-08-09,2.816,2.822,2.832,2.816,197211.0,513100
2019-08-12,2.816,2.823,2.824,2.81,93418.0,513100
2019-08-13,2.79,2.775,2.79,2.772,187838.0,513100
2019-08-14,2.827,2.827,2.829,2.821,396125.0,513100
2019-08-15,2.756,2.764,2.769,2.74,297263.0,513100
2019-08-16,2.756,2.762,2.763,2.75,274346.0,513100
2019-08-19,2.79,2.808,2.809,2.785,209895.0,513100
2019-08-20,2.82,2.823,2.835,2.813,452793.0,513100
2019-08-21,2.815,2.809,2.815,2.808,71651.0,513100
2019-08-22,2.835,2.828,2.835,2.825,110553.0,513100
2019-08-23,2.827,2.84,2.84,2.825,121940.0,513100
2019-08-26,2.765,2.777,2.9,2.74,253535.0,513100
2019-08-27,2.795,2.807,2.811,2.795,153844.0,513100
2019-08-28,2.801,2.804,2.807,2.801,392105.0,513100
2019-08-29,2.805,2.798,2.806,2.797,438795.0,513100
2019-08-30,2.836,2.841,2.846,2.835,592211.0,513100
2019-09-02,2.836,2.835,2.836,2.827,244577.0,513100
2019-09-03,2.837,2.829,2.838,2.827,194607.0,513100
2019-09-04,2.82,2.847,2.848,2.813,329706.0,513100
2019-09-05,2.853,2.866,2.872,2.853,330202.0,513100
2019-09-06,2.903,2.894,2.903,2.889,341095.0,513100
2019-09-09,2.894,2.903,2.904,2.89,227615.0,513100
2019-09-10,2.891,2.876,2.894,2.875,274650.0,513100
2019-09-11,2.876,2.875,2.877,2.865,89822.0,513100
2019-09-12,2.905,2.903,2.912,2.899,176280.0,513100
2019-09-16,2.874,2.871,2.874,2.857,109556.0,513100
2019-09-17,2.875,2.874,2.881,2.872,134437.0,513100
2019-09-18,2.892,2.89,2.896,2.886,393898.0,513100
2019-09-19,2.893,2.888,2.895,2.887,375957.0,513100
2019-09-20,2.901,2.896,2.902,2.892,207142.0,513100
2019-09-23,2.891,2.883,2.891,2.875,183469.0,513100
2019-09-24,2.886,2.88,2.888,2.878,92539.0,513100
2019-09-25,2.843,2.838,2.844,2.836,135261.0,513100
2019-09-26,2.861,2.859,2.866,2.851,125929.0,513100
2019-09-27,2.844,2.855,2.856,2.844,57507.0,513100
2019-09-30,2.845,2.834,2.845,2.833,88858.0,513100
2019-10-08,2.84,2.847,2.849,2.84,273498.0,513100
2019-10-09,2.807,2.806,2.819,2.803,303090.0,513100
2019-10-10,2.815,2.819,2.821,2.809,423962.0,513100
2019-10-11,2.837,2.848,2.849,2.834,154776.0,513100
2019-10-14,2.876,2.868,2.876,2.864,112460.0,513100
2019-10-15,2.869,2.879,2.881,2.868,180255.0,513100
2019-10-16,2.904,2.904,2.906,2.9,92163.0,513100
2019-10-17,2.9,2.903,2.905,2.899,139863.0,513100
2019-10-18,2.905,2.899,2.905,2.897,69208.0,513100
2019-10-21,2.88,2.882,2.895,2.879,41009.0,513100
2019-10-22,2.904,2.907,2.909,2.904,140082.0,513100
2019-10-23,2.88,2.872,2.88,2.87,197109.0,513100
2019-10-24,2.883,2.888,2.889,2.883,99084.0,513100
2019-10-25,2.902,2.896,2.903,2.893,143593.0,513100
2019-10-28,2.923,2.932,2.932,2.923,119540.0,513100
2019-10-29,2.956,2.953,2.959,2.952,57294.0,513100
2019-10-30,2.938,2.934,2.938,2.933,361770.0,513100
2019-10-31,2.955,2.95,2.955,2.94,71506.0,513100
2019-11-01,2.947,2.956,2.956,2.947,82380.0,513100
2019-11-04,2.975,2.977,2.986,2.975,56018.0,513100
2019-11-05,2.987,2.992,2.993,2.987,86223.0,513100
2019-11-06,2.986,2.974,2.989,2.971,115816.0,513100
2019-11-07,2.978,2.97,2.978,2.968,73083.0,513100
2019-11-08,2.971,2.961,2.971,2.959,104860.0,513100
2019-11-11,2.975,2.978,2.981,2.972,217404.0,513100
2019-11-12,2.975,2.993,2.993,2.973,215429.0,513100
2019-11-13,2.993,2.994,2.999,2.988,78491.0,513100
2019-11-14,2.996,3.001,3.004,2.994,71907.0,513100
2019-11-15,3.001,3.014,3.015,3.001,143895.0,513100
2019-11-18,3.028,3.028,3.031,3.022,267514.0,513100
2019-11-19,3.03,3.044,3.046,3.03,80799.0,513100
2019-11-20,3.042,3.03,3.046,3.028,130020.0,513100
2019-11-21,3.018,3.017,3.018,3.01,45182.0,513100
2019-11-22,3.015,3.023,3.026,3.015,86330.0,513100
2019-11-25,3.031,3.042,3.043,3.031,61754.0,513100
2019-11-26,3.07,3.09,3.095,3.07,98925.0,513100
2019-11-27,3.088,3.081,3.109,3.08,83163.0,513100
2019-11-28,3.099,3.099,3.102,3.09,185121.0,513100
2019-11-29,3.094,3.095,3.102,3.094,68894.0,513100
2019-12-02,3.095,3.12,3.124,3.09,93160.0,513100
2019-12-03,3.068,3.084,3.098,3.062,74305.0,513100
2019-12-04,3.063,3.047,3.063,3.034,133860.0,513100
2019-12-05,3.06,3.061,3.078,3.049,216094.0,513100
2019-12-06,3.063,3.058,3.067,3.053,119967.0,513100
2019-12-09,3.076,3.086,3.086,3.072,149767.0,513100
2019-12-10,3.07,3.069,3.07,3.064,68738.0,513100
2019-12-11,3.064,3.064,3.064,3.058,85941.0,513100
2019-12-12,3.071,3.086,3.087,3.07,133678.0,513100
2019-12-13,3.108,3.109,3.112,3.1,99166.0,513100
2019-12-16,3.102,3.129,3.13,3.102,155714.0,513100
2019-12-17,3.139,3.161,3.171,3.13,174742.0,513100
2019-12-18,3.161,3.132,3.161,3.132,91486.0,513100
2019-12-19,3.135,3.121,3.14,3.119,94966.0,513100
2019-12-20,3.141,3.155,3.157,3.14,146492.0,513100
2019-12-23,3.168,3.17,3.174,3.16,198828.0,513100
2019-12-24,3.171,3.185,3.192,3.171,155020.0,513100
2019-12-25,3.188,3.168,3.189,3.155,153169.0,513100
2019-12-26,3.173,3.189,3.195,3.168,388613.0,513100
2019-12-27,3.209,3.217,3.235,3.192,202189.0,513100
2019-12-30,3.21,3.21,3.222,3.197,134495.0,513100
2019-12-31,3.187,3.193,3.195,3.175,161564.0,513100
2020-01-02,3.201,3.24,3.243,3.201,160678.0,513100
2020-01-03,3.27,3.254,3.27,3.233,232830.0,513100
2020-01-06,3.228,3.212,3.232,3.196,188451.0,513100
2020-01-07,3.231,3.257,3.28,3.231,187464.0,513100
2020-01-08,3.226,3.219,3.243,3.194,204365.0,513100
2020-01-09,3.253,3.29,3.29,3.253,222010.0,513100
2020-01-10,3.33,3.366,3.369,3.311,168844.0,513100
2020-01-13,3.349,3.359,3.37,3.327,358640.0,513100
2020-01-14,3.401,3.401,3.415,3.369,287783.0,513100
2020-01-15,3.397,3.41,3.411,3.38,98738.0,513100
2020-01-16,3.416,3.441,3.448,3.416,191947.0,513100
2020-01-17,3.493,3.483,3.503,3.475,174746.0,513100
2020-01-20,3.482,3.424,3.482,3.419,292527.0,513100
2020-01-21,3.424,3.397,3.436,3.354,253272.0,513100
2020-01-22,3.391,3.436,3.44,3.388,206149.0,513100
2020-01-23,3.412,3.478,3.48,3.4,176189.0,513100
