"","X600000","X600016","X600018","X600028","X600048"
"2009-01-05",0.035472,0.019656,0.036254,0.024217,0.069444
"2009-01-06",0.055394,0.028916,0.023324,0.030598,0.031818
"2009-01-07",-0.013122,-0.016393,0.008547,-0.021592,-0.007552
"2009-01-08",-0.044787,-0.021429,-0.042373,-0.015172,0.027267
"2009-01-09",0.032234,0.009732,0.00885,0,0.006173
"2009-01-12",0.014904,0,0.023392,-0.007003,-0.018405
"2009-01-13",-0.021678,-0.026506,-0.02,-0.004231,-0.056875
"2009-01-14",0.080772,0.042079,0.026239,0.025496,0.039761
"2009-01-15",-0.000661,-0.002375,-0.005682,-0.009669,0.022945
"2009-01-16",0.033752,0.033333,-0.017143,0.036262,0.042368
"2009-01-19",0.021767,0.018433,0.098837,0.049798,0.019127
"2009-01-20",0.015038,0,-0.010582,0.014103,-0.032258
"2009-01-21",0.010494,0.0181,-0.024064,-0.017699,0.001818
"2009-01-22",0.00672,0.022222,0.010959,0.018018,-0.005445
"2009-01-23",0.012743,-0.013043,-0.00813,0.003793,0.004258
"2009-02-02",-0.022768,-0.013216,0.010929,-0.013854,0
"2009-02-03",0.023299,0.017857,0.021622,0.015326,-0.001211
"2009-02-04",0.05033,0.050439,0.021164,0.023899,0.036386
"2009-02-05",-0.023959,0.006263,-0.020725,0,-0.023406
"2009-02-06",0.0263,0.029046,0.050265,0.050369,0.080887
"2009-02-09",0.013098,0.010081,0.030227,0.007018,0.022173
"2009-02-10",-0.002248,-0.003992,0.05379,0.03252,0.009219
"2009-02-11",-0.010704,0.01002,-0.00464,-0.012373,-0.033315
"2009-02-12",-0.035877,-0.031746,-0.02331,-0.02164,0.030573
"2009-02-13",0.027761,0.028689,0.0358,0.041909,0.045847
"2009-02-16",0.041379,0.043825,0.025346,0.035754,-0.012378
"2009-02-17",-0.019316,-0.030534,0.002247,-0.015102,-0.044386
"2009-02-18",-0.043894,-0.05315,-0.060538,-0.060241,-0.028962
"2009-02-19",-0.018246,-0.006237,0.00716,0.002331,0.060777
"2009-02-20",0.009592,0.016736,0.011848,0.004651,0.001592
"2009-02-23",0.043943,0.026749,0.018735,0.006944,0.059852
"2009-02-24",-0.065415,-0.062124,-0.043678,-0.066667,-0.006497
"2009-02-25",0.04017,0.032051,-0.004808,-0.006158,-0.042757
"2009-02-26",0.007022,-0.041408,-0.055556,0.01487,-0.034682
"2009-02-27",0.03312,0.012959,-0.023018,0.01221,-0.05117
"2009-03-02",-0.008999,-0.006397,-0.002618,-0.013269,0.056799
"2009-03-03",-0.038593,-0.015021,-0.018373,-0.028117,-0.0076
"2009-03-04",0.099764,0.069717,0.053476,0.057862,0.089168
"2009-03-05",0.030059,0.016293,0.040609,0.017836,0.023606
"2009-03-06",0.012507,-0.022044,0.012195,-0.004673,0.000491
"2009-03-09",-0.04632,-0.020492,-0.060241,-0.043427,0.003923
"2009-03-10",0.021587,0.008368,0.025641,0.019632,NA
"2009-03-11",-0.017961,NA,-0.0175,-0.012034,-0.035662
"2009-03-12",-0.016676,-0.024896,-0.007634,-0.004872,0.028875
"2009-03-13",-0.004923,-0.010638,0,-0.003672,-0.01034
"2009-03-16",0.04453,0.015054,0.010256,0,0.036816
"2009-03-17",0.033684,0.03178,0.027919,0.034398,0.083493
"2009-03-18",-0.012729,-0.008214,0.002469,0,-0.008415
"2009-03-19",0.015988,0.010352,0.083744,0.017815,0.008933
"2009-03-20",-0.019797,-0.008197,-0.027273,0.023337,-0.044267
"2009-03-23",0.046608,NA,0.030374,0.003421,0.053265
"2009-03-24",0.01336,0.018595,0.047619,0.007955,0.010554
"2009-03-25",0.013672,-0.008114,-0.028139,-0.005637,-0.038729
"2009-03-26",0.045761,0.038855,0.100223,0.026077,0.017202
"2009-03-27",0.021188,-0.001969,0.09919,0.00442,-0.008456
"2009-03-30",-0.007668,0.003945,0.092081,-0.013201,-0.031418
"2009-03-31",-0.003636,-0.001965,-0.010118,-0.007804,0.019926
"2009-04-01",-0.005018,0.007874,0.001704,0.007865,0.021354
"2009-04-02",0.002293,0.027344,0.035714,0.008919,0.020463
"2009-04-03",0.018756,0.074144,-0.039409,0,0.006975
"2009-04-07",-0.017063,0.00354,-0.008547,0.012155,-0.024242
"2009-04-08",-0.043399,-0.026455,-0.056897,-0.041485,-0.045697
"2009-04-09",0.052053,0.005435,0.010969,0.009112,0.024175
"2009-04-10",0.008625,0.016216,0.018083,0.014673,0.032683
"2009-04-13",0.013951,0.012411,0.028419,0.053393,0.003956
"2009-04-14",0.009321,0,-0.015544,0.011616,0.028897
"2009-04-15",-0.010114,-0.015762,-0.003509,0.019833,-0.014894
"2009-04-16",-0.002221,0.044484,0.008803,-0.011259,-0.012095
"2009-04-17",-0.019145,-0.020443,-0.026178,-0.009317,0.075208
"2009-04-20",0.02315,0.027826,0.023297,0.041797,-0.010573
"2009-04-21",-0.019965,-0.00846,-0.012259,0.009027,-0.018496
"2009-04-22",-0.01856,-0.035836,0.001773,-0.043738,-0.04062
"2009-04-23",-0.000461,-0.024779,-0.031858,0.006237,0.002182
"2009-04-24",-0.013844,0,-0.014625,-0.007231,-0.006969
"2009-04-27",-0.025737,-0.034483,-0.042672,0.006243,-0.035088
"2009-04-28",0.011047,0.009398,0.083333,-0.023785,0.006818
"2009-04-29",0.095487,0.057728,0.059034,0.028602,0.058691
"2009-04-30",0.00477,-0.015845,-0.006757,0.005149,0.082217
"2009-05-04",0.028054,0.028623,0.017007,0.035861,0.029351
"2009-05-05",NA,0.001739,0,-0.003956,0.015008
"2009-05-06",0.028128,0.041667,0.003344,-0.003972,0.023164
"2009-05-07",0.004492,0.036667,-0.018333,-0.004985,-0.000963
"2009-05-08",0.008943,0.028939,-0.006791,0.046092,0.047734
"2009-05-11",0.003223,0.001563,-0.017094,0,-0.037276
"2009-05-12",0.019679,0.042122,0.024348,0.006705,0.060707
"2009-05-13",-0.003151,0,-0.010187,0.031399,0.017125
"2009-05-14",-0.01936,-0.02994,-0.013722,-0.02214,0.006646
"2009-05-15",0.012893,NA,0.003478,-0.000943,-0.009243
"2009-05-18",0.001591,0.006173,0.02253,-0.012276,-0.024434
"2009-05-19",0.032168,0.013804,-0.010169,0.00956,0.041439
"2009-05-20",-0.01616,-0.018154,-0.015411,-0.017992,-0.00481
"2009-05-21",-0.030113,-0.044684,-0.031304,-0.012536,-0.038225
"2009-05-22",0,0.006452,NA,NA,-0.024212
"2009-05-25",0.003226,0.032051,-0.001795,0.005859,0.015449
"2009-05-26",-0.010852,-0.012423,-0.008993,-0.015534,-0.025357
"2009-05-27",0.042259,0.068471,0.001815,0.023669,0.011353
"2009-06-01",0.031189,0.037258,0.018116,0.010597,0.057063
"2009-06-02",-0.012476,-0.012931,0,-0.018112,0.028761
"2009-06-03",0.099923,0.058224,0.037367,-0.002913,0.089892
"2009-06-04",0.046293,0.009629,-0.022298,0.008763,-0.020126
"2009-06-05",0.007319,-0.009537,-0.012281,-0.014479,-0.011277
"2009-06-08",0.010238,0.057772,-0.01421,-0.009794,0.030143
"2009-06-09",-0.016738,-0.011704,0.007207,-0.002967,0.012258
"2009-06-10",-0.015009,-0.013158,0.017889,0.009921,-0.050391
"2009-06-11",0.001905,-0.013333,-0.015817,-0.002947,-0.037022
"2009-06-12",-0.028992,-0.010811,-0.014286,-0.014778,0.006835
"2009-06-15",0.048458,0.040984,0.003623,0.01,0.013152
"2009-06-16",-0.017274,-0.006562,0.018051,-0.001998,-0.012563
"2009-06-17",0.005226,0.022457,0.007092,0.011011,0.082273
"2009-06-18",0.01087,0.020672,0.040493,0.030693,0.011755
"2009-06-19",0.019168,-0.005063,0.001692,-0.004803,0.015492
"2009-06-22",0.015596,NA,-0.00473,0.015444,-0.014111
"2009-06-23",0.014002,0.034351,-0.020725,-0.019962,-0.021663
"2009-06-24",-0.004454,-0.02337,0.017637,0.020369,0.011467
"2009-06-25",-0.009396,0.006297,-0.013865,0.003802,0.026583
"2009-06-26",0.03794,0,0.00703,-0.00947,0.01409
"2009-06-29",0.010009,0.008761,0.013962,0.012428,0.040556
"2009-06-30",-0.008186,-0.01737,-0.013769,0.00661,0.006496
"2009-07-01",0.048653,0.018939,-0.001745,0.011257,0.038365
"2009-07-02",0.014085,-0.008674,0.001748,0.038961,0.001381
"2009-07-03",0.018382,-0.0075,0.010471,0.024107,0.052069
"2009-07-06",0.018853,0.012594,0.001727,0.034002,-0.028187
"2009-07-07",-0.033465,0.002488,-0.013793,-0.005059,-0.03204
"2009-07-08",-0.009776,-0.021092,0,-0.016949,0.041115
"2009-07-09",0.005759,-0.006337,0.04021,0.035345,-0.005355
"2009-07-10",-0.009407,-0.001276,-0.008403,-0.014988,0.020188
"2009-07-13",-0.032205,-0.020434,-0.00339,-0.005072,-0.036939
"2009-07-14",0.032423,0.023468,0.020408,0.012744,0.017466
"2009-07-15",0.002479,-0.002548,0.03,0.006711,-0.01582
"2009-07-16",0.033388,0.039591,-0.019417,-0.016667,0.011628
"2009-07-17",-0.000399,-0.007371,-0.009901,-0.017797,-0.012508
"2009-07-20",0.009178,0.016089,0.025,0.028473,-0.020199
"2009-07-21",-0.016607,-0.002436,-0.030894,0.020134,0.000699
"2009-07-22",0.012063,0.025641,0.001678,0.100329,0.014316
"2009-07-23",0.015097,0.046429,0.00335,0.030643,0.042685
"2009-07-24",-0.01135,-0.007964,0.026711,0.034808,-0.020139
"2009-07-27",0.017023,0.00344,0.04065,0.001402,-0.009434
"2009-07-28",-0.003893,-0.014857,0,-0.0014,-0.010544
"2009-07-29",-0.022665,-0.046404,-0.076563,-0.007708,-0.086971
"2009-07-30",0.07517,0.038929,0.011844,-0.002825,0.004895
"2009-07-31",0.010413,0.018735,0.016722,0.019122,0.023604
"2009-08-03",-0.002576,-0.004598,0.047697,0.044475,-0.019766
"2009-08-04",-0.029151,-0.025404,0.100471,0.025948,0.01419
"2009-08-05",-0.025846,-0.016588,-0.015692,-0.046693,-0.02651
"2009-08-06",-0.017558,-0.003614,-0.049275,-0.029252,0.02761
"2009-08-07",-0.012311,-0.025393,-0.007622,-0.039944,-0.027604
"2009-08-10",-0.017692,-0.007444,-0.012289,-0.019708,-0.024981
"2009-08-11",-0.003684,-0.0075,0.006221,0.030529,0.008929
"2009-08-12",-0.050123,-0.027708,-0.063369,-0.052023,0.022316
"2009-08-13",0.032872,0.014249,0.0033,-0.003811,0.038389
"2009-08-14",-0.014238,-0.045977,-0.060855,-0.010712,-0.023922
"2009-08-17",-0.050977,-0.044177,-0.059545,-0.058005,-0.074267
"2009-08-18",0.001343,0.009804,0.026071,0.037767,0.009226
"2009-08-19",-0.046044,-0.036061,-0.07804,-0.000791,-0.055644
"2009-08-20",0.042643,0.044604,0.033465,0.029295,0.035354
"2009-08-21",0.020674,0.013774,0.022857,0.007692,0.013008
"2009-08-24",-0.016292,-0.014946,0.005587,0.022137,0.01244
"2009-08-25",-0.06983,-0.06069,-0.02963,-0.002987,-0.042806
"2009-08-26",-0.004331,0.007342,0.040076,0.006742,0.02236
"2009-08-27",-0.025616,-0.011662,0.001835,-0.029018,-0.020656
"2009-08-28",-0.05754,-0.051622,-0.018315,-0.052107,-0.047146
"2009-08-31",-0.061053,-0.055988,-0.027985,-0.100243,-0.099826
"2009-09-01",0.039238,0.019769,-0.007678,0.016173,0.023626
"2009-09-02",0.039374,0.030695,0.011605,0,0.03674
"2009-09-03",0.049818,0.03605,0.038241,0.050398,0.082235
"2009-09-04",-0.002966,0,0.001842,-0.008418,0.002939
"2009-09-07",-0.011403,0.003026,0,0.00764,-0.012558
"2009-09-08",0.014042,0.012066,0.016544,0.005897,0.041967
"2009-09-09",-0.007418,NA,0.0434,0.009213,0.016273
"2009-09-10",-0.016442,-0.008942,-0.015598,-0.019087,-0.002402
"2009-09-11",0.090679,0.043609,0,0.030457,0.037319
"2009-09-14",0.00418,0.018732,0.007042,0.009031,0.017795
"2009-09-15",0.007863,-0.001414,0.005245,-0.001627,-0.011783
"2009-09-16",-0.030289,-0.025496,-0.013913,-0.020375,-0.013846
"2009-09-17",0.017511,0.020349,0.026455,0.029118,0.0039
"2009-09-18",-0.048372,-0.037037,-0.032646,-0.031528,-0.048563
"2009-09-21",-0.029814,-0.010355,0.001776,-0.017529,-0.017967
"2009-09-22",-0.039798,-0.028401,-0.04078,-0.031436,-0.032848
"2009-09-23",0.006821,-0.016923,NA,-0.006178,-0.033964
"2009-09-24",0.045336,0.039124,-0.031423,0.007993,0.025812
"2009-09-25",-0.025922,0,-0.01145,0.003524,0.010846
"2009-09-28",-0.022518,-0.021084,-0.023166,-0.015803,-0.033047
"2009-09-29",0.029843,0.023077,0.005929,0.007136,0.037284
"2009-09-30",-0.001017,0.013534,0.005894,0.000886,0.032948
"2009-10-09",0.068193,0.035608,0.035156,0.043363,0.041839
"2009-10-12",-0.01191,-0.004298,-0.013208,-0.016115,0.003579
"2009-10-13",0.018804,0.020144,0.005736,0.012069,0.009905
"2009-10-14",0.007572,0.023977,0.011407,0.020443,0.026285
"2009-10-15",0.004227,0.006887,0,NA,0.015673
"2009-10-16",0.009355,-0.005472,-0.005639,-0.013356,0.004893
"2009-10-19",0.034291,0.024759,0.015123,0.013536,0.049438
"2009-10-20",0.021953,0.024161,0.022346,0.01586,-0.005353
"2009-10-21",-0.007014,0.015727,-0.009107,-0.005752,-0.006459
"2009-10-22",-0.009713,-0.005161,-0.007353,-0.01405,-0.013001
"2009-10-23",0.021846,0.024643,0.011111,0.021794,0.013172
"2009-10-26",-0.003927,0.020253,-0.016484,-0.006563,-0.007223
"2009-10-27",-0.036794,-0.01861,-0.007449,-0.037985,-0.033103
"2009-10-28",-0.007276,-0.017699,-0.007505,0.006009,-0.006396
"2009-10-29",-0.01191,-0.030888,-0.020794,-0.022184,-0.037864
"2009-10-30",0.007881,0.01992,0.005792,0.011344,0.015742
"2009-11-02",0.056578,0.054688,0.040307,0.012079,0.037582
"2009-11-03",0.008707,0,0.001845,0.02046,0.003361
"2009-11-04",0.02158,0.001235,0.001842,0.004177,-0.024563
"2009-11-05",-0.00507,-0.002466,0.011029,0.016639,-0.002671
"2009-11-06",0.003397,0.004944,0.007273,-0.004092,0.013772
"2009-11-09",-0.005078,-0.00246,0.005415,-0.000822,-0.009057
"2009-11-10",-0.000851,0.001233,-0.008977,-0.006579,0.028561
"2009-11-11",-0.009791,-0.013547,-0.003623,-0.011589,-0.014069
"2009-11-12",-0.006449,0.009988,0.021818,-0.000838,-0.013519
"2009-11-13",0.013414,0.039555,0,-0.002515,-0.005329
"2009-11-16",0.025192,0.017836,0.019573,0.02521,0.029851
"2009-11-17",0.001249,-0.002336,0.001745,0.009836,0.004831
"2009-11-18",-0.002496,-0.007026,0.026132,0.032468,-0.012574
"2009-11-19",-0.007506,0.001179,0.001698,0.003145,0.003745
"2009-11-20",-0.007563,-0.008245,-0.008475,-0.018025,0.002612
"2009-11-23",-0.00127,0,0.005128,0.008779,-0.010048
"2009-11-24",-0.024587,-0.027316,0.015306,-0.038766,-0.012406
"2009-11-25",0.007388,0.020757,0.015075,0.011523,0.003807
"2009-11-26",-0.051337,-0.057416,-0.044554,-0.031733,-0.022374
"2009-11-27",-0.024102,-0.044416,-0.022453,0.003361,-0.054694
"2009-11-30",0.026095,0.022576,0.022968,0.019263,0.021748
"2009-12-01",0.001817,0,0.003454,0.000822,0
"2009-12-02",0.009519,0.009091,0.015491,0.004926,0.028112
"2009-12-03",-0.007185,-0.01287,-0.00678,-0.011438,-0.021875
"2009-12-04",0.049299,0.044329,0.018771,0.053719,0.019169
"2009-12-07",-0.007759,-0.001248,-0.00335,-0.001569,0.021944
"2009-12-08",-0.023892,-0.02,-0.018487,0.003142,-0.003834
"2009-12-09",-0.024922,-0.017857,-0.02226,0.012529,-0.030408
"2009-12-10",0.008215,0.01039,0,-0.010054,-0.008337
"2009-12-11",0.000905,-0.005141,0.003503,-0.0125,-0.010408
"2009-12-14",0.016282,0.01938,0.020942,0.083861,-0.005663
"2009-12-15",-0.020472,-0.013942,-0.013675,-0.00438,-0.033767
"2009-12-16",-0.005906,-0.002571,-0.013865,-0.021261,-0.001263
"2009-12-17",-0.021938,-0.010309,-0.02109,-0.031461,-0.002951
"2009-12-18",-0.031308,-0.023438,-0.017953,0.00464,-0.074841
"2009-12-21",-0.003859,-0.008,0.009141,-0.00154,0.011883
"2009-12-22",-0.030993,-0.022849,-0.019928,0.000771,-0.028004
"2009-12-23",0.002499,-0.004127,0.003697,0.008475,0.005576
"2009-12-24",0.031406,0.029006,0.018416,0.019862,0.020333
"2009-12-25",-0.016433,0.002685,-0.01085,-0.002996,-0.000906
"2009-12-28",0.020639,0.012048,0.016453,0.01728,0.00544
"2009-12-29",0.007703,0.013228,0.043165,0.012555,-0.020289
"2009-12-30",0.033445,0.030026,0,0.031364,0.025311
"2009-12-31",0.002774,0.002535,0,-0.003536,0.005386
"2010-01-04",-0.023052,0.002528,-0.001724,-0.019163,-0.022321
"2010-01-05",0.007551,0.017654,0.001727,0.005789,-0.03105
"2010-01-06",-0.019672,-0.019827,-0.010345,-0.021583,-0.000943
"2010-01-07",-0.022456,-0.026549,-0.027875,-0.026471,0.000472
"2010-01-08",0.011241,0.01039,0.003584,-0.010574,0.013201
"2010-01-11",0,0.011568,0.007143,-0.005344,-0.022801
"2010-01-12",0.005317,0.005083,0.049645,0.022256,0.014762
"2010-01-13",-0.046635,-0.044248,-0.027027,-0.035285,-0.041295
"2010-01-14",0.00706,0.001323,0.03125,0.007004,0.007832
"2010-01-15",0.003505,0,0,0.008501,0.018941
"2010-01-18",0.00998,0.002642,0.008418,-0.009195,0.017636
"2010-01-19",0.005435,0.01581,-0.011686,0.010054,-0.003279
"2010-01-20",-0.027518,-0.027237,0.015203,-0.046708,-0.036184
"2010-01-21",0.034361,0.017333,-0.004992,-0.009639,0.003413
"2010-01-22",0.021006,0.019659,-0.026756,-0.010543,-0.028669
"2010-01-25",-0.021053,-0.01928,-0.013746,-0.004918,-0.003002
"2010-01-26",0.011241,-0.010485,-0.033101,-0.040362,-0.048169
"2010-01-27",-0.040116,-0.030464,-0.003604,-0.013734,0
"2010-01-28",-0.008056,-0.009563,0.005425,0.001741,0.011597
"2010-01-29",-0.004061,-0.002759,-0.010791,-0.007819,-0.006774
"2010-02-01",-0.020387,-0.016598,-0.025455,-0.024518,0.022036
"2010-02-02",0.001041,0.001406,0,-0.004488,-0.005647
"2010-02-03",0.033784,0.023876,0.027985,0.022543,0.026846
"2010-02-04",-0.011564,-0.005487,-0.001815,-0.013228,-0.001508
"2010-02-05",-0.012208,-0.016552,-0.016364,-0.023235,-0.039778
"2010-02-08",-0.010299,-0.004208,-0.003697,-0.010064,-0.022549
"2010-02-09",0.010406,0.011268,0.012987,0.004621,0
"2010-02-10",0.013388,0.006964,0,0.014719,0.021996
"2010-02-11",-0.002033,0,-0.003663,0.004533,0.015748
"2010-02-12",0.008656,0.006916,0.007353,0.015343,0.006202
"2010-02-22",-0.006562,-0.006868,0.00365,-0.010667,-0.016949
"2010-02-23",-0.009654,-0.009682,0.009091,-0.013477,-0.007837
"2010-02-24",0.008722,0.013966,0.007207,0.015483,0.019484
"2010-02-25",0.054934,0.013774,0.003578,0.013453,0.030992
"2010-02-26",NA,-0.004076,-0.008913,-0.000885,-0.002505
"2010-03-01",NA,0.012278,0.001799,0.009743,-0.004018
"2010-03-02",NA,0.002695,-0.001795,-0.010526,NA
"2010-03-03",NA,0.001344,0.010791,0.003546,-0.008573
"2010-03-04",NA,-0.025503,0.005338,-0.023852,-0.024415
"2010-03-05",NA,-0.001377,0.033628,-0.000905,-0.003128
"2010-03-08",NA,0.008276,-0.008562,0.006341,0.016213
"2010-03-09",NA,0.016416,-0.010363,0.005401,0.043747
"2010-03-10",NA,-0.009421,-0.017452,0.008057,-0.018245
"2010-03-11",0.027001,0.013587,-0.001776,0.020426,-0.007032
"2010-03-12",-0.012207,-0.009383,-0.019573,-0.015666,-0.016186
"2010-03-15",-0.01711,-0.018945,-0.001815,-0.015031,0.00874
"2010-03-16",0.024662,0.011034,0.005455,0.016158,0.013252
"2010-03-17",0.022652,0.016371,0.018083,0.013251,0.026157
"2010-03-18",0.001384,-0.004027,-0.001776,-0.000872,0.013725
"2010-03-19",0.004608,0.004043,0.003559,0.013089,0.009188
"2010-03-22",0.018807,0.013423,0,0.000861,-0.012937
"2010-03-23",-0.009455,-0.015894,-0.014184,-0.002582,-0.019417
"2010-03-24",0.001364,0.001346,-0.003597,-0.001726,-0.000495
"2010-03-25",-0.019065,-0.014785,-0.012635,-0.007779,-0.018821
"2010-03-26",0.030079,0.020464,0.018282,0.027003,0.019687
"2010-03-29",0.032345,0.03877,0.012567,0.017812,0.031188
"2010-03-30",NA,0.003861,0,-0.004167,-0.00048
"2010-03-31",-0.008703,-0.014103,-0.008865,-0.01841,-0.006244
"2010-04-01",0.003073,0.007802,0.003578,0.01023,0.030933
"2010-04-02",0.002626,0.00129,0.00713,0.012658,0.005157
"2010-04-06",0.003492,0.002577,0,-0.0125,-0.035914
"2010-04-07",-0.009134,-0.012853,-0.00531,-0.010127,-0.025157
"2010-04-08",-0.00878,-0.015625,-0.012456,-0.02046,-0.030769
"2010-04-09",0.015943,0.003968,0.007207,0.007833,0.003584
"2010-04-12",-0.022232,-0.017128,-0.010733,-0.021589,-0.042857
"2010-04-13",0.02675,0.029491,0.01085,0.022948,0.010128
"2010-04-14",-0.006513,0.001302,-0.005367,-0.004314,-0.008443
"2010-04-15",-0.004808,0.002601,-0.007194,0.015598,-0.013305
"2010-04-16",-0.031181,-0.023346,0,-0.019625,0.005933
"2010-04-19",-0.067996,-0.059761,-0.04529,-0.052219,-0.092761
"2010-04-20",-0.000973,0.001412,-0.009488,-0.02112,NA
"2010-04-21",0.015579,0.008463,0.01341,0.007505,0.004137
"2010-04-22",-0.032119,-0.026573,-0.017013,-0.020484,-0.013537
"2010-04-23",0.009906,-0.005747,-0.005769,-0.018061,0.005967
"2010-04-26",0.003433,-0.008671,-0.005803,-0.008712,-0.004152
"2010-04-27",-0.017107,-0.017493,-0.019455,-0.024414,-0.011495
"2010-04-28",NA,-0.002967,-0.013889,0.004004,-0.018913
"2010-04-29",0.003978,0.019345,0.002012,-0.006979,-0.004819
"2010-04-30",0.019812,0.024818,0.014056,0.012048,-0.003228
"2010-05-04",-0.019427,-0.017094,-0.007921,-0.011905,-0.075304
"2010-05-05",0.005944,0.017391,0.005988,-0.008032,0.000876
"2010-05-06",-0.062531,-0.04416,-0.037698,-0.055668,-0.067367
"2010-05-07",-0.025735,-0.008942,-0.030928,-0.034298,-0.00469
"2010-05-10",0.023181,0.025564,NA,0.009989,0.032045
"2010-05-11",-0.012118,-0.02346,-0.010638,-0.015385,-0.026484
"2010-05-12",0.023467,0.024024,-0.002151,0.006696,0.035647
"2010-05-13",0.027097,0.007331,0.015086,0.031042,0.004529
"2010-05-14",-0.015728,-0.008734,-0.006369,-0.010753,-0.017133
"2010-05-17",-0.038144,-0.029369,-0.055556,-0.045652,-0.073394
"2010-05-18",0.036977,0.022693,0.004525,NA,0.079208
"2010-05-19",-0.004651,-0.005917,-0.002252,0.009112,-0.017431
"2010-05-20",-0.018172,-0.008929,-0.009029,-0.011287,-0.016807
"2010-05-21",0.016922,0.004505,-0.013667,0.003425,0.059829
"2010-05-24",0.026521,0.025411,0.039261,0.031854,0.08871
"2010-05-25",-0.030395,-0.03207,0.008889,-0.027563,-0.040329
"2010-05-26",-0.001567,0,-0.011013,-0.001134,0.003431
"2010-05-27",0.010466,0.012048,0.006682,0.007946,0.002564
"2010-05-28",-0.009322,-0.005952,-0.004425,-0.002252,-0.024723
"2010-05-31",-0.030842,-0.020958,-0.022222,-0.027088,-0.034091
"2010-06-01",-0.006472,-0.015291,0.002273,-0.012761,-0.029864
"2010-06-02",-0.001086,-0.003106,-0.002268,-0.003525,0.029851
"2010-06-03",-0.01087,-0.014019,-0.013636,-0.010613,-0.028986
"2010-06-04",-0.001648,-0.012638,-0.002304,0.001192,0.017724
"2010-06-07",-0.029169,-0.0288,-0.025404,-0.02381,-0.025665
"2010-06-08",-0.013605,-0.001647,-0.016588,-0.004878,0.001881
"2010-06-09",0.063218,0.047855,0.016867,0.028186,0.061033
"2010-06-10",-0.02919,-0.029921,-0.00237,-0.014303,-0.022124
"2010-06-11",0.008759,0.00487,0.004751,0.008464,0.011765
"2010-06-17",0.002171,0.001616,0,0.002398,0.009839
"2010-06-18",0.00361,NA,-0.028369,-0.002424,-0.0062
"2010-06-21",0.041727,0.030645,0.026764,0.024301,0.051693
"2010-06-22",0.000691,0,0.004739,0.008304,0.002542
"2010-06-23",-0.016563,-0.01252,-0.018868,-0.009412,-0.015216
"2010-06-24",0.006316,0.00317,0.002404,-0.005938,-0.00515
"2010-06-25",0.004184,0.004739,0.01199,-0.002389,-0.012942
"2010-06-28",0.002083,-0.001572,-0.007109,-0.013174,0
"2010-06-29",-0.046431,-0.044094,-0.033413,-0.026699,-0.070804
"2010-06-30",-0.011628,-0.003295,-0.059259,-0.024938,-0.037629
"2010-07-01",-0.007353,-0.003306,0.018373,-0.001279,-0.010753
"2010-07-02",0.012593,0.008292,0.006185,0.002561,0.038538
"2010-07-05",-0.010241,-0.004934,-0.023622,-0.007663,0.026641
"2010-07-06",0.022173,0.014876,0.021505,0.016731,0.014829
"2010-07-07",-0.005061,-0.001629,-0.002632,0.001266,-0.003653
"2010-07-08",0.00218,0.008157,0.023747,0.003793,0.008249
"2010-07-09",0.031907,0.027508,0.015464,0.018892,0.038182
"2010-07-12",0.014055,0.014173,0,0.007417,0.036778
"2010-07-13",-0.018018,-0.007764,-0.020305,-0.019632,-0.043074
"2010-07-14",0.016937,0.00626,0.012953,0.01627,-0.001765
"2010-07-15",-0.021513,-0.006843,-0.023018,-0.020936,-0.007073
"2010-07-16",0.003546,-0.003788,-0.002618,-0.012579,0.002671
"2010-07-19",0.026855,0.015209,0.020997,0.030573,0.029307
"2010-07-20",0.008259,0.013109,0.020566,0.035847,0.029336
"2010-07-21",0,-0.005545,0.025189,0.004773,-0.00922
"2010-07-22",0.010239,0.007435,0.002457,0.005938,0.044839
"2010-07-23",0.008108,0.012915,-0.007353,0.001181,0.002429
"2010-07-26",-0.002011,0,0.002469,0.011792,0.008078
"2010-07-27",-0.018805,-0.010929,0,-0.004662,-0.000801
"2010-07-28",0.031485,0.020258,0.019704,0.025761,0.042502
"2010-07-29",0.000664,0.00722,0.007246,0.011416,0.01
"2010-07-30",-0.006631,0.001792,-0.009592,0.004515,0.001523
"2010-08-02",0.021362,0.014311,0.009685,0.001124,0.025095
"2010-08-03",-0.02549,-0.021164,-0.016787,-0.021324,-0.013353
"2010-08-04",-0.008048,-0.001802,-0.004878,-0.002294,-0.015789
"2010-08-05",-0.017579,-0.021661,-0.009804,-0.016092,-0.045073
"2010-08-06",0.011012,0.012915,0.017327,0.011682,0.0128
"2010-08-09",-0.006127,0,0.002433,-0.004619,-0.003949
"2010-08-10",-0.036301,-0.018215,-0.026699,-0.038283,-0.026963
"2010-08-11",0.003554,0.012987,0.002494,-0.001206,0.025265
"2010-08-12",-0.016289,-0.001832,-0.017413,-0.012077,-0.00159
"2010-08-13",0.007199,0,0.010127,0.01467,0.023885
"2010-08-16",0.022159,0.020183,0.070175,0.025301,0.008554
"2010-08-17",0.007692,0.001799,-0.007026,-0.005875,0.024672
"2010-08-18",-0.007634,0.001795,-0.016509,-0.007092,-0.009782
"2010-08-19",0.01049,0.012545,0.004796,0.039286,-0.022036
"2010-08-20",-0.017993,-0.015929,-0.004773,-0.0252,-0.028749
"2010-08-23",0.010571,-0.001799,-0.007194,-0.008226,-0.0152
"2010-08-24",0.002789,-0.003604,0.009662,0,0.022746
"2010-08-25",-0.024339,-0.023508,0.019139,-0.026066,-0.035743
"2010-08-26",-0.004277,0,0.051643,0.002433,0
"2010-08-27",0.000716,0.003704,0.035714,0.001214,-0.005766
"2010-08-30",0.008584,0.005535,-0.002155,0.010909,0.003314
"2010-08-31",-0.007801,-0.011009,-0.017279,-0.013189,-0.009083
"2010-09-01",0,0,-0.035165,-0.00243,-0.0125
"2010-09-02",0.005718,0.001855,0.013667,0.01827,-0.001688
"2010-09-03",-0.008529,-0.007407,0.004494,-0.005981,-0.005072
"2010-09-06",0.020072,0.016791,-0.004474,0.028881,0.019541
"2010-09-07",-0.004919,-0.00367,0.042697,-0.004678,0.011667
"2010-09-08",-0.019068,-0.020258,-0.006466,-0.009401,-0.028007
"2010-09-09",-0.025198,-0.018797,-0.02603,-0.022539,-0.040678
"2010-09-10",-0.002216,0,0.011136,-0.002427,-0.017668
"2010-09-13",-0.00148,-0.005747,-0.006608,0.013381,0.026978
"2010-09-14",0.000741,0,-0.015521,0.001212,-0.002627
"2010-09-15",-0.012593,-0.017341,-0.022523,-0.001211,-0.021071
"2010-09-16",-0.023256,-0.017647,-0.029954,-0.021818,-0.018834
"2010-09-17",-0.004608,-0.001996,-0.002375,-0.004957,0.006399
"2010-09-20",NA,0,0,0,-0.019074
"2010-09-21",-0.001543,0.002,0.011905,0.006227,-0.001852
"2010-09-27",-0.000773,0,0,0,0.044527
"2010-09-28",-0.027069,-0.007984,-0.018824,-0.016089,-0.006217
"2010-09-29",-0.007154,0.008048,0,0.008805,0.014298
"2010-09-30",0.03763,0.017964,0.004796,0.022444,0.088987
"2010-10-08",0.030864,0.021569,0.02148,0.029268,0.029126
"2010-10-11",0.039671,0.023033,0.028037,0.028436,0.055031
"2010-10-12",0.00504,-0.005629,-0.011364,0.039171,0.016393
"2010-10-13",0.034384,0.018868,0.022989,-0.013304,0.099707
"2010-10-14",-0.003463,0.009259,0.013483,0.01236,-0.001333
"2010-10-15",0.059764,0.044037,0.019956,0.043285,0.036716
"2010-10-18",0.006557,0.019332,0.032609,-0.003191,0.005151
"2010-10-19",0.000651,0.003448,-0.006316,0.005336,-0.028828
"2010-10-20",-0.005859,-0.003436,-0.03178,-0.031847,-0.077836
"2010-10-21",-0.037983,-0.027586,-0.002188,0.001096,-0.007153
"2010-10-22",-0.00953,-0.010638,NA,-0.009858,0.011527
"2010-10-25",0.011684,0.014337,NA,0.019912,0.008547
"2010-10-26",-0.006793,-0.001767,NA,-0.005423,0.033192
"2010-10-27",-0.012996,-0.014159,NA,-0.014177,0.010936
"2010-10-28",0.009702,0,NA,-0.002212,0.014199
"2010-10-29",-0.006177,-0.019749,-0.008772,-0.012195,-0.049333
"2010-11-01",0.01174,0.010989,0.011062,0.020202,-0.004909
"2010-11-02",-0.010239,-0.009058,0,-0.0033,0.017618
"2010-11-03",0.013103,0.027422,-0.015317,0.002208,0.009695
"2010-11-04",0.000681,0.003559,0.006667,0.017621,-0.004115
"2010-11-05",0.001361,0.007092,0.00883,-0.002165,0.017218
"2010-11-08",0.012908,0.010563,0.015317,0.007592,0.021666
"2010-11-09",-0.026828,-0.013937,-0.017241,-0.018299,-0.041087
"2010-11-10",-0.026878,-0.021201,-0.017544,-0.010965,-0.046303
"2010-11-11",0.008499,0.01083,0.006696,0.052106,0.010145
"2010-11-12",-0.060393,-0.05,-0.062084,-0.032666,-0.073171
"2010-11-15",0.011211,0.007519,NA,-0.027233,0.002322
"2010-11-16",-0.036955,-0.033582,-0.026005,-0.052632,-0.054826
"2010-11-17",0.007675,-0.003861,-0.014563,-0.021277,0.005719
"2010-11-18",0.00457,0.007752,0.007389,0.013285,0.005686
"2010-11-19",-0.005307,-0.001923,0.002445,-0.004768,0.001616
"2010-11-22",-0.019055,-0.019268,-0.017073,-0.009581,-0.012097
"2010-11-23",-0.016317,-0.005894,-0.024814,-0.021765,-0.026122
"2010-11-24",0.010269,0.011858,0.020356,0.008653,0.019279
"2010-11-25",0.016419,0.009766,0.007481,0.011029,0.058388
"2010-11-26",0.003077,-0.007737,-0.007426,-0.007273,-0.03108
"2010-11-29",-0.006135,0,0,-0.001221,-0.015237
"2010-11-30",-0.020833,-0.011696,-0.014963,-0.006112,-0.013029
"2010-12-01",0.00394,0,0.002532,-0.00615,0.009076
"2010-12-02",0.003925,0.005917,0.007576,0.008663,0
"2010-12-03",0.002346,0,-0.002506,0.003681,0.017171
"2010-12-06",0.017941,0.005882,-0.005025,0.01956,0.011254
"2010-12-07",0.000766,0,0.002525,-0.007194,0.014308
"2010-12-08",-0.011485,-0.011696,-0.015113,-0.01087,-0.004702
"2010-12-09",-0.016266,-0.005917,0.005115,-0.013431,-0.044882
"2010-12-10",0.006299,0.007937,0.010178,0.00495,-0.006595
"2010-12-13",0.017214,0.01378,0.027708,0.029557,0.044813
"2010-12-14",-0.003846,-0.005825,-0.004902,-0.008373,0.003177
"2010-12-15",-0.000772,0,-0.007389,0,-0.019794
"2010-12-16",-0.011592,-0.005859,-0.009926,-0.007238,0.012116
"2010-12-17",-0.005473,-0.001965,0.002506,-0.003645,-0.005587
"2010-12-20",-0.022799,-0.009843,-0.025,-0.012195,-0.014446
"2010-12-21",0.028962,0.017893,0.015385,0.019753,0.100163
"2010-12-22",-0.019547,-0.011719,-0.012626,-0.003632,0.019985
"2010-12-23",0.012759,0.005929,-0.007673,-0.008505,0.007983
"2010-12-24",0.00315,0.001965,0.005155,0,0
"2010-12-27",-0.018053,-0.007843,-0.017949,-0.008578,-0.009359
"2010-12-28",-0.010392,-0.001976,-0.020888,-0.008653,-0.061773
"2010-12-29",0.000808,-0.005941,0,0.001247,-0.003098
"2010-12-30",-0.006457,-0.001992,0.021333,-0.004981,-0.027972
"2010-12-31",0.006499,0.001996,-0.005222,0.008761,0.015188
"2011-01-04",0.017756,0.00996,0.007874,0.01737,0.099213
"2011-01-05",0.00793,-0.005917,0,-0.010976,0.003582
"2011-01-06",-0.003147,-0.001984,0,-0.003699,0.02641
"2011-01-07",0.044199,NA,0.002604,0.012376,0.000695
"2011-01-10",-0.012094,0.00994,-0.015584,0.002445,-0.029882
"2011-01-11",0.025249,0.007874,0.063325,0.019512,0.055874
"2011-01-12",0.006716,0.005859,0.009926,0,0.025102
"2011-01-13",-0.011119,-0.001942,-0.014742,0.020335,-0.015884
"2011-01-14",-0.014993,-0.007782,0,0.007034,0.001345
"2011-01-17",-0.040335,-0.017647,0.002494,-0.023283,-0.086635
"2011-01-18",0.006344,-0.003992,0.034826,0.008343,0
"2011-01-19",0.010244,0.004008,0.045673,0.022459,0.022794
"2011-01-20",-0.026521,-0.013972,-0.025287,-0.025434,-0.063264
"2011-01-21",0.021635,0.012146,0.025943,0.032028,0.034536
"2011-01-24",-0.000784,-0.006,-0.009195,0.011494,0.008902
"2011-01-25",0.010204,0,-0.016241,-0.014773,0.007353
"2011-01-26",0.000777,0.004024,0.004717,0.00346,0.010219
"2011-01-27",-0.003882,0.004008,0.023474,0.013793,-0.043353
"2011-01-28",-0.010912,-0.003992,-0.020642,-0.00907,-0.012085
"2011-01-31",0.002364,0.008016,-0.002342,0.029748,-0.009939
"2011-02-01",0.003145,0.007952,0.00939,0.002222,-0.003861
"2011-02-09",-0.010188,-0.00789,0.023256,-0.009978,-0.030233
"2011-02-10",0.011085,0.017893,0.004545,0,0.019984
"2011-02-11",-0.001566,-0.001953,-0.00905,-0.004479,0.023511
"2011-02-14",0.030588,0.021526,0.050228,0.022497,0.026799
"2011-02-15",-0.008371,-0.007663,-0.017391,0.011001,0.004474
"2011-02-16",-0.005372,-0.007722,0.022124,0.008705,-0.011878
"2011-02-17",0.009259,0.001946,0.006494,0,-0.025545
"2011-02-18",-0.003058,0,-0.025806,-0.014024,0.000771
"2011-02-21",-0.002301,0.005825,0.011038,0.014223,0.003852
"2011-02-22",-0.027671,-0.015444,-0.032751,-0.057174,-0.056792
"2011-02-23",-0.003162,0,-0.009029,-0.020595,0.003255
"2011-02-24",-0.000793,-0.001961,-0.004556,-0.001168,0.007299
"2011-02-25",0.003968,NA,0.009153,-0.009357,-0.007246
"2011-02-28",0.004743,0.003929,0.036281,0.005903,0.003244
"2011-03-01",0.018883,0.007828,-0.002188,0.012911,0.034762
"2011-03-02",0.017761,0.009709,-0.015351,-0.004635,-0.010938
"2011-03-03",0.020486,0.017308,-0.033408,0,0.009479
"2011-03-04",0.008178,0.011342,0.018433,0.018626,0.024257
"2011-03-07",0.003687,0.013084,NA,0.010286,0.007639
"2011-03-08",0.00147,-0.005535,0.011312,-0.007919,0.009856
"2011-03-09",-0.001467,0.003711,-0.008949,0.00114,-0.00976
"2011-03-10",-0.027186,-0.025878,-0.045147,-0.018223,-0.005307
"2011-03-11",-0.010574,-0.005693,0.009456,-0.008121,-0.016768
"2011-03-14",0.001527,0.005725,0.016393,0.00117,-0.002326
"2011-03-15",-0.016006,-0.013283,-0.036866,-0.016355,-0.020979
"2011-03-16",0.007746,0.005769,0.004785,0.007126,0.004762
"2011-03-17",-0.01153,-0.013384,-0.019048,0.010613,-0.019747
"2011-03-18",0.00311,0.001938,-0.012136,-0.002334,0.020145
"2011-03-21",0.003101,-0.001934,0.007371,0.002339,0.010269
"2011-03-22",0.018547,0.023256,0.004878,0,NA
"2011-03-23",0.007587,0.005682,0.004854,0.002334,0.039093
"2011-03-24",-0.00753,-0.003766,0,0.001164,-0.00602
"2011-03-25",0.016692,0.015123,0.007246,0.00814,0.044663
"2011-03-28",0.002985,0.026071,-0.009592,-0.001153,0.006522
"2011-03-29",0.013393,0.021779,-0.002421,-0.013857,0.007199
"2011-03-30",0.016887,0.003552,0.004854,0.012881,-0.027877
"2011-03-31",-0.016606,-0.010619,-0.012077,-0.013873,-0.0125
"2011-04-01",0.038179,0.039356,0.00978,0.003517,0.050633
"2011-04-06",0.031825,0.022375,0.029056,0.017523,0.021262
"2011-04-07",-0.002742,0,-0.004706,0,-0.004164
"2011-04-08",-0.002062,-0.001684,0.002364,0.014925,0.002787
"2011-04-11",0.000689,-0.001686,0.002358,-0.006787,-0.022238
"2011-04-12",-0.006882,-0.011824,0.007059,0.009112,-0.016347
"2011-04-13",0.038808,0.022222,0.004673,0.003386,0.022399
"2011-04-14",-0.002001,0.006689,-0.002326,-0.007874,-0.022615
"2011-04-15",0.008021,0.013289,-0.006993,0.007937,0.023138
"2011-04-18",-0.005305,-0.003279,NA,0.017998,0.013428
"2011-04-19",-0.028667,-0.023026,-0.016432,-0.00884,NA
"2011-04-20",-0.004118,-0.005051,0.002387,-0.010033,-0.040446
"2011-04-21",0.002757,0.011844,0.007143,0,0.002907
"2011-04-22",-0.006873,0.005017,0.01182,-0.018018,-0.006522
"2011-04-25",0.006228,0,-0.004673,-0.011468,-0.019694
"2011-04-26",0.014443,0.013311,-0.025822,-0.011601,0.008185
"2011-04-27",-0.008814,0.01642,-0.004819,0.003521,-0.019926
"2011-04-28",NA,-0.003231,-0.026634,-0.003509,-0.027861
"2011-04-29",-0.023256,-0.003241,0.014925,0.014085,0.017816
"2011-05-03",7e-04,0.004878,0.017157,0.00463,-0.003805
"2011-05-04",-0.03219,NA,0,-0.024194,-0.022918
"2011-05-05",0.003615,-0.024272,-0.00241,0.012987,0.015637
"2011-05-06",-0.004323,-0.028192,0.016908,-0.011655,0.003079
"2011-05-09",-0.004342,-0.006826,0,-0.005896,-0.002302
"2011-05-10",0.015262,0.0189,-0.004751,0.002372,0.013077
"2011-05-11",-0.006442,-0.003373,0.002387,-0.005917,0.01063
"2011-05-12",-0.016571,-0.003384,-0.019048,-0.009524,-0.008264
"2011-05-13",0.013187,0.006791,0.007282,NA,0.018939
"2011-05-16",-0.010123,-0.020236,-0.004819,-0.004808,-0.004461
"2011-05-17",0.01607,0.008606,-0.004843,-0.001208,0.004256
"2011-05-18",0.017254,0.027304,0.004866,0.006046,0.014735
"2011-05-19",-0.000707,0.003322,-0.004843,-0.002404,-0.021297
"2011-05-20",0.007072,0.003311,NA,0,-0.002967
"2011-05-23",-0.026685,-0.026403,-0.021898,-0.022892,-0.015873
"2011-05-24",-0.000722,0.00339,-0.00995,-0.002466,0
"2011-05-25",-0.018051,-0.018581,-0.027638,-0.009889,-0.008065
"2011-05-26",0.003676,NA,0.002584,-0.001248,-0.010163
"2011-05-27",0.00293,0.017212,0.005155,0,0.00924
"2011-05-30",0.008035,0.001692,0.005128,-0.0025,-0.032553
"2011-05-31",0.004348,0.023649,0.007653,0.010025,-0.012618
"2011-06-01",-0.008658,-0.013201,-0.005063,-0.004963,-0.007455
"2011-06-02",-0.038574,-0.040134,-0.010178,-0.01995,-0.02897
"2011-06-03",0.005071,0.003484,0.007712,0.005089,0.01547
"2011-06-07",0.000991,0.006944,0.002551,0.01519,0.002176
"2011-06-08",-0.017822,-0.008621,0,0.002494,0.035831
"2011-06-09",-0.023185,-0.012174,-0.012723,-0.00995,-0.025157
"2011-06-10",0.00516,0.008961,0,0,0.034409
"2011-06-13",0.005133,0.019538,0.005155,-0.005025,-0.009356
"2011-06-14",0.013279,0.012195,0.002564,0.026515,0.068206
"2011-06-15",-0.020161,-0.005164,-0.002558,-0.00615,0.003929
"2011-06-16",-0.011317,-0.00519,-0.015385,-0.006188,-0.02544
"2011-06-17",-0.005203,-0.001739,0.007813,0.014944,0.018072
"2011-06-20",0.009414,0.008711,-0.01292,0,0.0286
"2011-06-21",0.003109,0.003454,0.002618,0.001247,0.010547
"2011-06-22",-0.005165,-0.001721,0,0.002491,-0.004744
"2011-06-23",0.011423,0.012069,0.005222,0.006211,0.009533
"2011-06-24",0.036961,0.027257,0.018182,0.014815,0.010387
"2011-06-27",-0.00297,0,-0.002551,0,-0.01215
"2011-06-28",-0.006951,-0.00995,0.005115,-0.004866,0.014191
"2011-06-29",-0.024,-0.041876,-0.012723,-0.00489,-0.012127
"2011-06-30",0.008197,0.001748,0.005155,0.011057,0.037771
"2011-07-01",-0.010163,-0.00349,0,-0.006075,0.021838
"2011-07-04",0.036961,0.024518,0.015385,0.012225,0.005343
"2011-07-05",-0.00495,0,-0.002525,0.001208,0.003543
"2011-07-06",-0.012935,-0.018803,0.002532,-0.006031,-0.015004
"2011-07-07",0.001008,0.001742,-0.007576,-0.01335,0.005376
"2011-07-08",0.021148,0.003478,0.005089,-0.00492,0.009804
"2011-07-11",-0.008876,-0.006932,0.010127,0.002472,-0.006178
"2011-07-12",-0.016915,-0.012216,-0.010025,-0.01233,-0.038188
"2011-07-13",0.013158,0.014134,0.012658,0.006242,0.012927
"2011-07-14",0.008991,0,-5e-04,-0.001241,-0.006381
"2011-07-15",-0.00099,0.008711,0,0.001242,-0.027523
"2011-07-18",-0.00892,-0.008636,-0.007712,-0.003722,0.007547
"2011-07-19",-0.015,-0.010453,-0.005181,-0.003736,0.029026
"2011-07-20",-0.001015,-0.001761,0.002604,-0.00375,0.009099
"2011-07-21",-0.011179,-0.007055,0,-0.010038,-0.022543
"2011-07-22",-0.003083,-0.001776,0.005195,-0.001267,-0.01107
"2011-07-25",-0.027835,-0.030249,-0.002584,-0.020305,-0.045709
"2011-07-26",-0.00106,-0.001835,0.005181,0.006477,NA
"2011-07-27",-0.003185,0,0.005155,-0.001287,0.004888
"2011-07-28",-0.018104,-0.022059,-0.012821,-0.002577,0.002918
"2011-07-29",0.019523,0.022556,0.005195,0.003876,0.015519
"2011-08-01",-0.008511,-0.007353,-0.005168,-0.002574,0.021012
"2011-08-02",-0.006438,-0.009259,-0.012987,-0.014194,-0.008419
"2011-08-03",0,0.001869,-0.013158,-0.005236,0.011321
"2011-08-04",0.00216,0.001866,-0.002667,0.001316,-0.011194
"2011-08-05",-0.02694,-0.018622,-0.029412,-0.026281,-0.010377
"2011-08-08",-0.033223,-0.018975,-0.016529,-0.045884,-0.00572
"2011-08-09",0.016037,0.007737,-0.019608,-0.002829,0.03931
"2011-08-10",0.00451,0.003839,0.002857,0.007092,0.01476
"2011-08-11",0.021324,0.021033,0.002849,0.005634,0.018182
"2011-08-12",-0.007692,0.007491,0.022727,0.002801,-0.019643
"2011-08-15",0.037652,0.042751,-0.011111,0.009777,0.029144
"2011-08-16",-0.002134,0.010695,-0.008427,-0.004149,-0.018584
"2011-08-17",-0.007487,0.005291,-0.002833,-0.004167,-0.003607
"2011-08-18",-0.017241,-0.017544,-0.017045,-0.013947,-0.044344
"2011-08-19",-0.010965,0.008929,-0.011561,-0.008487,0.017992
"2011-08-22",-0.004435,-0.010619,-0.002924,-0.00428,-0.013953
"2011-08-23",0.022272,0.0322,0.01173,0.024355,0.024528
"2011-08-24",-0.008715,-0.008666,-0.005797,-0.002797,-0.014733
"2011-08-25",0.041758,0.064685,0.026239,0.029453,0.054206
"2011-08-26",-0.00211,0,-0.002841,0,0.00266
"2011-08-29",-0.029598,-0.036125,-0.014245,0.006812,-0.034483
"2011-08-30",0.001089,0.008518,-0.00289,-0.00406,-0.000916
"2011-08-31",0.010881,0.011824,0,0,0.006416
"2011-09-01",0.008611,-0.001669,-0.002899,-0.005435,0.005464
"2011-09-02",-0.008538,-0.020067,-0.017442,-0.015027,-0.03442
"2011-09-05",-0.01507,-0.008532,-0.02071,-0.020804,-0.032833
"2011-09-06",-0.004372,0.001721,-0.003021,0,-0.00194
"2011-09-07",0.019759,0.030928,0.015152,0.015581,0.033042
"2011-09-08",-0.003229,-0.011667,-0.008955,-0.004184,-0.01317
"2011-09-09",0.00432,-0.010118,0.003012,0,0.00858
"2011-09-13",-0.016129,-0.001704,-0.009009,-0.005602,0.013233
"2011-09-14",-0.005464,0.001706,0,0.002817,0.014925
"2011-09-15",-0.016484,-0.017036,0.006061,0.007022,0.008272
"2011-09-16",0.003352,0.008666,-0.006024,0.004184,-0.011851
"2011-09-19",-0.018931,-0.022337,-0.018182,-0.009723,-0.052583
"2011-09-20",0.005675,0.012302,0,0.002845,-0.008763
"2011-09-21",0.025959,0.029514,0.021605,0.024113,0.018664
"2011-09-22",-0.029703,-0.035413,-0.021148,-0.027701,-0.069431
"2011-09-23",-0.010204,0.001748,NA,-0.001425,-0.014508
"2011-09-26",-0.033219,-0.029668,-0.037037,-0.015692,-0.043113
"2011-09-27",0.009479,0.010791,0,0.007246,0.006593
"2011-09-28",-0.010563,-0.007117,-0.025641,-0.004317,-0.017467
"2011-09-29",0.002372,0.005376,-0.013158,0.001445,0.024444
"2011-09-30",0.010651,-0.016043,0,0,0.003254
"2011-10-10",-0.014052,-0.021739,-0.013333,-0.004329,-0.034595
"2011-10-11",0.017815,0.016667,0.010135,-0.005797,-0.015677
"2011-10-12",0.032672,0.04918,0.023411,NA,0.047782
"2011-10-13",0.00226,0.001736,0.019608,0.026239,0.011944
"2011-10-14",-0.00451,0.005199,-0.00641,0.00142,-0.002146
"2011-10-17",0.010193,0.008621,-0.006452,0.005674,0
"2011-10-18",-0.015695,-0.018803,-0.016234,-0.019746,-0.039785
"2011-10-19",0.006834,0.008711,0,0.002878,-0.024636
"2011-10-20",-0.012443,-0.010363,-0.013201,-0.002869,-0.019518
"2011-10-21",0.018328,0.019197,0,-0.007194,-0.002342
"2011-10-24",0.030371,0.023973,0.023411,0.023188,0.04108
"2011-10-25",0,0.003344,0.013072,0.007082,0.046223
"2011-10-26",0.002183,-0.005,0.006452,0,0.054957
"2011-10-27",0.008715,0.01675,0.019231,0.002813,-0.005107
"2011-10-28",0.012959,0.016474,0.006289,0.01122,0.044148
"2011-10-31",-0.018124,-0.009724,-0.0125,-0.009709,0.013766
"2011-11-01",-0.003257,0,-0.003165,0.001401,-0.034918
"2011-11-02",0.019608,0.026187,0.015873,0.012587,0.020101
"2011-11-03",-0.012821,-0.014354,0.009375,-0.002762,-0.017734
"2011-11-04",0.007576,0.006472,0,0.026316,NA
"2011-11-07",-0.013963,-0.0209,-0.003096,0.002699,0.008024
"2011-11-08",0.003268,0.003284,-0.015528,0.021534,-0.0199
"2011-11-09",0.006515,0.008183,0.003155,-0.00527,-0.00203
"2011-11-10",-0.023732,-0.017857,-0.022013,-0.018543,-0.025432
"2011-11-11",0.003315,0,0.006431,0.012146,0.007307
"2011-11-14",0.014317,0.009917,0.01278,0.012,0.031088
"2011-11-15",-0.003257,-0.013093,0.003155,0.001318,-0.00804
"2011-11-16",-0.028322,-0.023217,-0.022013,-0.031579,-0.047619
"2011-11-17",-0.006726,0.001698,-0.009646,-0.001359,-0.004255
"2011-11-18",-0.006772,-0.005085,-0.012987,-0.016327,-0.029915
"2011-11-21",-0.006818,-0.003407,0.003289,0.008299,0.006608
"2011-11-22",0.001144,0.010256,-0.003279,0,-0.007659
"2011-11-23",-0.006857,-0.015228,-0.013158,-0.004115,-0.017641
"2011-11-24",0.001151,0.006873,0,0.00551,0.029181
"2011-11-25",-0.009195,-0.006826,0.003333,-0.005479,-0.015267
"2011-11-28",-0.00232,0.003436,-0.003322,-0.002755,0.00443
"2011-11-29",0.015116,0.017123,0.01,0.012431,0.026461
"2011-11-30",-0.026346,-0.023569,-0.026403,-0.031378,-0.010741
"2011-12-01",0.036471,0.031034,0.020339,0.028169,0.05646
"2011-12-02",-0.001135,0.008361,-0.016611,-0.015068,-0.004111
"2011-12-05",0,0.003317,0,0.011127,0.008256
"2011-12-06",-0.007955,0,0,0.019257,0.011259
"2011-12-07",0.005727,0.01157,0.003378,0.008097,0.005061
"2011-12-08",0,0.001634,0,-0.006693,0.002014
"2011-12-09",-0.009112,-0.013051,-0.003367,-0.002695,0.017085
"2011-12-12",-0.004598,-0.003306,-0.016892,-0.022973,-0.034585
"2011-12-13",-0.009238,-0.016584,-0.017182,-0.012448,-0.019447
"2011-12-14",0.002331,-0.003373,-0.017483,-0.008403,-0.020877
"2011-12-15",-0.012791,-0.015228,-0.02847,NA,0.010661
"2011-12-16",0.015312,0.020619,0.014652,0.016949,0.052743
"2011-12-19",-0.00116,0.015152,-0.01444,-0.015278,0.009018
"2011-12-20",-0.002323,-0.003317,-0.014652,0.005642,0.000993
"2011-12-21",-0.006985,-0.004992,-0.011152,-0.002805,-0.016865
"2011-12-22",0,0.006689,-0.015038,-0.011252,0.016145
"2011-12-23",0.001172,-0.003322,0,0.009957,0.011917
"2011-12-26",-0.008197,-0.018333,0.007634,0.005634,-0.010795
"2011-12-27",-0.003542,-0.003396,-0.015152,-0.009804,-0.031746
"2011-12-28",-0.007109,-0.008518,-0.007692,0.005658,-0.009221
"2011-12-29",-0.00358,0,0.011628,0.002813,0.007239
"2011-12-30",0.016766,0.012027,-0.007663,0.007013,0.026694
"2012-01-04",-0.009423,-0.005093,-0.003861,0.02507,0.005
"2012-01-05",0.028537,0.018771,0.003876,0.008152,-0.024876
"2012-01-06",0.006936,0.01005,0.007722,0.008086,-0.009184
"2012-01-09",0.027555,0.024876,0.019157,0.036096,0.047374
"2012-01-10",0.013408,0.008091,0.030075,0.005161,0.017699
"2012-01-11",-0.007718,-0.009631,0.00365,-0.011553,-0.003865
"2012-01-12",0.01,0.009724,0.003636,-0.005195,0.007759
"2012-01-13",-0.005501,0,-0.007246,-0.005222,-0.010587
"2012-01-16",-0.007743,-0.008026,0.018248,-0.010499,-0.034047
"2012-01-17",0.025641,0.02589,0.039427,0.026525,0.042296
"2012-01-18",-0.017391,-0.012618,-0.006897,-0.020672,-0.022222
"2012-01-19",0.017699,0.028754,0,0.010554,0.054348
"2012-01-20",0.023913,0.013975,0.006944,0.010444,0.025305
"2012-01-30",-0.021231,-0.022971,-0.031034,-0.005168,-0.046618
"2012-01-31",0,0.00627,0.007117,0.007792,0.006711
"2012-02-01",-0.015184,-0.020249,-0.007067,0.003866,-0.018095
"2012-02-02",0.035242,0.031797,0.017794,0.008986,0.024248
"2012-02-03",0.004255,0.009245,0.013986,-0.006361,0.011364
"2012-02-06",-0.005297,-0.001527,0,-0.003841,-0.021536
"2012-02-07",-0.015974,-0.01682,-0.017241,-0.01671,-0.030622
"2012-02-08",0.022727,0.026439,0.024561,0.016993,0.028628
"2012-02-09",-0.005291,-0.007576,0.006849,-0.011568,0.013436
"2012-02-10",-0.003191,-0.007634,0.006803,-0.002601,0.033144
"2012-02-13",-0.010672,-0.012308,0,-0.002608,-0.031164
"2012-02-14",-0.00863,-0.001558,-0.006757,0.001307,0.00473
"2012-02-15",0.004353,0.00156,0.013605,0.007833,0
"2012-02-16",-0.004334,-0.003115,-0.006711,-0.010363,-0.002825
"2012-02-17",0.007617,0.00625,-0.006757,-0.003927,0.011331
"2012-02-20",0,0.004658,0.003401,-0.001314,0.005602
"2012-02-21",0.00216,0,0.00339,-0.006579,0.019499
"2012-02-22",0.00431,0,0.010135,0.003974,0.027322
"2012-02-23",0.001073,-0.003091,0.003344,0.001319,0.001773
"2012-02-24",0.019293,0.012403,0.013333,0.00527,0.035398
"2012-02-27",-0.003155,-0.004594,0.006579,0.007864,-0.012821
"2012-02-28",0.018987,0.013846,0,0.0013,-0.006061
"2012-02-29",-0.012422,0,-0.01634,-0.01039,-0.033101
"2012-03-01",0.001048,0,0,-0.006562,0.003604
"2012-03-02",0.01466,0.015175,0.006645,0.010568,0.043986
"2012-03-05",-0.011352,-0.013453,-0.0033,-0.010458,-0.011178
"2012-03-06",-0.014614,-0.016667,-0.016556,-0.015852,-0.001739
"2012-03-07",-0.010593,-0.012327,0.010101,-0.002685,-0.017422
"2012-03-08",0.012848,0.00312,0.01,0.008075,0.036348
"2012-03-09",0.001057,0.006221,0.023102,0.006676,-0.000855
"2012-03-12",-0.009504,-0.01391,-0.006452,-0.007958,-0.038527
"2012-03-13",0.009595,0.010972,0.00974,0.009358,0.009795
"2012-03-14",-0.011616,-0.013953,-0.019293,-0.005298,-0.029982
"2012-03-15",-0.018162,0,-0.022951,0.006658,-0.025455
"2012-03-16",0.006529,0.001572,0.003356,0.013228,0.009328
"2012-03-19",0.003243,-0.006279,0,-0.002611,-0.008318
"2012-03-20",-0.017241,-0.020537,-0.013378,-0.005236,-0.000932
"2012-03-21",-0.004386,0,0.00339,-0.010526,-0.007463
"2012-03-22",0.004405,0.01129,0,-0.009309,0.010338
"2012-03-23",-0.006579,0.004785,-0.013514,-0.002685,-0.013953
"2012-03-26",0.007726,NA,0.003425,0.001346,-0.007547
"2012-03-27",-0.001095,0.001587,0.003413,0.001344,0.002852
"2012-03-28",-0.016447,-0.019017,-0.020408,-0.026846,0
"2012-03-29",-0.011148,-0.011309,-0.010417,-0.016552,0.023697
"2012-03-30",0.006764,0.02451,0.017544,0.008415,0.04537
"2012-04-05",0,0,0.027586,0.001391,0.010629
"2012-04-06",0.00112,0.001595,-0.003356,-0.002778,-0.004382
"2012-04-09",-0.011186,-0.015924,-0.003367,-0.005571,-0.006162
"2012-04-10",0.00905,NA,0,0.004202,0.032772
"2012-04-11",-0.003363,0.011327,-0.003378,0,0.010292
"2012-04-12",0.025872,0.0224,0.023729,0.013947,0.016129
"2012-04-13",0.002193,0,-0.003311,0,-0.010025
"2012-04-16",-0.008753,-0.001565,0.003322,0,0.011814
"2012-04-17",-0.014349,-0.004702,-0.009934,-0.005502,-0.029191
"2012-04-18",0.021277,0.014173,0.013378,0.008299,0.047251
"2012-04-19",0,0.001553,-0.0033,-0.00823,0.001641
"2012-04-20",0.020833,0.015504,0.009934,0.016598,-0.000819
"2012-04-23",-0.007519,-0.010687,-0.009836,-0.010884,-0.016393
"2012-04-24",0.015152,0.015432,-0.003311,0.002751,0.000833
"2012-04-25",-0.003198,0.00152,0.006645,-0.001372,0.024979
"2012-04-26",0.002139,0.001517,-0.039604,0,NA
"2012-04-27",0.004269,0.007576,-0.017182,-0.013736,0.016247
"2012-05-02",0.01594,0.022556,0.024476,0.022284,0.039169
"2012-05-03",-0.01046,NA,0.003413,-0.001362,-0.003846
"2012-05-04",0.003171,0.002941,0.003401,-0.008186,0.005405
"2012-05-07",-0.007376,0,-0.00339,0.002751,-0.002304
"2012-05-08",-0.006369,-0.007331,-0.003401,-0.005487,0
"2012-05-09",-0.017094,-0.007386,-0.010239,-0.01931,-0.018476
"2012-05-10",-0.004348,-0.010417,0.003448,0.001406,0.003137
"2012-05-11",0,-0.001504,-0.003436,NA,-0.01251
"2012-05-14",-0.008734,-0.003012,0,-0.011236,0.011085
"2012-05-15",-0.004405,-0.006042,-0.006897,-0.005682,0.015662
"2012-05-16",-0.014381,-0.018237,0.003472,-0.008571,-0.023901
"2012-05-17",0.006734,0.013932,0.020761,0.012968,0.018167
"2012-05-18",-0.012263,-0.007634,NA,-0.015647,-0.012413
"2012-05-21",0.001129,0.009231,-0.016949,0.008671,-0.000786
"2012-05-22",0.010147,0.012195,0,0.004298,0.054245
"2012-05-23",-0.007813,-0.013554,-0.013793,-0.002853,0.014914
"2012-05-24",-0.004499,-0.022901,-0.003497,-0.004292,-0.011756
"2012-05-25",-0.00678,-0.010938,-0.007018,0.00431,0.005204
"2012-05-28",0.009101,0.011058,0.017668,-0.001431,0.032544
"2012-05-29",0.009019,0.010938,0.006944,0.001475,0
"2012-05-30",-0.014525,-0.007728,0,-0.002946,-0.010029
"2012-05-31",-0.005669,-0.007788,-0.013793,-0.013294,-0.013025
"2012-06-01",0.00114,-0.00471,0,0.002994,0.002199
"2012-06-04",-0.02164,-0.028391,-0.048951,-0.031343,-0.030724
"2012-06-05",-0.003492,0.012987,-0.011029,0.001541,0.020377
"2012-06-06",0.007009,0.008013,0.007435,0,0
"2012-06-07",-0.006961,0.00318,0.01107,-0.003077,0.008876
"2012-06-08",-0.025701,-0.03645,-0.007299,-0.00463,-0.000733
"2012-06-11",0,-0.004934,0.007353,0.010853,0.032282
"2012-06-12",-0.005995,-0.003306,-0.014599,-0.006135,0.039801
"2012-06-13",NA,0.011609,0.007407,-0.003086,-0.002734
"2012-06-14",-0.002413,-0.014754,-0.003676,-0.00774,0.008225
"2012-06-15",0.024184,NA,0.02583,0.01248,-0.023114
"2012-06-18",-0.001181,0.021631,-0.010791,-0.003082,0.016214
"2012-06-19",0.003546,0.011401,-0.007273,-0.007728,-0.021685
"2012-06-20",0.001178,0.009662,0,0.003115,-0.016198
"2012-06-21",-0.007059,-0.004785,-0.007326,-0.006211,-0.003466
"2012-06-25",-0.010664,0.003205,-0.01476,-0.004688,-0.048696
"2012-06-26",0.001197,0.001597,-0.014981,-0.00471,0.027422
"2012-06-27",-0.001241,-0.01005,0.003802,0,0.016014
"2012-06-28",-0.004969,-0.006768,-0.007576,-0.007886,-0.010508
"2012-06-29",0.014981,0.020443,0.015267,0.00159,0.00354
"2012-07-02",-0.00492,-0.001669,0,-0.007937,0.022928
"2012-07-03",0,0.011706,0.015038,0.0032,0.031897
"2012-07-04",0.003708,0.008264,0.003704,-0.001595,0.001671
"2012-07-05",-0.006158,-0.003279,-0.01107,-0.023962,0.018349
"2012-07-06",-0.012392,-0.006579,0.014925,-0.00491,0.049959
"2012-07-09",-0.037641,-0.031457,-0.007353,-0.046053,0.014041
"2012-07-10",0.003911,0.003419,-0.003704,0.006897,-0.036154
"2012-07-11",0.001299,0.001704,-0.004461,-0.003425,-0.007981
"2012-07-12",-0.005188,0.001701,0.003906,0.005155,0.034594
"2012-07-13",0.007823,0.013582,-0.003891,0.017094,-0.004666
"2012-07-16",-0.012937,-0.005025,-0.019531,-0.006723,-0.041406
"2012-07-17",0.007864,0.011785,0.007968,0.005076,0.008965
"2012-07-18",-0.002601,-0.008319,0.003953,0.008418,-0.048465
"2012-07-19",0.002608,-0.001678,0.007874,0.021703,-0.018676
"2012-07-20",-0.010403,-0.005042,-0.003906,-0.006536,-0.018166
"2012-07-23",-0.021025,-0.016892,-0.011765,-0.009868,-0.013216
"2012-07-24",0.001342,-0.003436,0.003968,0.008306,0.021429
"2012-07-25",-0.006702,0,-0.003953,-0.003295,-0.02535
"2012-07-26",-0.00135,-0.005172,-0.003968,0.003306,-0.038565
"2012-07-27",0.012162,0.013865,-0.003984,0.00659,0.016791
"2012-07-30",0.009346,0.008547,0.008,-0.001637,0.009174
"2012-07-31",0.013228,0.018644,-0.011905,-0.008197,0.036364
"2012-08-01",-0.001305,0,0.004016,-0.001653,-0.005263
"2012-08-02",0.013072,0.001664,0,-0.014901,-0.091711
"2012-08-03",-0.00129,-0.004983,0.012,0.021849,0.017476
"2012-08-06",-0.002584,0.001669,0.011858,0.003289,0.014313
"2012-08-07",-0.003886,-0.003333,0.007813,0.003279,-0.004704
"2012-08-08",0.005202,0.006689,-0.003876,-0.003268,0.016068
"2012-08-09",0.002587,0.001661,0,0.008197,0.015814
"2012-08-10",0.006452,0.004975,0.003891,-0.003252,-0.026557
"2012-08-13",-0.00641,-0.00165,-0.011628,-0.001631,-0.041392
"2012-08-14",0.006452,0.003306,0.011765,0.011438,0.029441
"2012-08-15",-0.028205,-0.019769,-0.015504,-0.009693,-0.00286
"2012-08-16",-0.006596,-0.003361,-0.007874,0,0.000956
"2012-08-17",0.002656,0.006745,0,0.009788,-0.013372
"2012-08-20",-0.003974,-0.008375,-0.003968,-0.011309,-0.03001
"2012-08-21",-0.00133,-0.001689,0.003984,0.004902,-0.018962
"2012-08-22",0.001332,-0.010152,0,-0.014634,-0.034588
"2012-08-23",0,0.005128,0.003968,0.00165,-0.00843
"2012-08-24",-0.003989,-0.001701,-0.011858,-0.008237,0.001063
"2012-08-27",-0.012016,-0.003407,-0.012,-0.018272,0
"2012-08-28",0.027027,0.018803,0.008097,0.054146,-0.019108
"2012-08-29",-0.006579,0.003356,-0.012048,-0.030498,-0.015152
"2012-08-30",0.007947,0.003344,0.004065,0.006623,0.003297
"2012-08-31",0,-0.005,0.004049,-0.006579,0.030668
"2012-09-03",-0.003942,-0.006701,-0.004032,0.001656,0.076514
"2012-09-04",-0.015831,-0.017301,-0.008097,0.009917,-0.017769
"2012-09-05",-0.018767,-0.036972,-0.004082,-0.00982,0.029146
"2012-09-06",0.008197,0.038391,0.004098,-0.004959,-0.003906
"2012-09-07",0.02981,0.026408,0.032653,0.026578,0.044118
"2012-09-10",-0.005263,-0.012007,-0.003953,0.006472,0
"2012-09-11",-0.009259,-0.003472,-0.011905,-0.012862,-0.015023
"2012-09-12",-0.001335,-0.003484,0.004016,0.001629,-0.00286
"2012-09-13",-0.004011,-0.008741,0,-0.004878,-0.002868
"2012-09-14",0.009396,0.012346,0.012,0.003268,-0.001918
"2012-09-17",-0.014628,-0.015679,-0.023715,-0.008144,-0.067243
"2012-09-18",-0.008097,-0.019469,-0.004049,-0.008347,0.011329
"2012-09-19",-0.001361,-0.00361,0.004065,0,-0.002037
"2012-09-20",-0.014986,-0.009058,-0.016194,-0.015152,-0.02449
"2012-09-21",-0.002766,0.003656,0.00823,0.015385,0.030335
"2012-09-24",-0.005548,0.007286,-0.016327,-0.008418,0.027411
"2012-09-25",-0.001395,-0.007233,0,0.003396,0.004941
"2012-09-26",-0.006983,-0.003643,-0.012448,-0.013536,-0.013766
"2012-09-27",0.029536,0.023766,0.012605,0.017153,0.030907
"2012-09-28",0.008197,0.008929,0.008299,0.010118,0.040619
"2012-10-08",-0.00813,-0.00531,0,0,-0.02974
"2012-10-09",0.01776,0.021352,0.016461,0.03172,0.033525
"2012-10-10",-0.001342,-0.005226,0.008097,0.004854,0.006487
"2012-10-11",-0.004032,0.003503,-0.008032,-0.004831,-0.015654
"2012-10-12",0.005398,0.008726,-0.004049,-0.012945,-0.009355
"2012-10-15",-0.005369,0,-0.00813,0.006557,0.004721
"2012-10-16",0.006748,0.008651,-0.008197,-0.003257,-0.00094
"2012-10-17",0.012064,0.003431,0.004132,0.017974,-0.002822
"2012-10-18",0.009272,0.018803,0.016461,0.017657,0.064151
"2012-10-19",-0.005249,0.006711,0,0.004732,-0.005319
"2012-10-22",0.009235,0.015,0.004049,0.00471,0.012478
"2012-10-23",-0.010458,-0.011494,-0.008065,-0.015625,-0.014965
"2012-10-24",0.002642,-0.009967,0.004065,0.001587,0.002681
"2012-10-25",-0.007905,0.001678,0.020243,-0.014263,-0.024064
"2012-10-26",-0.009296,0.001675,-0.027778,-0.008039,-0.021005
"2012-10-29",0.00134,0.008361,0.004082,0.011345,-0.000933
"2012-10-30",0.001339,-0.011609,0.004065,-0.00641,0.02521
"2012-10-31",0.004011,0.010067,0,0.004839,0.01184
"2012-11-01",0.01731,0.001661,0.012146,0.024077,0.044104
"2012-11-02",0.005236,0.011609,0.008,0.004702,0.016379
"2012-11-05",0.00651,0.008197,0.003968,0,-0.003393
"2012-11-06",-0.006468,0,0.003953,-0.0078,-0.012766
"2012-11-07",0.001302,0.001626,-0.011811,0.006289,-0.017241
"2012-11-08",-0.019506,-0.00974,-0.007968,-0.015625,-0.017544
"2012-11-09",-0.001326,0.001639,0,-0.006349,0.005357
"2012-11-12",0.01328,0.01964,0.004016,-0.003195,0.031972
"2012-11-13",-0.018349,-0.014446,-0.012,-0.008013,-0.013769
"2012-11-14",0.001335,0.001629,-0.004049,0.003231,-0.02007
"2012-11-15",-0.010667,-0.003252,-0.00813,-0.008052,-0.008905
"2012-11-16",-0.008086,-0.006525,-0.008197,-0.019481,0.002695
"2012-11-19",0.001359,0,0.008264,0.003311,-0.015233
"2012-11-20",-0.002714,-0.003284,0,-0.006601,0.019108
"2012-11-21",0.016327,0.00659,0.016393,0.01495,0.022321
"2012-11-22",-0.004016,0.003273,-0.004032,-0.011457,0.000873
"2012-11-23",0.009409,-0.004894,0.004049,0.003311,0.002618
"2012-11-26",-0.005326,0.006557,0.004032,0.0033,-0.005222
"2012-11-27",-0.001339,0.013029,-0.016064,-0.008224,-0.00175
"2012-11-28",-0.002681,0.008039,-0.008163,0.003317,-0.035057
"2012-11-29",-0.004032,-0.001595,0,-0.013223,0.008174
"2012-11-30",0.006748,0.004792,0.012346,0.008375,0.033333
"2012-12-03",-0.014745,-0.015898,-0.00813,0.01495,0.024412
"2012-12-04",0.010884,0.01454,0.008197,0,0.008511
"2012-12-05",0.060565,0.044586,0.01626,0.02946,0.019409
"2012-12-06",0.001269,0.004573,0,-0.004769,0.015728
"2012-12-07",0.046895,0.039454,0.008,0.020767,-0.008965
"2012-12-10",0.008475,0.024818,0.007937,0.001565,0.019737
"2012-12-11",-0.006002,-0.017094,-0.011811,-0.009375,-0.020968
"2012-12-12",0.014493,0.015942,0.007968,-0.001577,0.012356
"2012-12-13",-0.013095,-0.017118,-0.007905,-0.007899,0.012205
"2012-12-14",0.073583,0.08418,0.031873,0.039809,0.037781
"2012-12-17",0.019101,0.004016,-0.003861,0.012251,-0.024787
"2012-12-18",0.007718,0.002667,-0.003876,-0.001513,-0.035743
"2012-12-19",-0.009847,-0.00133,0,0.00303,-0.000824
"2012-12-20",0.001105,-0.010652,-0.003891,0.015106,0.014839
"2012-12-21",-0.009934,-0.013459,-0.023438,-0.008929,-0.015435
"2012-12-24",0.013378,0.00955,0.004,-0.009009,0.011551
"2012-12-25",0.039604,0.047297,0.015936,0.024242,0.047308
"2012-12-26",0.001058,0,0,0.013314,0.01947
"2012-12-27",-0.0074,-0.014194,0.011765,-0.008759,-0.015279
"2012-12-28",0.021299,0.007853,0.011628,0.001473,0.020946
"2012-12-31",0.034411,0.020779,0.007663,0.017647,0.033435
"2013-01-04",0.010081,0.015267,0,0.00578,0.043382
"2013-01-07",0.02994,0.042607,-0.007605,-0.011494,-0.017618
"2013-01-08",-0.01938,-0.015625,0.003831,0.00436,-0.011478
"2013-01-09",0.001976,-0.001221,0.007634,-0.001447,0.015239
"2013-01-10",-0.009862,-0.006112,0.003788,0.02029,0.012866
"2013-01-11",-0.021912,-0.01476,-0.022642,-0.014205,-0.045166
"2013-01-14",0.053971,0.067416,0.027027,0.024496,0.042129
"2013-01-15",-0.001932,0.005848,0.003759,-0.005626,-0.004255
"2013-01-16",-0.020329,-0.006977,-0.007491,-0.02546,-0.034188
"2013-01-17",-0.008893,-0.010539,0,-0.018868,-0.000737
"2013-01-18",0.012961,0.039053,0.015094,0.014793,0.054613
"2013-01-21",0.023622,0.026196,0.026022,0.002915,-0.022393
"2013-01-22",0.007692,-0.014428,0.014493,-0.008721,-0.020759
"2013-01-23",0.01145,0.036036,0.010714,0.010264,-0.002193
"2013-01-24",0.000943,0.01087,-0.017668,0.004354,-0.012454
"2013-01-25",0.004713,0.003226,0.010791,-0.010116,-0.035608
"2013-01-28",0.04878,0.071811,0.010676,0.021898,0.042308
"2013-01-29",0.010733,0.026,0.021127,-0.001429,0.009594
"2013-01-30",-0.00531,0.009747,0.031034,0.017167,0.029971
"2013-01-31",0.021352,-0.004826,-0.010033,-0.005626,-0.061746
"2013-02-01",0.040941,0.089234,0.003378,0.001414,0.003782
"2013-02-04",0.010042,0.026714,-0.010101,-0.004237,-0.01055
"2013-02-05",-0.01657,0.015611,-0.003401,-0.021277,0.022087
"2013-02-06",0.010952,-0.000854,-0.006826,0,-0.020864
"2013-02-07",-0.0475,-0.059829,0,0,-0.009132
"2013-02-08",-0.007874,-0.043636,0.013746,0.018841,0.000768
"2013-02-18",-0.007055,-0.009506,0.010169,0.018492,-0.012279
"2013-02-19",-0.01421,0.011516,-0.013423,0,-0.050505
"2013-02-20",-0.026126,-0.014231,-0.003401,0.01676,0.013912
"2013-02-21",-0.054579,-0.059673,-0.017065,-0.027473,-0.007264
"2013-02-22",-0.007828,-0.027636,-0.003472,-0.014124,0.00813
"2013-02-25",0.017751,0.010526,-0.010453,0.027221,-0.020968
"2013-02-26",0.000969,0.00625,-0.003521,-0.005579,-0.018122
"2013-02-27",0.005808,0.017598,-0.007067,-0.00561,0.038591
"2013-02-28",0.064485,0.053917,0.021352,0.019746,0.035541
"2013-03-01",0.009946,-0.017375,0,-0.002766,-0.014821
"2013-03-04",-0.06983,-0.06778,-0.027875,-0.009709,-0.099762
"2013-03-05",0.065448,0.074816,-0.007168,0.001401,-0.010554
"2013-03-06",0.003613,0.034314,0.018051,0.015385,0.008889
"2013-03-07",-0.031503,-0.015166,-0.003546,0.006887,0.001762
"2013-03-08",-0.004647,0.016362,-0.007117,0.010944,0.00088
"2013-03-11",-0.022409,-0.032197,-0.007168,-0.005413,0.016696
"2013-03-12",-0.017192,-0.046967,-0.01444,0.016327,0.000864
"2013-03-13",-0.003887,0.004107,-0.018315,0,-0.037997
"2013-03-14",0.019512,0.00818,-0.011194,-0.004016,-0.003591
"2013-03-15",0.005742,0.013185,0.011321,0.012097,-0.040541
"2013-03-18",-0.002854,0.006006,-0.018657,-0.049137,0.010329
"2013-03-19",0.016221,0.025871,0,0.026536,0.039963
"2013-03-20",0.050704,0.066925,0.019011,0.008163,0.042002
"2013-03-21",-0.008043,-0.005455,0.003731,0.014845,-0.006003
"2013-03-22",-0.003604,-0.003656,-0.003717,0.026596,0.013805
"2013-03-25",-0.001808,0.009174,0,-0.015544,0.014468
"2013-03-26",-0.030797,-0.045455,-0.003731,-0.021053,0
"2013-03-27",0.005607,0.004762,0.022472,0.004032,0.011745
"2013-03-28",-0.068773,-0.088152,0.003663,-0.006693,-0.024046
"2013-03-29",0.010978,0.002079,0,-0.004043,-0.024639
"2013-04-01",-0.007897,0.004149,0.007299,-0.001353,0.029617
"2013-04-02",-0.00199,-0.005165,-0.007246,-0.017615,0.014382
"2013-04-03",0.002991,0.005192,-0.018248,-0.001379,-0.01251
"2013-04-08",-0.013917,-0.009298,-0.003717,-0.005525,-0.021115
"2013-04-09",0.012097,0.01147,0.003731,0,0.016393
"2013-04-10",-0.003984,-0.006186,-0.003717,-0.005556,0.002547
"2013-04-11",0.002,0.001037,-0.003731,0.002793,-0.016935
"2013-04-12",-0.007984,-0.005181,-0.007491,-0.01532,-0.009475
"2013-04-15",-0.011066,0.005208,0,-0.029703,0.022609
"2013-04-16",-0.009156,-0.013472,0.003774,0.001458,0.059524
"2013-04-17",-0.0154,-0.028361,0.003759,-0.001456,0.004815
"2013-04-18",0.004171,0.010811,0,-0.005831,0
"2013-04-19",0.05296,0.081283,0.018727,0.017595,0.011182
"2013-04-22",0.00789,0.012859,-0.003676,-0.005764,-0.026066
"2013-04-23",-0.037182,-0.046875,-0.01476,-0.03913,-0.04704
"2013-04-24",0.019309,0.03791,0.007491,0.016591,0.018723
"2013-04-25",-0.011964,-0.019743,-0.007435,0.005935,-0.032581
"2013-04-26",-0.003027,-0.011078,-0.007491,-0.007375,0.004318
"2013-05-02",-0.006073,0.01833,-0.003774,-0.007429,0.020636
"2013-05-03",0.019348,0.023,0.011364,0.013473,0.014322
"2013-05-06",0.011988,0.00391,0.007491,0.017725,0.004153
"2013-05-07",-0.00691,0.00779,0,-0.005806,0.01158
"2013-05-08",-0.000994,0.001932,0.007435,0,0
"2013-05-09",-0.00796,-0.001929,0,-0.020438,-0.020442
"2013-05-10",0.006018,0.000966,0.01107,-0.004471,0.010851
"2013-05-13",-0.000997,-0.006757,0,0.001497,-0.013212
"2013-05-14",-0.00499,-0.017493,0.00365,-0.011958,-0.030126
"2013-05-15",0.002006,0.002967,0,0.001513,-0.001726
"2013-05-16",0.016016,0.030572,0.007273,0.007553,0.043215
"2013-05-17",0.008867,0.002871,0.00722,0.016492,0.025684
"2013-05-20",0.016602,0.022901,0,0.019174,-0.010501
"2013-05-21",-0.006724,-0.005597,-0.010753,-0.008683,0.005714
"2013-05-22",0.001934,-0.001876,0.021739,-0.00438,0.006494
"2013-05-23",-0.02027,-0.021617,0.014184,-0.010264,-0.012097
"2013-05-24",0.004926,0.001921,0.013986,-0.007407,0.000816
"2013-05-27",0.008824,0.001918,-0.006897,0.002985,-0.001631
"2013-05-28",0.025267,0.027751,-0.003472,0.011905,0.03268
"2013-05-29",-0.002844,-0.010242,0.003484,0,0.012658
"2013-05-30",0.001901,-0.011289,-0.006944,-0.007353,0.002344
"2013-05-31",-0.006641,-0.004757,-0.003497,-0.001481,-0.028059
"2013-06-03",-0.007641,-0.007648,0,0,0.008981
"2013-06-04",-0.010163,-0.009634,-0.017544,-0.001484,-0.013765
"2013-06-05",-0.00924,-0.01751,-0.003571,-0.002972,-0.002463
"2013-06-06",-0.020725,-0.009901,-0.010753,0,-0.032099
"2013-06-07",-0.010582,-0.001,0.003623,-0.016393,-0.020408
"2013-06-13",-0.035294,-0.011011,-0.021661,-0.031818,-0.045139
"2013-06-14",0,0.008097,0.01107,-0.015649,0.006364
"2013-06-17",-0.001109,-0.00502,-0.00365,0.009539,-0.009033
"2013-06-18",0.006659,0.004036,-0.007326,0,0.013674
"2013-06-19",-0.019846,-0.020101,-0.01107,-0.010394,-0.016187
"2013-06-20",-0.052868,-0.047179,-0.014925,-0.038462,-0.030165
"2013-06-21",-0.016627,0.017223,-0.003788,-0.011111,-0.001885
"2013-06-24",-0.091787,-0.099471,-0.034221,-0.053933,-0.100094
"2013-06-25",0.037234,-0.008226,-0.015748,-0.004751,-0.024134
"2013-06-26",-0.003846,-0.016588,-0.008,-0.02148,0.001075
"2013-06-27",0.014157,0.007228,0,0.002439,0.002148
"2013-06-28",0.050761,0.043849,0,0.017032,0.062165
"2013-07-01",-0.013285,0.002334,0.020161,0.021531,0.008073
"2013-07-02",-0.002448,-0.012806,0.027668,-0.007026,-0.012012
"2013-07-03",-0.013497,-0.004717,-0.015385,0.002358,-0.021277
"2013-07-04",0.00995,0.004739,0.0625,-0.007059,0.028986
"2013-07-05",-0.001232,0.001179,-0.022059,-0.007109,0.047284
"2013-07-08",-0.024661,-0.011779,-0.056391,-0.011933,0
"2013-07-09",0.001264,0.001192,0.007968,0.045894,-0.027858
"2013-07-10",0.02399,0.02381,0.019763,0.064665,0.054348
"2013-07-11",0.092478,0.098837,0.01938,0.008677,0.060918
"2013-07-12",-0.041761,-0.035979,-0.019011,-0.012903,-0.036219
"2013-07-15",0.008245,0.005488,0.003876,-0.006536,0.001833
"2013-07-16",-0.002336,0.003275,0.003861,-0.013158,0.007319
"2013-07-17",-0.010539,-0.016322,0.019231,-0.011111,0
"2013-07-18",-0.029586,-0.034292,0,-0.011236,-0.02089
"2013-07-19",-0.020732,-0.036655,-0.011321,0.011364,-0.055659
"2013-07-22",-0.009963,0.001189,0.007634,0,-0.019646
"2013-07-23",0.023899,0.026128,0.011364,0.006742,0.036072
"2013-07-24",-0.017199,-0.019676,-0.009738,-0.011161,-0.030948
"2013-07-25",0.0025,-0.008264,-0.003984,-0.011287,0.005988
"2013-07-26",-0.006234,0,-0.02,-0.006849,0.000992
"2013-07-29",-0.028858,-0.029762,-0.012245,-0.02069,-0.039643
"2013-07-30",0.01292,0.014724,0.004132,0.025822,0.018576
"2013-07-31",0.002551,0.001209,0.00823,0.002288,0.032421
"2013-08-01",0.016539,0.021739,0.008163,0.011416,0.034347
"2013-08-02",-0.001252,-0.004728,-0.004049,0.002257,0.037002
"2013-08-05",0.010025,0.009501,0,0.004505,0.004575
"2013-08-06",-0.003722,-0.001176,0.012195,-0.004484,-0.014572
"2013-08-07",-0.002491,0.005889,0.004016,-0.011261,0.023105
"2013-08-08",-0.002497,-0.005855,0,-0.004556,-0.009937
"2013-08-09",0.002503,-0.008245,-0.004,0.004577,-0.007299
"2013-08-12",0.037453,0.055819,0.024096,0.031891,0.049632
"2013-08-13",0.013237,0.017998,0.007843,0.002208,0
"2013-08-14",-0.013064,-0.003315,0.003891,-0.002203,-0.001751
"2013-08-15",-0.01083,-0.014412,-0.015504,-0.006623,-0.023684
"2013-08-16",0.010949,0.014623,-0.011811,0.004444,-0.008985
"2013-08-19",0.016847,0.039911,0.035857,-0.004425,0.004533
"2013-08-20",0.007101,-0.002132,0.003846,-0.015556,-0.020758
"2013-08-21",-0.007051,-0.009615,-0.003831,0,-0.026728
"2013-08-22",-0.001183,0.003236,-0.019231,-0.006772,-0.010417
"2013-08-23",-0.00237,-0.015054,0.101961,-0.009091,0.011483
"2013-08-26",0.038005,0.018559,0.099644,0.016055,0.019868
"2013-08-27",0.024027,-0.007503,0.100324,-0.006772,-0.007421
"2013-08-28",0.005587,-0.012959,0.1,0.009091,-0.024299
"2013-08-29",-0.008889,-0.002188,0.09893,-0.002252,0.01341
"2013-08-30",0.007848,-0.009868,0.099757,-0.004515,-0.013233
"2013-09-02",-0.002225,0.008859,0.061947,0,-0.022989
"2013-09-03",0.013378,0.021954,-0.058333,0.00907,0.046078
"2013-09-04",0.005501,0.003222,0.099558,0.004494,-0.009372
"2013-09-05",-0.001094,0.002141,0.100604,0,0.000946
"2013-09-06",0.048193,0.00641,0.100548,0.006711,-0.020794
"2013-09-09",0.100313,0.082803,0.099668,0.024444,0.041506
"2013-09-10",0.082621,0.001764,0.02568,0.008677,0.017609
"2013-09-11",-0.011404,-0.005964,0.014728,0.008602,0.032787
"2013-09-12",0.086957,0.024,-0.030479,0.008528,-0.007937
"2013-09-13",-0.027755,-0.039063,-0.025449,-0.012931,-0.001778
"2013-09-16",-0.035264,0.034553,0.001536,0,-0.020481
"2013-09-17",-0.057441,0.006876,-0.099693,-0.024017,-0.037273
"2013-09-18",0.015697,-0.00878,0.035775,-0.002237,0.00661
"2013-09-23",0.016364,-0.000984,0.032895,0.006726,0.008443
"2013-09-24",-0.033095,-0.041379,0.100318,0,-0.030698
"2013-09-25",-0.002775,-0.007194,0.002894,-0.008909,-0.015355
"2013-09-26",-0.056586,-0.017598,-0.099567,-0.008989,-0.010721
"2013-09-27",0.006883,-0.001054,-0.096154,0.006803,-0.019704
"2013-09-30",-0.014648,0.008439,-0.003546,0,-0.007035
"2013-10-08",0.013875,0.008368,0.035587,0.006757,0.050607
"2013-10-09",0.00391,0.011411,0.020619,0.004474,-0.016378
"2013-10-10",-0.028238,-0.025641,-0.053872,-0.011136,-0.006856
"2013-10-11",0.057114,0.02,0.05516,0.006757,0.002959
"2013-10-14",-0.024645,-0.023736,-0.030354,-0.004474,-0.026549
"2013-10-15",-0.017493,-0.014799,0,-0.006742,-0.006061
"2013-10-16",-0.019782,-0.01824,-0.088696,-0.00905,-0.023374
"2013-10-17",-0.009082,-0.00765,-0.028626,0,0.003122
"2013-10-18",0.00611,0.005507,0.005894,-0.002283,0.007261
"2013-10-21",0.024291,0.006572,0.027344,0.006865,0.005149
"2013-10-22",-0.018775,-0.020675,-0.015209,-0.002273,-0.017418
"2013-10-23",0.009063,0.007778,0.003861,-0.006834,0
"2013-10-24",-0.003992,-0.017641,-0.015385,-0.009174,-0.017727
"2013-10-25",0.009018,0.007856,-0.070313,-0.011574,0
"2013-10-28",0.007944,-0.011136,0.014706,0.002342,-0.024416
"2013-10-29",0.032512,0.030405,0.049689,0.014019,-0.005441
"2013-10-30",0.010496,0.003279,-0.021696,0.034562,0.021882
"2013-10-31",-0.024551,-0.023965,-0.022177,0.004454,0.018201
"2013-11-01",0.008712,0.023438,0.024742,0.004435,0.019979
"2013-11-04",-0.011516,-0.003272,-0.006036,-0.002208,-0.012371
"2013-11-05",-0.009709,-0.007659,0.016194,0.022124,-0.007307
"2013-11-06",-0.016667,-0.018743,-0.035857,0.021645,-0.02103
"2013-11-07",0.001994,0.003371,-0.016529,0.014831,-0.007519
"2013-11-08",-0.006965,-0.017917,0.010504,-0.002088,-0.010823
"2013-11-11",-0.001002,0.011403,-0.070686,-0.002092,-0.020788
"2013-11-12",0.015045,0.007892,0.008949,-0.002096,0.011173
"2013-11-13",-0.047431,-0.043624,-0.008869,-0.016807,0
"2013-11-14",-0.01556,-0.00117,0.006711,-0.008547,-0.01547
"2013-11-15",0.020021,0.010539,0.013333,0.025862,0.025814
"2013-11-18",0.043388,0.031286,0.041667,0.037815,0.02407
"2013-11-19",-0.012871,-0.019101,0.023158,0.002024,-0.008547
"2013-11-20",0.008024,0,-0.004115,-0.00404,-0.00431
"2013-11-21",0.00199,-0.017182,0.016529,0.018256,-0.030303
"2013-11-22",-0.000993,-0.002331,-0.028455,0.005976,-0.013393
"2013-11-25",-0.012922,-0.005841,0.014644,-0.039604,0.001131
"2013-11-26",-0.003021,-0.0047,-0.008247,-0.026804,-0.012429
"2013-11-27",0.00303,0.008264,0.010395,0,0.003432
"2013-11-28",0.003021,0.004684,0,0.016949,0.019384
"2013-11-29",0.003012,0.001166,-0.002058,-0.004167,-0.004474
"2013-12-02",0.033033,0.008149,-0.068041,0.048117,-0.011236
"2013-12-03",-0.005814,-0.009238,0.013274,-0.015968,0.011364
"2013-12-04",0.013645,0.003497,0.100437,0.002028,0.011236
"2013-12-05",-0.004808,-0.005807,0.077381,-0.002024,0.005556
"2013-12-06",-0.01256,-0.001168,-0.020258,-0.002028,-0.005525
"2013-12-09",-0.010763,-0.007018,-0.005639,0.006098,-0.013333
"2013-12-10",0.002967,-0.002356,0.028355,-0.020202,0.007883
"2013-12-11",-0.02071,-0.01771,-0.018382,-0.02268,-0.017877
"2013-12-12",-0.005035,-0.004808,0.001873,0.014768,-0.010239
"2013-12-13",-0.005061,-0.001208,0.013084,-0.012474,0.006897
"2013-12-16",-0.009156,-0.010883,-0.001845,-0.010526,-0.005708
"2013-12-17",-0.005133,-0.006112,-0.03512,-0.002128,-0.013777
"2013-12-18",0.002064,-0.00246,-0.021073,-0.004264,0
"2013-12-19",-0.010299,-0.02836,-0.003914,-0.012848,-0.022119
"2013-12-20",-0.026015,-0.01269,0.078585,-0.013015,-0.038095
"2013-12-23",-0.002137,-0.014139,-0.029144,0.013187,-0.011139
"2013-12-24",0,0,-0.02439,-0.008677,0.001252
"2013-12-25",-0.007495,0,0,0.002188,0.015
"2013-12-26",-0.019417,-0.013038,-0.007692,-0.021834,-0.018473
"2013-12-27",0.016502,0.01321,0.013566,0,0.023839
"2013-12-30",-0.004329,-0.013038,0.007648,-0.011161,-0.015931
"2013-12-31",0.025,0.019815,0.001898,0.011287,0.027397
