Date,Open,High,Low,Close,Volume,Ex-Dividend,Split Ratio,Adj. Open,Adj. High,Adj. Low,Adj. Close,Adj. Volume
2011-12-30,11.85,11.96,11.81,11.84,1541900.0,0.0,1.0,10.24262863685,10.337707890019,10.20805436297,10.23398506838,1541900.0
2011-12-29,11.81,11.95,11.79,11.88,2324700.0,0.0,1.0,10.20805436297,10.329064321549,10.19076722603,10.268559342259,2324700.0
2011-12-28,11.94,11.94,11.67,11.72,2370200.0,0.0,1.0,10.320420753079,10.320420753079,10.087044404391,10.130262246741,2370200.0
2011-12-27,11.8,11.97,11.74,11.91,2191600.0,0.0,1.0,10.1994107945,10.346351458489,10.147549383681,10.294490047669,2191600.0
2011-12-23,11.83,11.92,11.78,11.87,4001500.0,0.0,1.0,10.22534149991,10.303133616139,10.18212365756,10.259915773789,4001500.0
2011-12-22,11.66,11.84,11.64,11.8,4791300.0,0.0,1.0,10.078400835921,10.23398506838,10.061113698981,10.1994107945,4791300.0
2011-12-21,11.69,11.69,11.4899,11.59,5751700.0,0.0,1.0,10.104331541331,10.104331541331,9.931373736248,10.017895856632,5751700.0
2011-12-20,11.67,11.7562,11.58,11.69,8518000.0,0.0,1.0,10.087044404391,10.161551964602,10.009252288162,10.104331541331,8518000.0
2011-12-19,11.59,11.695,11.44,11.48,5287000.0,0.0,1.0,10.017895856632,10.108653325566,9.8882423295831,9.9228166034628,5287000.0
2011-12-16,11.65,11.75,11.43,11.5,7936900.0,0.0,1.0,10.069757267451,10.15619295215,9.8795987611132,9.9401037404026,7936900.0
2011-12-15,11.68,11.85,11.56,11.57,5811800.0,0.0,1.0,10.095687972861,10.24262863685,9.9919651512221,10.000608719692,5811800.0
2011-12-14,11.62,11.695,11.48,11.51,5527500.0,0.0,1.0,10.043826562042,10.108653325566,9.9228166034628,9.9487473088725,5527500.0
2011-12-13,11.81,11.93,11.61,11.67,7046900.0,0.0,1.0,10.20805436297,10.311777184609,10.035182993572,10.087044404391,7046900.0
2011-12-12,11.73,11.88,11.6,11.72,5027900.0,0.0,1.0,10.138905815211,10.268559342259,10.026539425102,10.130262246741,5027900.0
2011-12-09,11.6,11.9,11.59,11.86,5688000.0,0.0,1.0,10.026539425102,10.285846479199,10.017895856632,10.25127220532,5688000.0
2011-12-08,11.94,12.0,11.47,11.505,8389900.0,0.0,1.0,10.320420753079,10.372282163898,9.9141730349929,9.9444255246376,8389900.0
2011-12-07,11.99,12.12,11.96,12.04,3942400.0,0.0,1.0,10.363638595428,10.476004985537,10.337707890019,10.406856437778,3942400.0
2011-12-06,12.1,12.19,11.95,12.07,5660700.0,0.0,1.0,10.458717848598,10.536509964827,10.329064321549,10.432787143188,5660700.0
2011-12-05,12.13,12.2,11.97,12.08,5512800.0,0.0,1.0,10.484648554007,10.545153533297,10.346351458489,10.441430711658,5512800.0
2011-12-02,12.2,12.21,11.86,11.94,7119800.0,0.0,1.0,10.545153533297,10.553797101767,10.25127220532,10.320420753079,7119800.0
2011-12-01,12.01,12.235,11.965,12.11,6622400.0,0.0,1.0,10.380925732368,10.575406022941,10.342029674254,10.467361417067,6622400.0
2011-11-30,11.995,12.11,11.875,12.08,7044000.0,0.0,1.0,10.367960379663,10.467361417067,10.264237558024,10.441430711658,7044000.0
2011-11-29,11.66,11.77,11.45,11.65,5773100.0,0.0,1.0,10.078400835921,10.17348008909,9.896885898053,10.069757267451,5773100.0
2011-11-28,11.41,11.62,11.33,11.42,6274000.0,0.0,1.0,9.8623116241734,10.043826562042,9.793163076414,9.8709551926433,6274000.0
2011-11-25,11.07,11.25,11.07,11.09,1478300.0,0.0,1.0,9.5684302961962,9.7240145286547,9.5684302961962,9.5857174331361,1478300.0
2011-11-23,11.15,11.22,10.96,11.12,8625900.0,0.0,1.0,9.6375788439556,9.698083823245,9.4733510430272,9.6116481385458,8625900.0
2011-11-22,11.44,11.51,11.11,11.25,7039300.0,0.0,1.0,9.8882423295831,9.9487473088725,9.6030045700759,9.7240145286547,7039300.0
2011-11-21,11.6,11.61,11.28,11.49,5940100.0,0.0,1.0,10.026539425102,10.035182993572,9.7499452340645,9.9314601719327,5940100.0
2011-11-18,11.61,11.81,11.55,11.75,6264300.0,0.0,1.0,10.035182993572,10.20805436297,9.9833215827522,10.15619295215,6264300.0
2011-11-17,11.67,11.68,11.365,11.49,7689500.0,0.0,1.0,10.087044404391,10.095687972861,9.8234155660588,9.9314601719327,7689500.0
2011-11-16,11.65,11.92,11.56,11.7,5345000.0,0.0,1.0,10.069757267451,10.303133616139,9.9919651512221,10.112975109801,5345000.0
2011-11-15,11.65,11.88,11.61,11.82,3646000.0,0.0,1.0,10.069757267451,10.268559342259,10.035182993572,10.21669793144,3646000.0
2011-11-14,11.64,11.79,11.59,11.7,4206700.0,0.0,1.0,10.061113698981,10.19076722603,10.017895856632,10.112975109801,4206700.0
2011-11-11,11.73,11.78,11.6,11.78,3523700.0,0.0,1.0,10.138905815211,10.18212365756,10.026539425102,10.18212365756,3523700.0
2011-11-10,11.62,11.67,11.35,11.48,4755300.0,0.0,1.0,10.043826562042,10.087044404391,9.8104502133539,9.9228166034628,4755300.0
2011-11-09,11.8,11.8,11.36,11.41,7521500.0,0.0,1.0,10.1994107945,10.1994107945,9.8190937818238,9.8623116241734,7521500.0
2011-11-08,11.95,12.14,11.84,12.12,4959400.0,0.0,1.0,10.329064321549,10.493292122477,10.23398506838,10.476004985537,4959400.0
2011-11-07,11.85,11.9594,11.78,11.93,5436700.0,0.0,1.0,10.24262863685,10.337189275911,10.18212365756,10.311777184609,5436700.0
2011-11-04,11.97,12.11,11.605,11.91,8018000.0,0.0,1.0,10.346351458489,10.467361417067,10.030861209337,10.294490047669,8018000.0
2011-11-03,11.4,11.67,11.3,11.58,5835800.0,0.0,1.0,9.8536680557035,10.087044404391,9.7672323710043,10.009252288162,5835800.0
2011-11-02,11.12,11.42,11.08,11.29,5817000.0,0.0,1.0,9.6116481385458,9.8709551926433,9.5770738646662,9.7585888025344,5817000.0
2011-11-01,10.8,11.205,10.8,10.94,7131300.0,0.0,1.0,9.3350539475085,9.6851184705401,9.3350539475085,9.4560639060873,7131300.0
2011-10-31,11.49,11.5,11.22,11.22,5034200.0,0.0,1.0,9.9314601719327,9.9401037404026,9.698083823245,9.698083823245,5034200.0
2011-10-28,11.5,11.7,11.3,11.65,5400500.0,0.0,1.0,9.9401037404026,10.112975109801,9.7672323710043,10.069757267451,5400500.0
2011-10-27,11.29,11.7,11.29,11.52,9985800.0,0.0,1.0,9.7585888025344,10.112975109801,9.7585888025344,9.9573908773424,9985800.0
2011-10-26,11.13,11.25,10.86,10.96,6523200.0,0.0,1.0,9.6202917070157,9.7240145286547,9.386915358328,9.4733510430272,6523200.0
2011-10-25,11.16,11.16,10.8,10.82,5223100.0,0.0,1.0,9.6462224124255,9.6462224124255,9.3350539475085,9.3523410844484,5223100.0
2011-10-24,11.22,11.39,11.13,11.23,5623000.0,0.0,1.0,9.698083823245,9.8450244872335,9.6202917070157,9.7067273917149,5623000.0
2011-10-21,10.95,11.195,10.95,11.19,5589300.0,0.0,1.0,9.4647074745573,9.6764749020702,9.4647074745573,9.6721531178352,5589300.0
2011-10-20,10.78,10.855,10.57,10.82,5589700.0,0.0,1.0,9.3177668105687,9.3825935740931,9.1362518727005,9.3523410844484,5589700.0
2011-10-19,10.71,10.97,10.65,10.79,6712600.0,0.0,1.0,9.2572618312793,9.4819946114971,9.2054004204598,9.3264103790386,6712600.0
2011-10-18,10.26,10.82,10.18,10.7,9919000.0,0.0,1.0,8.8683012501331,9.3523410844484,8.7991527023738,9.2486182628094,9919000.0
2011-10-17,10.48,10.52,10.23,10.25,4963600.0,0.0,1.0,9.0584597564712,9.0930340303509,8.8423705447234,8.8596576816632,4963600.0
2011-10-14,10.55,10.65,10.48,10.51,5118400.0,0.0,1.0,9.1189647357607,9.2054004204598,9.0584597564712,9.084390461881,5118400.0
2011-10-13,10.36,10.455,10.14,10.39,6205400.0,0.0,1.0,8.9547369348323,9.0368508352965,8.7645784284941,8.980667640242,6205400.0
2011-10-12,10.27,10.58,10.23,10.47,5510600.0,0.0,1.0,8.876944818603,9.1448954411704,8.8423705447234,9.0498161880013,5510600.0
2011-10-11,10.26,10.46,10.195,10.21,5218200.0,0.0,1.0,8.8683012501331,9.0411726195314,8.8121180550787,8.8250834077835,5218200.0
2011-10-10,10.26,10.48,10.16,10.35,5359300.0,0.0,1.0,8.8683012501331,9.0584597564712,8.781865565434,8.9460933663623,5359300.0
2011-10-07,10.21,10.22,9.86,10.02,6427600.0,0.0,1.0,8.8250834077835,8.8337269762534,8.5225585113365,8.6608556068551,6427600.0
2011-10-06,9.69,10.22,9.66,10.16,6571900.0,0.0,1.0,8.3756178473479,8.8337269762534,8.3496871419382,8.781865565434,6571900.0
2011-10-05,9.47,9.785,9.29,9.76,8246500.0,0.0,1.0,8.1854593410098,8.4577317478121,8.0298751085513,8.4361228266373,8246500.0
2011-10-04,9.29,9.44,9.0,9.44,9700000.0,0.0,1.0,8.0298751085513,8.1595286356001,7.7792116229238,8.1595286356001,9700000.0
2011-10-03,9.68,9.85,9.44,9.44,7379700.0,0.0,1.0,8.366974278878,8.5139149428666,8.1595286356001,8.1595286356001,7379700.0
2011-09-30,10.12,10.12,9.76,9.76,7583300.0,0.0,1.0,8.7472912915543,8.7472912915543,8.4361228266373,8.4361228266373,7583300.0
2011-09-29,10.19,10.28,10.04,10.26,6978900.0,0.0,1.0,8.8077962708437,8.8855883870729,8.678142743795,8.8683012501331,6978900.0
2011-09-28,10.21,10.31,9.94,9.95,7917900.0,0.0,1.0,8.8250834077835,8.9115190924827,8.5917070590958,8.6003506275657,7917900.0
2011-09-27,10.33,10.44,10.13,10.19,9308600.0,0.0,1.0,8.9288062294225,9.0238854825916,8.7559348600242,8.8077962708437,9308600.0
2011-09-26,10.02,10.1,9.72,10.07,8120600.0,0.0,1.0,8.6608556068551,8.7300041546145,8.4015485527577,8.7040734492047,8120600.0
2011-09-23,9.8,10.14,9.75,9.87,9893500.0,0.0,1.0,8.470697100517,8.7645784284941,8.4274792581674,8.5312020798064,9893500.0
2011-09-22,9.99,10.02,9.69,9.83,15174100.0,0.0,1.0,8.6349249014454,8.6608556068551,8.3756178473479,8.4966278059267,15174100.0
2011-09-21,10.69,10.84,10.35,10.36,7751900.0,0.0,1.0,9.2399746943395,9.3696282213882,8.9460933663623,8.9547369348323,7751900.0
2011-09-20,10.96,11.07,10.68,10.72,6521400.0,0.0,1.0,9.4733510430272,9.5684302961962,9.2313311258696,9.2659053997492,6521400.0
2011-09-19,10.87,10.98,10.81,10.93,6312300.0,0.0,1.0,9.3955589267979,9.490638179967,9.3436975159785,9.4474203376174,6312300.0
2011-09-16,10.97,11.15,10.93,11.06,6120600.0,0.0,1.0,9.4819946114971,9.6375788439556,9.4474203376174,9.5597867277263,6120600.0
2011-09-15,10.7,10.89,10.6,10.89,6818300.0,0.0,1.0,9.2486182628094,9.4128460637378,9.1621825781102,9.4128460637378,6818300.0
2011-09-14,10.44,10.71,10.35,10.59,6553100.0,0.0,1.0,9.0238854825916,9.2572618312793,8.9460933663623,9.1535390096403,6553100.0
2011-09-13,10.43,10.51,10.28,10.38,6985700.0,0.0,1.0,9.0152419141217,9.084390461881,8.8855883870729,8.9720240717721,6985700.0
2011-09-12,10.26,10.41,10.08,10.4,7209300.0,0.0,1.0,8.8683012501331,8.9979547771818,8.7127170176746,8.9893112087119,7209300.0
2011-09-09,10.49,10.589,10.21,10.33,7673100.0,0.0,1.0,9.0671033249412,9.1526746527933,8.8250834077835,8.9288062294225,7673100.0
2011-09-08,10.87,10.98,10.66,10.68,7097200.0,0.0,1.0,9.3955589267979,9.490638179967,9.2140439889297,9.2313311258696,7097200.0
2011-09-07,10.74,10.98,10.56,10.86,10993700.0,0.0,1.0,9.283192536689,9.490638179967,9.1276083042306,9.386915358328,10993700.0
2011-09-06,9.97,10.56,9.88,10.53,11678700.0,0.0,1.0,8.6176377645056,9.1276083042306,8.5398456482763,9.1016775988208,11678700.0
2011-09-02,10.43,10.5,10.23,10.32,5475800.0,0.0,1.0,9.0152419141217,9.0757468934111,8.8423705447234,8.9201626609526,5475800.0
2011-09-01,10.85,10.92,10.63,10.64,6646900.0,0.0,1.0,9.3782717898581,9.4387767691475,9.18811328352,9.1967568519899,6646900.0
2011-08-31,10.77,10.94,10.72,10.86,5256200.0,0.0,1.0,9.3091232420988,9.4560639060873,9.2659053997492,9.386915358328,5256200.0
2011-08-30,10.83,10.89,10.615,10.65,5946000.0,0.0,1.0,9.3609846529183,9.4128460637378,9.1751479308151,9.2054004204598,5946000.0
2011-08-29,10.56,10.88,10.55,10.87,4429900.0,0.0,1.0,9.1276083042306,9.4042024952679,9.1189647357607,9.3955589267979,4429900.0
2011-08-26,10.16,10.47,9.9,10.35,5355700.0,0.0,1.0,8.781865565434,9.0498161880013,8.5571327852162,8.9460933663623,5355700.0
2011-08-25,10.69,10.755,10.09,10.23,8183100.0,0.0,1.0,9.2399746943395,9.2961578893939,8.7213605861445,8.8423705447234,8183100.0
2011-08-24,10.38,10.69,10.375,10.66,4596200.0,0.0,1.0,8.9720240717721,9.2399746943395,8.9677022875371,9.2140439889297,4596200.0
2011-08-23,10.22,10.47,10.05,10.47,5797000.0,0.0,1.0,8.8337269762534,9.0498161880013,8.6867863122649,9.0498161880013,5797000.0
2011-08-22,10.42,10.62,10.04,10.17,9074800.0,0.0,1.0,9.0065983456518,9.1794697150501,8.678142743795,8.7905091339039,9074800.0
2011-08-19,10.31,10.5,10.155,10.18,8231600.0,0.0,1.0,8.9115190924827,9.0757468934111,8.777543781199,8.7991527023738,8231600.0
2011-08-18,10.6,10.65,10.22,10.45,11701400.0,0.0,1.0,9.1621825781102,9.2054004204598,8.8337269762534,9.0325290510615,11701400.0
2011-08-17,10.97,11.23,10.81,10.91,6814100.0,0.0,1.0,9.4819946114971,9.7067273917149,9.3436975159785,9.4301332006776,6814100.0
2011-08-16,10.92,11.02,10.75,10.88,6208300.0,0.0,1.0,9.4387767691475,9.5252124538467,9.291836105159,9.4042024952679,6208300.0
2011-08-15,10.6,11.04,10.6,11.02,5832000.0,0.0,1.0,9.1621825781102,9.5424995907865,9.1621825781102,9.5252124538467,5832000.0
2011-08-12,10.49,10.775,10.46,10.51,9171200.0,0.0,1.0,9.0671033249412,9.3134450263337,9.0411726195314,9.084390461881,9171200.0
2011-08-11,9.71,10.56,9.71,10.43,15999700.0,0.0,1.0,8.3929049842878,9.1276083042306,8.3929049842878,9.0152419141217,15999700.0
2011-08-10,9.69,9.91,9.42,9.68,15179700.0,0.0,1.0,8.3756178473479,8.5657763536861,8.1422414986602,8.366974278878,15179700.0
2011-08-09,9.69,9.95,9.32,9.9,12565600.0,0.0,1.0,8.3756178473479,8.6003506275657,8.0558058139611,8.5571327852162,12565600.0
2011-08-08,10.44,10.48,9.22,9.6,16622900.0,0.0,1.0,9.0238854825916,9.0584597564712,7.9693701292619,8.2978257311187,16622900.0
2011-08-05,11.0,11.15,10.49,10.82,14234300.0,0.0,1.0,9.5079253169068,9.6375788439556,9.0671033249412,9.3523410844484,14234300.0
2011-08-04,11.45,11.51,10.75,10.75,11527600.0,0.0,1.0,9.896885898053,9.9487473088725,9.291836105159,9.291836105159,11527600.0
2011-08-03,11.71,11.79,11.33,11.69,10343500.0,0.0,1.0,10.121618678271,10.19076722603,9.793163076414,10.104331541331,10343500.0
2011-08-02,12.05,12.13,11.7,11.73,10841000.0,0.0,1.0,10.415500006248,10.484648554007,10.112975109801,10.138905815211,10841000.0
2011-08-01,12.39,12.43,12.06,12.18,5516200.0,0.0,1.0,10.709381334225,10.743955608105,10.424143574718,10.527866396357,5516200.0
2011-07-29,12.35,12.5481,12.18,12.31,5647500.0,0.0,1.0,10.674807060345,10.846036151734,10.527866396357,10.640232786466,5647500.0
2011-07-28,12.69,12.73,12.44,12.46,6857000.0,0.0,1.0,10.968688388323,11.003262662202,10.752599176575,10.769886313514,6857000.0
2011-07-27,12.72,12.84,12.69,12.71,9696300.0,0.0,1.0,10.994619093732,11.098341915371,10.968688388323,10.985975525262,9696300.0
2011-07-26,12.9,12.9,12.69,12.8,4852500.0,0.0,1.0,11.150203326191,11.150203326191,10.968688388323,11.063767641492,4852500.0
2011-07-25,12.59,12.95,12.55,12.88,9087400.0,0.0,1.0,10.882252703623,11.19342116854,10.847678429744,11.132916189251,9087400.0
2011-07-22,12.81,12.81,12.62,12.68,2330000.0,0.0,1.0,11.072411209962,11.072411209962,10.908183409033,10.960044819853,2330000.0
2011-07-21,12.67,12.8,12.64,12.78,6608300.0,0.0,1.0,10.951401251383,11.063767641492,10.925470545973,11.046480504552,6608300.0
2011-07-20,12.56,12.67,12.49,12.58,3693000.0,0.0,1.0,10.856321998214,10.951401251383,10.795817018924,10.873609135153,3693000.0
2011-07-19,12.35,12.56,12.32,12.53,6231200.0,0.0,1.0,10.674807060345,10.856321998214,10.648876354936,10.830391292804,6231200.0
2011-07-18,12.43,12.47,12.16,12.29,5956700.0,0.0,1.0,10.743955608105,10.778529881984,10.510579259417,10.622945649526,5956700.0
2011-07-15,12.64,12.67,12.42,12.54,4461200.0,0.0,1.0,10.925470545973,10.951401251383,10.735312039635,10.839034861274,4461200.0
2011-07-14,12.68,12.8,12.53,12.58,5960500.0,0.0,1.0,10.960044819853,11.063767641492,10.830391292804,10.873609135153,5960500.0
2011-07-13,12.7,12.84,12.66,12.7,6542600.0,0.0,1.0,10.977331956792,11.098341915371,10.942757682913,10.977331956792,6542600.0
2011-07-12,12.67,12.83,12.65,12.65,4860100.0,0.0,1.0,10.951401251383,11.089698346901,10.934114114443,10.934114114443,4860100.0
2011-07-11,12.89,12.89,12.71,12.75,4083700.0,0.0,1.0,11.141559757721,11.141559757721,10.985975525262,11.020549799142,4083700.0
2011-07-08,13.0,13.07,12.9,13.06,3833200.0,0.0,1.0,11.23663901089,11.297143990179,11.150203326191,11.288500421709,3833200.0
2011-07-07,13.08,13.2,13.05,13.13,5681500.0,0.0,1.0,11.305787558649,11.409510380288,11.279856853239,11.349005400999,5681500.0
2011-07-06,12.85,13.0,12.72,12.97,6736300.0,0.0,1.0,11.106985483841,11.23663901089,10.994619093732,11.21070830548,6736300.0
2011-07-05,13.05,13.16,12.8,12.84,7324500.0,0.0,1.0,11.279856853239,11.374936106409,11.063767641492,11.098341915371,7324500.0
2011-07-01,12.73,12.98,12.68,12.98,3636300.0,0.0,1.0,11.003262662202,11.21935187395,10.960044819853,11.21935187395,3636300.0
2011-06-30,12.68,12.76,12.5675,12.74,6323300.0,0.0,1.0,10.960044819853,11.029193367612,10.862804674566,11.011906230672,6323300.0
2011-06-29,12.48,12.68,12.38,12.6,6783900.0,0.0,1.0,10.787173450454,10.960044819853,10.700737765755,10.890896272093,6783900.0
2011-06-28,12.26,12.58,12.22,12.46,6109300.0,0.0,1.0,10.597014944116,10.873609135153,10.562440670237,10.769886313514,6109300.0
2011-06-27,12.18,12.22,12.07,12.21,4527300.0,0.0,1.0,10.527866396357,10.562440670237,10.432787143188,10.553797101767,4527300.0
2011-06-24,12.23,12.29,12.05,12.12,6366100.0,0.0,1.0,10.571084238706,10.622945649526,10.415500006248,10.476004985537,6366100.0
2011-06-23,12.17,12.23,12.03,12.21,8830000.0,0.0,1.0,10.519222827887,10.571084238706,10.398212869308,10.553797101767,8830000.0
2011-06-22,12.43,12.54,12.34,12.34,4066400.0,0.0,1.0,10.743955608105,10.839034861274,10.666163491875,10.666163491875,4066400.0
2011-06-21,12.35,12.53,12.28,12.49,5289000.0,0.0,1.0,10.674807060345,10.830391292804,10.614302081056,10.795817018924,5289000.0
2011-06-20,12.2,12.41,12.16,12.27,5362900.0,0.0,1.0,10.545153533297,10.726668471165,10.510579259417,10.605658512586,5362900.0
2011-06-17,12.3,12.41,12.2,12.27,4804100.0,0.0,1.0,10.631589217996,10.726668471165,10.545153533297,10.605658512586,4804100.0
2011-06-16,12.17,12.33,12.1,12.17,6401500.0,0.0,1.0,10.519222827887,10.657519923406,10.458717848598,10.519222827887,6401500.0
2011-06-15,12.23,12.31,12.04,12.07,6695800.0,0.0,1.0,10.571084238706,10.640232786466,10.406856437778,10.432787143188,6695800.0
2011-06-14,12.52,12.52,12.17,12.3,8532700.0,0.0,1.0,10.821747724334,10.821747724334,10.519222827887,10.631589217996,8532700.0
2011-06-13,12.33,12.47,12.27,12.37,5038200.0,0.0,1.0,10.657519923406,10.778529881984,10.605658512586,10.692094197285,5038200.0
2011-06-10,12.33,12.4,12.24,12.31,6762200.0,0.0,1.0,10.657519923406,10.718024902695,10.579727807176,10.640232786466,6762200.0
2011-06-09,12.35,12.44,12.26,12.44,7414800.0,0.0,1.0,10.674807060345,10.752599176575,10.597014944116,10.752599176575,7414800.0
2011-06-08,12.33,12.465,12.3,12.35,4061500.0,0.0,1.0,10.657519923406,10.774208097749,10.631589217996,10.674807060345,4061500.0
2011-06-07,12.34,12.45,12.23,12.33,5616300.0,0.0,1.0,10.666163491875,10.761242745045,10.571084238706,10.657519923406,5616300.0
2011-06-06,12.42,12.47,12.27,12.3,5743200.0,0.0,1.0,10.735312039635,10.778529881984,10.605658512586,10.631589217996,5743200.0
2011-06-03,12.36,12.53,12.26,12.46,4669600.0,0.0,1.0,10.683450628815,10.830391292804,10.597014944116,10.769886313514,4669600.0
2011-06-02,12.69,12.72,12.5,12.54,5789000.0,0.0,1.0,10.968688388323,10.994619093732,10.804460587394,10.839034861274,5789000.0
2011-06-01,12.93,13.0,12.69,12.74,5983500.0,0.0,1.0,11.1761340316,11.23663901089,10.968688388323,11.011906230672,5983500.0
2011-05-31,12.88,12.98,12.8,12.96,4451900.0,0.0,1.0,11.132916189251,11.21935187395,11.063767641492,11.20206473701,4451900.0
2011-05-27,12.74,12.82,12.68,12.76,2037500.0,0.0,1.0,11.011906230672,11.081054778431,10.960044819853,11.029193367612,2037500.0
2011-05-26,12.8,12.86,12.63,12.71,6207300.0,0.0,1.0,11.063767641492,11.115629052311,10.916826977503,10.985975525262,6207300.0
2011-05-25,12.42,12.82,12.36,12.74,7258700.0,0.0,1.0,10.735312039635,11.081054778431,10.683450628815,11.011906230672,7258700.0
2011-05-24,12.57,12.63,12.45,12.47,9694400.0,0.0,1.0,10.864965566684,10.916826977503,10.761242745045,10.778529881984,9694400.0
2011-05-23,12.85,12.87,12.49,12.52,9611900.0,0.0,1.0,11.106985483841,11.124272620781,10.795817018924,10.821747724334,9611900.0
2011-05-20,13.06,13.17,12.95,13.02,10225900.0,0.0,1.0,11.288500421709,11.383579674878,11.19342116854,11.25392614783,10225900.0
2011-05-19,12.76,12.93,12.7,12.93,7940900.0,0.0,1.0,11.029193367612,11.1761340316,10.977331956792,11.1761340316,7940900.0
2011-05-18,12.4,12.74,12.3,12.66,8981700.0,0.0,1.0,10.718024902695,11.011906230672,10.631589217996,10.942757682913,8981700.0
2011-05-17,12.47,12.52,12.37,12.4,7324600.0,0.0,1.0,10.778529881984,10.821747724334,10.692094197285,10.718024902695,7324600.0
2011-05-16,12.45,12.58,12.36,12.53,5710600.0,0.0,1.0,10.761242745045,10.873609135153,10.683450628815,10.830391292804,5710600.0
2011-05-13,12.64,12.7,12.38,12.44,6763600.0,0.0,1.0,10.925470545973,10.977331956792,10.700737765755,10.752599176575,6763600.0
2011-05-12,12.79,12.85,12.5,12.58,9300000.0,0.0,1.0,11.055124073022,11.106985483841,10.804460587394,10.873609135153,9300000.0
2011-05-11,13.07,13.11,12.73,12.82,6003400.0,0.0,1.0,11.297143990179,11.331718264059,11.003262662202,11.081054778431,6003400.0
2011-05-10,13.23,13.24,12.91,13.05,8304300.0,0.0,1.0,11.435441085698,11.444084654168,11.158846894661,11.279856853239,8304300.0
2011-05-09,12.96,13.2,12.81,13.14,6166400.0,0.0,1.0,11.20206473701,11.409510380288,11.072411209962,11.357648969469,6166400.0
2011-05-06,13.1,13.23,12.86,12.93,4805700.0,0.0,1.0,11.323074695589,11.435441085698,11.115629052311,11.1761340316,4805700.0
2011-05-05,12.96,13.24,12.82,12.93,6907400.0,0.0,1.0,11.20206473701,11.444084654168,11.081054778431,11.1761340316,6907400.0
2011-05-04,13.22,13.23,13.03,13.05,5214000.0,0.0,1.0,11.426797517228,11.435441085698,11.2625697163,11.279856853239,5214000.0
2011-05-03,13.22,13.39,13.15,13.26,6524600.0,0.0,1.0,11.426797517228,11.573738181217,11.366292537939,11.461371791108,6524600.0
2011-05-02,13.3,13.42,13.19,13.19,3965600.0,0.0,1.0,11.495946064987,11.599668886626,11.400866811818,11.400866811818,3965600.0
2011-04-29,13.16,13.35,13.1,13.24,3818300.0,0.0,1.0,11.374936106409,11.539163907337,11.323074695589,11.444084654168,3818300.0
2011-04-28,12.98,13.23,12.88,13.2,7102400.0,0.0,1.0,11.21935187395,11.435441085698,11.132916189251,11.409510380288,7102400.0
2011-04-27,12.95,13.0593,12.87,13.01,10399300.0,0.0,1.0,11.19342116854,11.287895371917,11.124272620781,11.24528257936,10399300.0
2011-04-26,12.96,12.99,12.84,12.9,6600000.0,0.0,1.0,11.20206473701,11.22799544242,11.098341915371,11.150203326191,6600000.0
2011-04-25,12.98,12.98,12.85,12.89,4439600.0,0.0,1.0,11.21935187395,11.21935187395,11.106985483841,11.141559757721,4439600.0
2011-04-21,12.94,13.08,12.87,13.01,6972500.0,0.0,1.0,11.18477760007,11.305787558649,11.124272620781,11.24528257936,6972500.0
2011-04-20,12.9,13.27,12.78,12.88,12797800.0,0.0,1.0,11.150203326191,11.470015359578,11.046480504552,11.132916189251,12797800.0
2011-04-19,12.54,12.66,12.45,12.47,6531700.0,0.0,1.0,10.839034861274,10.942757682913,10.761242745045,10.778529881984,6531700.0
2011-04-18,12.64,12.67,12.42,12.53,6708800.0,0.0,1.0,10.925470545973,10.951401251383,10.735312039635,10.830391292804,6708800.0
2011-04-15,12.78,12.84,12.69,12.83,5609300.0,0.0,1.0,11.046480504552,11.098341915371,10.968688388323,11.089698346901,5609300.0
2011-04-14,12.66,12.84,12.52,12.78,5279300.0,0.0,1.0,10.942757682913,11.098341915371,10.821747724334,11.046480504552,5279300.0
2011-04-13,12.68,12.83,12.67,12.75,3374400.0,0.0,1.0,10.960044819853,11.089698346901,10.951401251383,11.020549799142,3374400.0
2011-04-12,12.8,12.85,12.57,12.64,4088500.0,0.0,1.0,11.063767641492,11.106985483841,10.864965566684,10.925470545973,4088500.0
2011-04-11,13.3,13.3,12.82,12.88,4191100.0,0.0,1.0,11.495946064987,11.495946064987,11.081054778431,11.132916189251,4191100.0
2011-04-08,13.34,13.5,13.2,13.26,4917200.0,0.0,1.0,11.530520338867,11.668817434386,11.409510380288,11.461371791108,4917200.0
2011-04-07,13.18,13.24,13.08,13.22,3534600.0,0.0,1.0,11.392223243348,11.444084654168,11.305787558649,11.426797517228,3534600.0
2011-04-06,12.9,13.33,12.9,13.23,7073500.0,0.0,1.0,11.150203326191,11.521876770397,11.150203326191,11.435441085698,7073500.0
2011-04-05,12.95,13.04,12.9,12.91,2656900.0,0.0,1.0,11.19342116854,11.27121328477,11.150203326191,11.158846894661,2656900.0
2011-04-04,13.12,13.22,12.95,13.01,3723800.0,0.0,1.0,11.340361832529,11.426797517228,11.19342116854,11.24528257936,3723800.0
2011-04-01,13.06,13.15,12.95,13.09,3579400.0,0.0,1.0,11.288500421709,11.366292537939,11.19342116854,11.314431127119,3579400.0
2011-03-31,13.01,13.06,12.89,13.0,4404800.0,0.0,1.0,11.24528257936,11.288500421709,11.141559757721,11.23663901089,4404800.0
2011-03-30,12.91,13.15,12.9,13.07,6080500.0,0.0,1.0,11.158846894661,11.366292537939,11.150203326191,11.297143990179,6080500.0
2011-03-29,12.67,12.84,12.58,12.84,3122900.0,0.0,1.0,10.951401251383,11.098341915371,10.873609135153,11.098341915371,3122900.0
2011-03-28,12.75,12.88,12.59,12.59,2907800.0,0.0,1.0,11.020549799142,11.132916189251,10.882252703623,10.882252703623,2907800.0
2011-03-25,12.59,12.745,12.43,12.71,3968100.0,0.0,1.0,10.882252703623,11.016228014907,10.743955608105,10.985975525262,3968100.0
2011-03-24,12.5,12.71,12.4,12.57,3445400.0,0.0,1.0,10.804460587394,10.985975525262,10.718024902695,10.864965566684,3445400.0
2011-03-23,12.43,12.53,12.31,12.46,5071100.0,0.0,1.0,10.743955608105,10.830391292804,10.640232786466,10.769886313514,5071100.0
2011-03-22,12.66,12.71,12.37,12.47,4235300.0,0.0,1.0,10.942757682913,10.985975525262,10.692094197285,10.778529881984,4235300.0
2011-03-21,12.56,12.72,12.47,12.62,5351600.0,0.0,1.0,10.856321998214,10.994619093732,10.778529881984,10.908183409033,5351600.0
2011-03-18,12.88,12.97,12.3,12.31,7875900.0,0.0,1.0,11.132916189251,11.21070830548,10.631589217996,10.640232786466,7875900.0
2011-03-17,12.5,12.77,12.38,12.75,7367900.0,0.0,1.0,10.804460587394,11.037836936082,10.700737765755,11.020549799142,7367900.0
2011-03-16,12.5,12.54,12.09,12.21,7782400.0,0.0,1.0,10.804460587394,10.839034861274,10.450074280128,10.553797101767,7782400.0
2011-03-15,12.39,12.66,12.25,12.57,6114600.0,0.0,1.0,10.709381334225,10.942757682913,10.588371375646,10.864965566684,6114600.0
2011-03-14,12.97,12.97,12.51,12.74,9703300.0,0.0,1.0,11.21070830548,11.21070830548,10.813104155864,11.011906230672,9703300.0
2011-03-11,13.14,13.24,13.05,13.1,4166100.0,0.0,1.0,11.357648969469,11.444084654168,11.279856853239,11.323074695589,4166100.0
2011-03-10,13.2,13.29,12.965,13.11,4494500.0,0.0,1.0,11.409510380288,11.487302496517,11.206386521245,11.331718264059,4494500.0
2011-03-09,13.18,13.4,12.91,13.38,4423000.0,0.0,1.0,11.392223243348,11.582381749687,11.158846894661,11.565094612747,4423000.0
2011-03-08,12.98,13.25,12.98,13.25,4902100.0,0.0,1.0,11.21935187395,11.452728222638,11.21935187395,11.452728222638,4902100.0
2011-03-07,13.13,13.195,12.87,12.97,5035900.0,0.0,1.0,11.349005400999,11.405188596053,11.124272620781,11.21070830548,5035900.0
2011-03-04,13.12,13.19,13.01,13.09,5255600.0,0.0,1.0,11.340361832529,11.400866811818,11.24528257936,11.314431127119,5255600.0
2011-03-03,12.95,13.13,12.91,13.11,5489600.0,0.0,1.0,11.19342116854,11.349005400999,11.158846894661,11.331718264059,5489600.0
2011-03-02,12.73,12.9,12.65,12.81,4584800.0,0.0,1.0,11.003262662202,11.150203326191,10.934114114443,11.072411209962,4584800.0
2011-03-01,12.41,13.01,12.41,12.73,8236200.0,0.0,1.0,10.726668471165,11.24528257936,10.726668471165,11.003262662202,8236200.0
2011-02-28,12.3,12.6,12.24,12.37,5660300.0,0.0,1.0,10.631589217996,10.890896272093,10.579727807176,10.692094197285,5660300.0
2011-02-25,12.17,12.39,12.1,12.26,3832100.0,0.0,1.0,10.519222827887,10.709381334225,10.458717848598,10.597014944116,3832100.0
2011-02-24,12.23,12.28,11.99,12.07,4778800.0,0.0,1.0,10.571084238706,10.614302081056,10.363638595428,10.432787143188,4778800.0
2011-02-23,12.36,12.43,12.22,12.25,3983700.0,0.0,1.0,10.683450628815,10.743955608105,10.562440670237,10.588371375646,3983700.0
2011-02-22,12.71,12.72,12.32,12.34,4990500.0,0.0,1.0,10.985975525262,10.994619093732,10.648876354936,10.666163491875,4990500.0
2011-02-18,12.86,12.92,12.79,12.88,3105600.0,0.0,1.0,11.115629052311,11.167490463131,11.055124073022,11.132916189251,3105600.0
2011-02-17,12.47,12.88,12.46,12.84,4178400.0,0.0,1.0,10.778529881984,11.132916189251,10.769886313514,11.098341915371,4178400.0
2011-02-16,12.57,12.57,12.32,12.53,3751800.0,0.0,1.0,10.864965566684,10.864965566684,10.648876354936,10.830391292804,3751800.0
2011-02-15,12.51,12.57,12.44,12.53,3080000.0,0.0,1.0,10.813104155864,10.864965566684,10.752599176575,10.830391292804,3080000.0
2011-02-14,12.47,12.58,12.46,12.54,4059700.0,0.0,1.0,10.778529881984,10.873609135153,10.769886313514,10.839034861274,4059700.0
2011-02-11,12.38,12.5,12.19,12.45,5104900.0,0.0,1.0,10.700737765755,10.804460587394,10.536509964827,10.761242745045,5104900.0
2011-02-10,12.28,12.6,12.28,12.49,5538700.0,0.0,1.0,10.614302081056,10.890896272093,10.614302081056,10.795817018924,5538700.0
2011-02-09,12.34,12.43,12.26,12.35,3333500.0,0.0,1.0,10.666163491875,10.743955608105,10.597014944116,10.674807060345,3333500.0
2011-02-08,12.55,12.61,12.47,12.51,4221300.0,0.0,1.0,10.847678429744,10.899539840563,10.778529881984,10.813104155864,4221300.0
2011-02-07,12.43,12.57,12.37,12.55,2638400.0,0.0,1.0,10.743955608105,10.864965566684,10.692094197285,10.847678429744,2638400.0
2011-02-04,12.55,12.57,12.29,12.42,3997700.0,0.0,1.0,10.847678429744,10.864965566684,10.622945649526,10.735312039635,3997700.0
2011-02-03,12.5,12.57,12.3,12.56,5999000.0,0.0,1.0,10.804460587394,10.864965566684,10.631589217996,10.856321998214,5999000.0
2011-02-02,12.56,12.71,12.44,12.56,3680300.0,0.0,1.0,10.856321998214,10.985975525262,10.752599176575,10.856321998214,3680300.0
2011-02-01,12.49,12.78,12.39,12.66,7967900.0,0.0,1.0,10.795817018924,11.046480504552,10.709381334225,10.942757682913,7967900.0
2011-01-31,12.44,12.52,12.185,12.4,7283800.0,0.0,1.0,10.752599176575,10.821747724334,10.532188180592,10.718024902695,7283800.0
2011-01-28,12.65,12.76,12.33,12.37,6497200.0,0.0,1.0,10.934114114443,11.029193367612,10.657519923406,10.692094197285,6497200.0
2011-01-27,12.6,12.86,12.56,12.65,6544200.0,0.0,1.0,10.890896272093,11.115629052311,10.856321998214,10.934114114443,6544200.0
2011-01-26,12.76,12.86,12.595,12.63,6345800.0,0.0,1.0,11.029193367612,11.115629052311,10.886574487858,10.916826977503,6345800.0
2011-01-25,12.9,12.98,12.795,12.83,4946200.0,0.0,1.0,11.150203326191,11.21935187395,11.059445857257,11.089698346901,4946200.0
2011-01-24,12.92,12.98,12.83,12.94,8125000.0,0.0,1.0,11.167490463131,11.21935187395,11.089698346901,11.18477760007,8125000.0
2011-01-21,13.1,13.1,12.82,12.86,4633500.0,0.0,1.0,11.323074695589,11.323074695589,11.081054778431,11.115629052311,4633500.0
2011-01-20,12.75,13.05,12.71,12.92,6327200.0,0.0,1.0,11.020549799142,11.279856853239,10.985975525262,11.167490463131,6327200.0
2011-01-19,12.91,13.0,12.58,12.75,4876200.0,0.0,1.0,11.158846894661,11.23663901089,10.873609135153,11.020549799142,4876200.0
2011-01-18,12.95,13.1,12.9,12.95,3881200.0,0.0,1.0,11.19342116854,11.323074695589,11.150203326191,11.19342116854,3881200.0
2011-01-14,12.9,13.09,12.87,12.99,3217600.0,0.0,1.0,11.150203326191,11.314431127119,11.124272620781,11.22799544242,3217600.0
2011-01-13,12.94,13.08,12.84,12.93,2484800.0,0.0,1.0,11.18477760007,11.305787558649,11.098341915371,11.1761340316,2484800.0
2011-01-12,13.22,13.27,12.855,12.94,8323300.0,0.0,1.0,11.426797517228,11.470015359578,11.111307268076,11.18477760007,8323300.0
2011-01-11,13.03,13.26,12.93,13.14,8020900.0,0.0,1.0,11.2625697163,11.461371791108,11.1761340316,11.357648969469,8020900.0
2011-01-10,12.9,13.0,12.81,12.97,4636800.0,0.0,1.0,11.150203326191,11.23663901089,11.072411209962,11.21070830548,4636800.0
2011-01-07,12.99,13.17,12.805,12.99,10993300.0,0.0,1.0,11.22799544242,11.383579674878,11.068089425727,11.22799544242,10993300.0
2011-01-06,12.74,13.0,12.63,12.99,13255400.0,0.0,1.0,11.011906230672,11.23663901089,10.916826977503,11.22799544242,13255400.0
2011-01-05,12.51,12.85,12.46,12.77,9064600.0,0.0,1.0,10.813104155864,11.106985483841,10.769886313514,11.037836936082,9064600.0
2011-01-04,12.52,12.6,12.39,12.6,5636100.0,0.0,1.0,10.821747724334,10.890896272093,10.709381334225,10.890896272093,5636100.0
2011-01-03,12.34,12.68,12.23,12.54,10313500.0,0.0,1.0,10.666163491875,10.960044819853,10.571084238706,10.839034861274,10313500.0
