date,open,high,low,close,volume,openinterest
2018-01-02,7.936507936507937e-05,7.936507936507937e-05,7.936507936507937e-05,7.936507936507937e-05,1688765.0,0
2018-01-03,7.9371378180902e-05,7.9371378180902e-05,7.9371378180902e-05,7.9371378180902e-05,1267933.0,0
2018-01-04,7.937767749663065e-05,7.937767749663065e-05,7.937767749663065e-05,7.937767749663065e-05,922207.0,0
2018-01-05,7.938397731230497e-05,7.938397731230497e-05,7.938397731230497e-05,7.938397731230497e-05,1271316.0,0
2018-01-08,7.939027762796468e-05,7.939027762796468e-05,7.939027762796468e-05,7.939027762796468e-05,1056967.0,0
2018-01-09,7.939657844364946e-05,7.939657844364946e-05,7.939657844364946e-05,7.939657844364946e-05,1079460.0,0
2018-01-10,7.940287975939895e-05,7.940287975939895e-05,7.940287975939895e-05,7.940287975939895e-05,1449656.0,0
2018-01-11,7.940918157525288e-05,7.940918157525288e-05,7.940918157525288e-05,7.940918157525288e-05,984750.0,0
2018-01-12,7.941548389125092e-05,7.941548389125092e-05,7.941548389125092e-05,7.941548389125092e-05,1035749.0,0
2018-01-15,7.942178670743276e-05,7.942178670743276e-05,7.942178670743276e-05,7.942178670743276e-05,1573647.0,0
2018-01-16,7.942809002383811e-05,7.942809002383811e-05,7.942809002383811e-05,7.942809002383811e-05,1231839.0,0
2018-01-17,7.943439384050669e-05,7.943439384050669e-05,7.943439384050669e-05,7.943439384050669e-05,1589397.0,0
2018-01-18,7.944069815747814e-05,7.944069815747814e-05,7.944069815747814e-05,7.944069815747814e-05,1250863.0,0
2018-01-19,7.944700297479225e-05,7.944700297479225e-05,7.944700297479225e-05,7.944700297479225e-05,2185064.0,0
2018-01-22,7.945330829248866e-05,7.945330829248866e-05,7.945330829248866e-05,7.945330829248866e-05,1398733.0,0
2018-01-23,7.94596141106071e-05,7.94596141106071e-05,7.94596141106071e-05,7.94596141106071e-05,1584662.0,0
2018-01-24,7.946592042918732e-05,7.946592042918732e-05,7.946592042918732e-05,7.946592042918732e-05,1613457.0,0
2018-01-25,7.947222724826902e-05,7.947222724826902e-05,7.947222724826902e-05,7.947222724826902e-05,1548719.0,0
2018-01-26,7.947853456789189e-05,7.947853456789189e-05,7.947853456789189e-05,7.947853456789189e-05,984131.0,0
2018-01-29,7.94848423880957e-05,7.94848423880957e-05,7.94848423880957e-05,7.94848423880957e-05,2140531.0,0
2018-01-30,7.949115070892016e-05,7.949115070892016e-05,7.949115070892016e-05,7.949115070892016e-05,1616871.0,0
2018-01-31,7.9497459530405e-05,7.9497459530405e-05,7.9497459530405e-05,7.9497459530405e-05,1667368.0,0
2018-02-01,7.950376885258994e-05,7.950376885258994e-05,7.950376885258994e-05,7.950376885258994e-05,4390735.0,0
2018-02-02,7.951007867551475e-05,7.951007867551475e-05,7.951007867551475e-05,7.951007867551475e-05,2127961.0,0
2018-02-05,7.951638899921918e-05,7.951638899921918e-05,7.951638899921918e-05,7.951638899921918e-05,2308395.0,0
2018-02-06,7.952269982374293e-05,7.952269982374293e-05,7.952269982374293e-05,7.952269982374293e-05,3131731.0,0
2018-02-07,7.952901114912576e-05,7.952901114912576e-05,7.952901114912576e-05,7.952901114912576e-05,3395178.0,0
2018-02-08,7.953532297540744e-05,7.953532297540744e-05,7.953532297540744e-05,7.953532297540744e-05,3123485.0,0
2018-02-09,7.954163530262771e-05,7.954163530262771e-05,7.954163530262771e-05,7.954163530262771e-05,4168371.0,0
2018-02-12,7.954794813082635e-05,7.954794813082635e-05,7.954794813082635e-05,7.954794813082635e-05,1935588.0,0
2018-02-13,7.955426146004307e-05,7.955426146004307e-05,7.955426146004307e-05,7.955426146004307e-05,1624624.0,0
2018-02-14,7.956057529031768e-05,7.956057529031768e-05,7.956057529031768e-05,7.956057529031768e-05,930356.0,0
2018-02-22,7.956688962168993e-05,7.956688962168993e-05,7.956688962168993e-05,7.956688962168993e-05,1890640.0,0
2018-02-23,7.95732044541996e-05,7.95732044541996e-05,7.95732044541996e-05,7.95732044541996e-05,1576572.0,0
2018-02-26,7.957951978788644e-05,7.957951978788644e-05,7.957951978788644e-05,7.957951978788644e-05,2027722.0,0
2018-02-27,7.958583562279025e-05,7.958583562279025e-05,7.958583562279025e-05,7.958583562279025e-05,2118232.0,0
2018-02-28,7.959215195895079e-05,7.959215195895079e-05,7.959215195895079e-05,7.959215195895079e-05,2392245.0,0
2018-03-01,7.959846879640785e-05,7.959846879640785e-05,7.959846879640785e-05,7.959846879640785e-05,1186369.0,0
2018-03-02,7.960478613520121e-05,7.960478613520121e-05,7.960478613520121e-05,7.960478613520121e-05,906146.0,0
2018-03-05,7.961110397537069e-05,7.961110397537069e-05,7.961110397537069e-05,7.961110397537069e-05,960124.0,0
2018-03-06,7.961742231695603e-05,7.961742231695603e-05,7.961742231695603e-05,7.961742231695603e-05,1335938.0,0
2018-03-07,7.962374115999707e-05,7.962374115999707e-05,7.962374115999707e-05,7.962374115999707e-05,1397285.0,0
2018-03-08,7.963006050453357e-05,7.963006050453357e-05,7.963006050453357e-05,7.963006050453357e-05,932075.0,0
2018-03-09,7.963638035060536e-05,7.963638035060536e-05,7.963638035060536e-05,7.963638035060536e-05,1116871.0,0
2018-03-12,7.964270069825224e-05,7.964270069825224e-05,7.964270069825224e-05,7.964270069825224e-05,2949891.0,0
2018-03-13,7.964902154751401e-05,7.964902154751401e-05,7.964902154751401e-05,7.964902154751401e-05,1435127.0,0
2018-03-14,7.965534289843048e-05,7.965534289843048e-05,7.965534289843048e-05,7.965534289843048e-05,1209033.0,0
2018-03-15,7.966166475104148e-05,7.966166475104148e-05,7.966166475104148e-05,7.966166475104148e-05,1000794.0,0
2018-03-16,7.96679871053868e-05,7.96679871053868e-05,7.96679871053868e-05,7.96679871053868e-05,883232.0,0
2018-03-19,7.967430996150629e-05,7.967430996150629e-05,7.967430996150629e-05,7.967430996150629e-05,809020.0,0
2018-03-20,7.968063331943975e-05,7.968063331943975e-05,7.968063331943975e-05,7.968063331943975e-05,754936.0,0
2018-03-21,7.9686957179227e-05,7.9686957179227e-05,7.9686957179227e-05,7.9686957179227e-05,1291002.0,0
2018-03-22,7.96932815409079e-05,7.96932815409079e-05,7.96932815409079e-05,7.96932815409079e-05,984440.0,0
2018-03-23,7.969960640452224e-05,7.969960640452224e-05,7.969960640452224e-05,7.969960640452224e-05,2789760.0,0
2018-03-26,7.970593177010993e-05,7.970593177010993e-05,7.970593177010993e-05,7.970593177010993e-05,2339575.0,0
2018-03-27,7.971225763771072e-05,7.971225763771072e-05,7.971225763771072e-05,7.971225763771072e-05,1437933.0,0
2018-03-28,7.97185840073645e-05,7.97185840073645e-05,7.97185840073645e-05,7.97185840073645e-05,1350991.0,0
2018-03-29,7.972491087911112e-05,7.972491087911112e-05,7.972491087911112e-05,7.972491087911112e-05,1934539.0,0
2018-03-30,7.973123825299043e-05,7.973123825299043e-05,7.973123825299043e-05,7.973123825299043e-05,923031.0,0
2018-04-02,7.973756612904226e-05,7.973756612904226e-05,7.973756612904226e-05,7.973756612904226e-05,1775059.0,0
2018-04-03,7.974389450730647e-05,7.974389450730647e-05,7.974389450730647e-05,7.974389450730647e-05,1409852.0,0
2018-04-04,7.975022338782293e-05,7.975022338782293e-05,7.975022338782293e-05,7.975022338782293e-05,1028784.0,0
2018-04-09,7.975655277063149e-05,7.975655277063149e-05,7.975655277063149e-05,7.975655277063149e-05,1191991.0,0
2018-04-10,7.976288265577203e-05,7.976288265577203e-05,7.976288265577203e-05,7.976288265577203e-05,1590734.0,0
2018-04-11,7.976921304328438e-05,7.976921304328438e-05,7.976921304328438e-05,7.976921304328438e-05,1364955.0,0
2018-04-12,7.977554393320847e-05,7.977554393320847e-05,7.977554393320847e-05,7.977554393320847e-05,967303.0,0
2018-04-13,7.978187532558411e-05,7.978187532558411e-05,7.978187532558411e-05,7.978187532558411e-05,1212467.0,0
2018-04-16,7.978820722045122e-05,7.978820722045122e-05,7.978820722045122e-05,7.978820722045122e-05,1141596.0,0
2018-04-17,7.979453961784967e-05,7.979453961784967e-05,7.979453961784967e-05,7.979453961784967e-05,1382998.0,0
2018-04-18,7.980087251781935e-05,7.980087251781935e-05,7.980087251781935e-05,7.980087251781935e-05,2125676.0,0
2018-04-19,7.980720592040015e-05,7.980720592040015e-05,7.980720592040015e-05,7.980720592040015e-05,1714951.0,0
2018-04-20,7.981353982563193e-05,7.981353982563193e-05,7.981353982563193e-05,7.981353982563193e-05,1631785.0,0
2018-04-23,7.98198742335546e-05,7.98198742335546e-05,7.98198742335546e-05,7.98198742335546e-05,1064099.0,0
2018-04-24,7.982620914420806e-05,7.982620914420806e-05,7.982620914420806e-05,7.982620914420806e-05,1794867.0,0
2018-04-25,7.98325445576322e-05,7.98325445576322e-05,7.98325445576322e-05,7.98325445576322e-05,1072139.0,0
2018-04-26,7.983888047386693e-05,7.983888047386693e-05,7.983888047386693e-05,7.983888047386693e-05,1279568.0,0
2018-04-27,7.984521689295216e-05,7.984521689295216e-05,7.984521689295216e-05,7.984521689295216e-05,1178761.0,0
2018-05-02,7.98515538149278e-05,7.98515538149278e-05,7.98515538149278e-05,7.98515538149278e-05,1130980.0,0
2018-05-03,7.985789123983376e-05,7.985789123983376e-05,7.985789123983376e-05,7.985789123983376e-05,1500874.0,0
2018-05-04,7.986422916770992e-05,7.986422916770992e-05,7.986422916770992e-05,7.986422916770992e-05,1112293.0,0
2018-05-07,7.987056759859628e-05,7.987056759859628e-05,7.987056759859628e-05,7.987056759859628e-05,1519752.0,0
2018-05-08,7.987690653253267e-05,7.987690653253267e-05,7.987690653253267e-05,7.987690653253267e-05,1882643.0,0
2018-05-09,7.988324596955906e-05,7.988324596955906e-05,7.988324596955906e-05,7.988324596955906e-05,872673.0,0
2018-05-10,7.988958590971538e-05,7.988958590971538e-05,7.988958590971538e-05,7.988958590971538e-05,994891.0,0
2018-05-11,7.989592635304155e-05,7.989592635304155e-05,7.989592635304155e-05,7.989592635304155e-05,850967.0,0
2018-05-14,7.99022672995775e-05,7.99022672995775e-05,7.99022672995775e-05,7.99022672995775e-05,1809287.0,0
2018-05-15,7.99086087493632e-05,7.99086087493632e-05,7.99086087493632e-05,7.99086087493632e-05,1444888.0,0
2018-05-16,7.991495070243853e-05,7.991495070243853e-05,7.991495070243853e-05,7.991495070243853e-05,878034.0,0
2018-05-17,7.99212931588435e-05,7.99212931588435e-05,7.99212931588435e-05,7.99212931588435e-05,835910.0,0
2018-05-18,7.992763611861802e-05,7.992763611861802e-05,7.992763611861802e-05,7.992763611861802e-05,1916792.0,0
2018-05-21,7.993397958180202e-05,7.993397958180202e-05,7.993397958180202e-05,7.993397958180202e-05,1582573.0,0
2018-05-22,7.99403235484355e-05,7.99403235484355e-05,7.99403235484355e-05,7.99403235484355e-05,846887.0,0
2018-05-23,7.994666801855841e-05,7.994666801855841e-05,7.994666801855841e-05,7.994666801855841e-05,1100044.0,0
2018-05-24,7.995301299221067e-05,7.995301299221067e-05,7.995301299221067e-05,7.995301299221067e-05,1216399.0,0
2018-05-25,7.995935846943228e-05,7.995935846943228e-05,7.995935846943228e-05,7.995935846943228e-05,1031684.0,0
2018-05-28,7.996570445026319e-05,7.996570445026319e-05,7.996570445026319e-05,7.996570445026319e-05,916134.0,0
2018-05-29,7.997205093474337e-05,7.997205093474337e-05,7.997205093474337e-05,7.997205093474337e-05,1263855.0,0
2018-05-30,7.99783979229128e-05,7.99783979229128e-05,7.99783979229128e-05,7.99783979229128e-05,1440322.0,0
2018-05-31,7.998474541481146e-05,7.998474541481146e-05,7.998474541481146e-05,7.998474541481146e-05,1701936.0,0
2018-06-01,7.999109341047929e-05,7.999109341047929e-05,7.999109341047929e-05,7.999109341047929e-05,1210254.0,0
2018-06-04,7.999744190995633e-05,7.999744190995633e-05,7.999744190995633e-05,7.999744190995633e-05,1260796.0,0
2018-06-05,8.000379091328251e-05,8.000379091328251e-05,8.000379091328251e-05,8.000379091328251e-05,1048859.0,0
2018-06-06,8.001014042049786e-05,8.001014042049786e-05,8.001014042049786e-05,8.001014042049786e-05,835028.0,0
2018-06-07,8.001649043164236e-05,8.001649043164236e-05,8.001649043164236e-05,8.001649043164236e-05,1098143.0,0
2018-06-08,8.002284094675597e-05,8.002284094675597e-05,8.002284094675597e-05,8.002284094675597e-05,1353332.0,0
2018-06-11,8.002919196587873e-05,8.002919196587873e-05,8.002919196587873e-05,8.002919196587873e-05,768349.0,0
2018-06-12,8.003554348905064e-05,8.003554348905064e-05,8.003554348905064e-05,8.003554348905064e-05,1221683.0,0
2018-06-13,8.004189551631167e-05,8.004189551631167e-05,8.004189551631167e-05,8.004189551631167e-05,1148816.0,0
2018-06-14,8.004824804770186e-05,8.004824804770186e-05,8.004824804770186e-05,8.004824804770186e-05,1372525.0,0
2018-06-15,8.005460108326121e-05,8.005460108326121e-05,8.005460108326121e-05,8.005460108326121e-05,1303403.0,0
2018-06-19,8.006095462302973e-05,8.006095462302973e-05,8.006095462302973e-05,8.006095462302973e-05,3515761.0,0
2018-06-20,8.006730866704742e-05,8.006730866704742e-05,8.006730866704742e-05,8.006730866704742e-05,2490302.0,0
2018-06-21,8.007366321535434e-05,8.007366321535434e-05,8.007366321535434e-05,8.007366321535434e-05,3337199.0,0
2018-06-22,8.008001826799048e-05,8.008001826799048e-05,8.008001826799048e-05,8.008001826799048e-05,1542609.0,0
2018-06-25,8.008637382499588e-05,8.008637382499588e-05,8.008637382499588e-05,8.008637382499588e-05,1154244.0,0
2018-06-26,8.009272988641057e-05,8.009272988641057e-05,8.009272988641057e-05,8.009272988641057e-05,2023401.0,0
2018-06-27,8.009908645227456e-05,8.009908645227456e-05,8.009908645227456e-05,8.009908645227456e-05,2008945.0,0
2018-06-28,8.010544352262793e-05,8.010544352262793e-05,8.010544352262793e-05,8.010544352262793e-05,1625310.0,0
2018-06-29,8.011180109751068e-05,8.011180109751068e-05,8.011180109751068e-05,8.011180109751068e-05,1706049.0,0
2018-07-02,8.011815917696288e-05,8.011815917696288e-05,8.011815917696288e-05,8.011815917696288e-05,2121981.0,0
2018-07-03,8.012451776102453e-05,8.012451776102453e-05,8.012451776102453e-05,8.012451776102453e-05,3615524.0,0
2018-07-04,8.013087684973573e-05,8.013087684973573e-05,8.013087684973573e-05,8.013087684973573e-05,1268908.0,0
2018-07-05,8.01372364431365e-05,8.01372364431365e-05,8.01372364431365e-05,8.01372364431365e-05,1726212.0,0
2018-07-06,8.014359654126691e-05,8.014359654126691e-05,8.014359654126691e-05,8.014359654126691e-05,2354378.0,0
2018-07-09,8.014995714416702e-05,8.014995714416702e-05,8.014995714416702e-05,8.014995714416702e-05,2299572.0,0
2018-07-10,8.015631825187687e-05,8.015631825187687e-05,8.015631825187687e-05,8.015631825187687e-05,1457344.0,0
2018-07-11,8.016267986443655e-05,8.016267986443655e-05,8.016267986443655e-05,8.016267986443655e-05,1954317.0,0
2018-07-12,8.016904198188612e-05,8.016904198188612e-05,8.016904198188612e-05,8.016904198188612e-05,2089339.0,0
2018-07-13,8.017540460426563e-05,8.017540460426563e-05,8.017540460426563e-05,8.017540460426563e-05,1327475.0,0
2018-07-16,8.018176773161519e-05,8.018176773161519e-05,8.018176773161519e-05,8.018176773161519e-05,1265179.0,0
2018-07-17,8.018813136397485e-05,8.018813136397485e-05,8.018813136397485e-05,8.018813136397485e-05,1215373.0,0
2018-07-18,8.019449550138467e-05,8.019449550138467e-05,8.019449550138467e-05,8.019449550138467e-05,1276136.0,0
2018-07-19,8.02008601438848e-05,8.02008601438848e-05,8.02008601438848e-05,8.02008601438848e-05,1419531.0,0
2018-07-20,8.020722529151527e-05,8.020722529151527e-05,8.020722529151527e-05,8.020722529151527e-05,1934021.0,0
2018-07-23,8.021359094431619e-05,8.021359094431619e-05,8.021359094431619e-05,8.021359094431619e-05,1737761.0,0
2018-07-24,8.021995710232763e-05,8.021995710232763e-05,8.021995710232763e-05,8.021995710232763e-05,2602805.0,0
2018-07-25,8.022632376558974e-05,8.022632376558974e-05,8.022632376558974e-05,8.022632376558974e-05,2022573.0,0
2018-07-26,8.023269093414257e-05,8.023269093414257e-05,8.023269093414257e-05,8.023269093414257e-05,1554862.0,0
2018-07-27,8.023905860802623e-05,8.023905860802623e-05,8.023905860802623e-05,8.023905860802623e-05,876624.0,0
2018-07-30,8.024542678728085e-05,8.024542678728085e-05,8.024542678728085e-05,8.024542678728085e-05,1599820.0,0
2018-07-31,8.025179547194649e-05,8.025179547194649e-05,8.025179547194649e-05,8.025179547194649e-05,1057737.0,0
2018-08-01,8.025816466206334e-05,8.025816466206334e-05,8.025816466206334e-05,8.025816466206334e-05,2696107.0,0
2018-08-02,8.026453435767142e-05,8.026453435767142e-05,8.026453435767142e-05,8.026453435767142e-05,2706062.0,0
2018-08-03,8.027090455881094e-05,8.027090455881094e-05,8.027090455881094e-05,8.027090455881094e-05,1675735.0,0
2018-08-06,8.027727526552196e-05,8.027727526552196e-05,8.027727526552196e-05,8.027727526552196e-05,2222049.0,0
2018-08-07,8.028364647784461e-05,8.028364647784461e-05,8.028364647784461e-05,8.028364647784461e-05,2250980.0,0
2018-08-08,8.029001819581906e-05,8.029001819581906e-05,8.029001819581906e-05,8.029001819581906e-05,1975636.0,0
2018-08-09,8.029639041948539e-05,8.029639041948539e-05,8.029639041948539e-05,8.029639041948539e-05,2292219.0,0
2018-08-10,8.030276314888377e-05,8.030276314888377e-05,8.030276314888377e-05,8.030276314888377e-05,1376743.0,0
2018-08-13,8.030913638405431e-05,8.030913638405431e-05,8.030913638405431e-05,8.030913638405431e-05,1707540.0,0
2018-08-14,8.031551012503718e-05,8.031551012503718e-05,8.031551012503718e-05,8.031551012503718e-05,971810.0,0
2018-08-15,8.032188437187249e-05,8.032188437187249e-05,8.032188437187249e-05,8.032188437187249e-05,1514897.0,0
2018-08-16,8.032825912460045e-05,8.032825912460045e-05,8.032825912460045e-05,8.032825912460045e-05,2077489.0,0
2018-08-17,8.033463438326113e-05,8.033463438326113e-05,8.033463438326113e-05,8.033463438326113e-05,1801104.0,0
2018-08-20,8.034101014789471e-05,8.034101014789471e-05,8.034101014789471e-05,8.034101014789471e-05,2046795.0,0
2018-08-21,8.034738641854138e-05,8.034738641854138e-05,8.034738641854138e-05,8.034738641854138e-05,2322492.0,0
2018-08-22,8.035376319524127e-05,8.035376319524127e-05,8.035376319524127e-05,8.035376319524127e-05,1165533.0,0
2018-08-23,8.036014047803454e-05,8.036014047803454e-05,8.036014047803454e-05,8.036014047803454e-05,2450655.0,0
2018-08-24,8.036651826696138e-05,8.036651826696138e-05,8.036651826696138e-05,8.036651826696138e-05,2031330.0,0
2018-08-27,8.037289656206193e-05,8.037289656206193e-05,8.037289656206193e-05,8.037289656206193e-05,2241291.0,0
2018-08-28,8.037927536337639e-05,8.037927536337639e-05,8.037927536337639e-05,8.037927536337639e-05,1432062.0,0
2018-08-29,8.038565467094491e-05,8.038565467094491e-05,8.038565467094491e-05,8.038565467094491e-05,1323573.0,0
2018-08-30,8.039203448480768e-05,8.039203448480768e-05,8.039203448480768e-05,8.039203448480768e-05,1629236.0,0
2018-08-31,8.039841480500489e-05,8.039841480500489e-05,8.039841480500489e-05,8.039841480500489e-05,1491240.0,0
2018-09-03,8.040479563157673e-05,8.040479563157673e-05,8.040479563157673e-05,8.040479563157673e-05,1405627.0,0
2018-09-04,8.041117696456336e-05,8.041117696456336e-05,8.041117696456336e-05,8.041117696456336e-05,1749978.0,0
2018-09-05,8.0417558804005e-05,8.0417558804005e-05,8.0417558804005e-05,8.0417558804005e-05,1952639.0,0
2018-09-06,8.042394114994182e-05,8.042394114994182e-05,8.042394114994182e-05,8.042394114994182e-05,2133340.0,0
2018-09-07,8.043032400241405e-05,8.043032400241405e-05,8.043032400241405e-05,8.043032400241405e-05,1850577.0,0
2018-09-10,8.043670736146186e-05,8.043670736146186e-05,8.043670736146186e-05,8.043670736146186e-05,1603305.0,0
2018-09-11,8.044309122712548e-05,8.044309122712548e-05,8.044309122712548e-05,8.044309122712548e-05,2253782.0,0
2018-09-12,8.044947559944508e-05,8.044947559944508e-05,8.044947559944508e-05,8.044947559944508e-05,2061822.0,0
2018-09-13,8.045586047846092e-05,8.045586047846092e-05,8.045586047846092e-05,8.045586047846092e-05,2597714.0,0
2018-09-14,8.046224586421319e-05,8.046224586421319e-05,8.046224586421319e-05,8.046224586421319e-05,1756240.0,0
2018-09-17,8.04686317567421e-05,8.04686317567421e-05,8.04686317567421e-05,8.04686317567421e-05,1156508.0,0
2018-09-18,8.047501815608786e-05,8.047501815608786e-05,8.047501815608786e-05,8.047501815608786e-05,2367468.0,0
2018-09-19,8.048140506229073e-05,8.048140506229073e-05,8.048140506229073e-05,8.048140506229073e-05,4463292.0,0
2018-09-20,8.048779247539092e-05,8.048779247539092e-05,8.048779247539092e-05,8.048779247539092e-05,2440904.0,0
2018-09-21,8.049418039542865e-05,8.049418039542865e-05,8.049418039542865e-05,8.049418039542865e-05,4773660.0,0
2018-09-25,8.050056882244418e-05,8.050056882244418e-05,8.050056882244418e-05,8.050056882244418e-05,2089806.0,0
2018-09-26,8.05069577564777e-05,8.05069577564777e-05,8.05069577564777e-05,8.05069577564777e-05,3015784.0,0
2018-09-27,8.051334719756949e-05,8.051334719756949e-05,8.051334719756949e-05,8.051334719756949e-05,2312028.0,0
2018-09-28,8.051973714575976e-05,8.051973714575976e-05,8.051973714575976e-05,8.051973714575976e-05,3022668.0,0
2018-10-08,8.05261276010888e-05,8.05261276010888e-05,8.05261276010888e-05,8.05261276010888e-05,4299047.0,0
2018-10-09,8.053251856359683e-05,8.053251856359683e-05,8.053251856359683e-05,8.053251856359683e-05,1965700.0,0
2018-10-10,8.053891003332411e-05,8.053891003332411e-05,8.053891003332411e-05,8.053891003332411e-05,2636640.0,0
2018-10-11,8.054530201031088e-05,8.054530201031088e-05,8.054530201031088e-05,8.054530201031088e-05,6675568.0,0
2018-10-12,8.055169449459742e-05,8.055169449459742e-05,8.055169449459742e-05,8.055169449459742e-05,5007325.0,0
2018-10-15,8.055808748622398e-05,8.055808748622398e-05,8.055808748622398e-05,8.055808748622398e-05,2926292.0,0
2018-10-16,8.056448098523082e-05,8.056448098523082e-05,8.056448098523082e-05,8.056448098523082e-05,4938840.0,0
2018-10-17,8.057087499165823e-05,8.057087499165823e-05,8.057087499165823e-05,8.057087499165823e-05,6437365.0,0
2018-10-18,8.057726950554646e-05,8.057726950554646e-05,8.057726950554646e-05,8.057726950554646e-05,5932914.0,0
2018-10-19,8.058366452693578e-05,8.058366452693578e-05,8.058366452693578e-05,8.058366452693578e-05,6731053.0,0
2018-10-22,8.05900600558665e-05,8.05900600558665e-05,8.05900600558665e-05,8.05900600558665e-05,9341863.0,0
2018-10-23,8.059645609237888e-05,8.059645609237888e-05,8.059645609237888e-05,8.059645609237888e-05,8599759.0,0
2018-10-24,8.06028526365132e-05,8.06028526365132e-05,8.06028526365132e-05,8.06028526365132e-05,5306689.0,0
2018-10-25,8.060924968830976e-05,8.060924968830976e-05,8.060924968830976e-05,8.060924968830976e-05,5283845.0,0
2018-10-26,8.061564724780883e-05,8.061564724780883e-05,8.061564724780883e-05,8.061564724780883e-05,4499657.0,0
2018-10-29,8.062204531505072e-05,8.062204531505072e-05,8.062204531505072e-05,8.062204531505072e-05,4083248.0,0
2018-10-30,8.062844389007571e-05,8.062844389007571e-05,8.062844389007571e-05,8.062844389007571e-05,5465880.0,0
2018-10-31,8.063484297292413e-05,8.063484297292413e-05,8.063484297292413e-05,8.063484297292413e-05,3798124.0,0
2018-11-01,8.06412425636363e-05,8.06412425636363e-05,8.06412425636363e-05,8.06412425636363e-05,5178410.0,0
2018-11-02,8.064764266225245e-05,8.064764266225245e-05,8.064764266225245e-05,8.064764266225245e-05,8571833.0,0
2018-11-05,8.065404326881295e-05,8.065404326881295e-05,8.065404326881295e-05,8.065404326881295e-05,4511809.0,0
2018-11-06,8.06604443833581e-05,8.06604443833581e-05,8.06604443833581e-05,8.06604443833581e-05,3370718.0,0
2018-11-07,8.066684600592823e-05,8.066684600592823e-05,8.066684600592823e-05,8.066684600592823e-05,3920487.0,0
2018-11-08,8.06732481365636e-05,8.06732481365636e-05,8.06732481365636e-05,8.06732481365636e-05,3121866.0,0
2018-11-09,8.067965077530461e-05,8.067965077530461e-05,8.067965077530461e-05,8.067965077530461e-05,3006413.0,0
2018-11-12,8.068605392219153e-05,8.068605392219153e-05,8.068605392219153e-05,8.068605392219153e-05,3474718.0,0
2018-11-13,8.069245757726473e-05,8.069245757726473e-05,8.069245757726473e-05,8.069245757726473e-05,4499381.0,0
2018-11-14,8.069886174056452e-05,8.069886174056452e-05,8.069886174056452e-05,8.069886174056452e-05,3412692.0,0
2018-11-15,8.070526641213123e-05,8.070526641213123e-05,8.070526641213123e-05,8.070526641213123e-05,3344245.0,0
2018-11-16,8.071167159200521e-05,8.071167159200521e-05,8.071167159200521e-05,8.071167159200521e-05,4153067.0,0
2018-11-19,8.071807728022681e-05,8.071807728022681e-05,8.071807728022681e-05,8.071807728022681e-05,3650422.0,0
2018-11-20,8.072448347683635e-05,8.072448347683635e-05,8.072448347683635e-05,8.072448347683635e-05,3825191.0,0
2018-11-21,8.07308901818742e-05,8.07308901818742e-05,8.07308901818742e-05,8.07308901818742e-05,2891170.0,0
2018-11-22,8.073729739538071e-05,8.073729739538071e-05,8.073729739538071e-05,8.073729739538071e-05,3222327.0,0
2018-11-23,8.074370511739622e-05,8.074370511739622e-05,8.074370511739622e-05,8.074370511739622e-05,3672487.0,0
2018-11-26,8.075011334796109e-05,8.075011334796109e-05,8.075011334796109e-05,8.075011334796109e-05,4260560.0,0
2018-11-27,8.075652208711568e-05,8.075652208711568e-05,8.075652208711568e-05,8.075652208711568e-05,2798289.0,0
2018-11-28,8.076293133490039e-05,8.076293133490039e-05,8.076293133490039e-05,8.076293133490039e-05,2517277.0,0
2018-11-29,8.076934109135553e-05,8.076934109135553e-05,8.076934109135553e-05,8.076934109135553e-05,2037879.0,0
2018-11-30,8.077575135652151e-05,8.077575135652151e-05,8.077575135652151e-05,8.077575135652151e-05,2691270.0,0
2018-12-03,8.07821621304387e-05,8.07821621304387e-05,8.07821621304387e-05,8.07821621304387e-05,5925490.0,0
2018-12-04,8.078857341314748e-05,8.078857341314748e-05,8.078857341314748e-05,8.078857341314748e-05,2204018.0,0
2018-12-05,8.079498520468822e-05,8.079498520468822e-05,8.079498520468822e-05,8.079498520468822e-05,2694282.0,0
2018-12-06,8.080139750510128e-05,8.080139750510128e-05,8.080139750510128e-05,8.080139750510128e-05,4354709.0,0
2018-12-07,8.08078103144271e-05,8.08078103144271e-05,8.08078103144271e-05,8.08078103144271e-05,1924266.0,0
2018-12-10,8.081422363270601e-05,8.081422363270601e-05,8.081422363270601e-05,8.081422363270601e-05,2601286.0,0
2018-12-11,8.082063745997845e-05,8.082063745997845e-05,8.082063745997845e-05,8.082063745997845e-05,1518318.0,0
2018-12-12,8.082705179628481e-05,8.082705179628481e-05,8.082705179628481e-05,8.082705179628481e-05,2090476.0,0
2018-12-13,8.083346664166546e-05,8.083346664166546e-05,8.083346664166546e-05,8.083346664166546e-05,4177232.0,0
2018-12-14,8.083988199616084e-05,8.083988199616084e-05,8.083988199616084e-05,8.083988199616084e-05,3001484.0,0
2018-12-17,8.084629785981134e-05,8.084629785981134e-05,8.084629785981134e-05,8.084629785981134e-05,3507314.0,0
2018-12-18,8.085271423265736e-05,8.085271423265736e-05,8.085271423265736e-05,8.085271423265736e-05,3278632.0,0
2018-12-19,8.085913111473931e-05,8.085913111473931e-05,8.085913111473931e-05,8.085913111473931e-05,2910277.0,0
2018-12-20,8.086554850609763e-05,8.086554850609763e-05,8.086554850609763e-05,8.086554850609763e-05,3465180.0,0
2018-12-21,8.087196640677271e-05,8.087196640677271e-05,8.087196640677271e-05,8.087196640677271e-05,3864981.0,0
2018-12-24,8.087838481680502e-05,8.087838481680502e-05,8.087838481680502e-05,8.087838481680502e-05,2414407.0,0
2018-12-25,8.088480373623491e-05,8.088480373623491e-05,8.088480373623491e-05,8.088480373623491e-05,4031315.0,0
2018-12-26,8.089122316510287e-05,8.089122316510287e-05,8.089122316510287e-05,8.089122316510287e-05,2164598.0,0
2018-12-27,8.089764310344931e-05,8.089764310344931e-05,8.089764310344931e-05,8.089764310344931e-05,2353475.0,0
2018-12-28,8.090406355131467e-05,8.090406355131467e-05,8.090406355131467e-05,8.090406355131467e-05,3892666.0,0
2019-01-02,8.091048450873939e-05,8.091048450873939e-05,8.091048450873939e-05,8.091048450873939e-05,3509348.0,0
2019-01-03,8.091690597576389e-05,8.091690597576389e-05,8.091690597576389e-05,8.091690597576389e-05,2681762.0,0
2019-01-04,8.092332795242865e-05,8.092332795242865e-05,8.092332795242865e-05,8.092332795242865e-05,4798477.0,0
2019-01-07,8.092975043877408e-05,8.092975043877408e-05,8.092975043877408e-05,8.092975043877408e-05,4168316.0,0
2019-01-08,8.093617343484064e-05,8.093617343484064e-05,8.093617343484064e-05,8.093617343484064e-05,1970848.0,0
2019-01-09,8.094259694066882e-05,8.094259694066882e-05,8.094259694066882e-05,8.094259694066882e-05,4396881.0,0
2019-01-10,8.094902095629902e-05,8.094902095629902e-05,8.094902095629902e-05,8.094902095629902e-05,2476923.0,0
2019-01-11,8.095544548177175e-05,8.095544548177175e-05,8.095544548177175e-05,8.095544548177175e-05,2513682.0,0
2019-01-14,8.096187051712746e-05,8.096187051712746e-05,8.096187051712746e-05,8.096187051712746e-05,2039120.0,0
2019-01-15,8.09682960624066e-05,8.09682960624066e-05,8.09682960624066e-05,8.09682960624066e-05,3518301.0,0
2019-01-16,8.097472211764965e-05,8.097472211764965e-05,8.097472211764965e-05,8.097472211764965e-05,1877281.0,0
2019-01-17,8.098114868289708e-05,8.098114868289708e-05,8.098114868289708e-05,8.098114868289708e-05,2381766.0,0
2019-01-18,8.098757575818938e-05,8.098757575818938e-05,8.098757575818938e-05,8.098757575818938e-05,3889859.0,0
2019-01-21,8.0994003343567e-05,8.0994003343567e-05,8.0994003343567e-05,8.0994003343567e-05,2851848.0,0
2019-01-22,8.100043143907048e-05,8.100043143907048e-05,8.100043143907048e-05,8.100043143907048e-05,2543107.0,0
2019-01-23,8.100686004474025e-05,8.100686004474025e-05,8.100686004474025e-05,8.100686004474025e-05,2255126.0,0
2019-01-24,8.101328916061682e-05,8.101328916061682e-05,8.101328916061682e-05,8.101328916061682e-05,2543769.0,0
2019-01-25,8.101971878674068e-05,8.101971878674068e-05,8.101971878674068e-05,8.101971878674068e-05,2722859.0,0
2019-01-28,8.102614892315233e-05,8.102614892315233e-05,8.102614892315233e-05,8.102614892315233e-05,2966955.0,0
2019-01-29,8.103257956989227e-05,8.103257956989227e-05,8.103257956989227e-05,8.103257956989227e-05,3587900.0,0
2019-01-30,8.1039010727001e-05,8.1039010727001e-05,8.1039010727001e-05,8.1039010727001e-05,2129268.0,0
2019-01-31,8.104544239451902e-05,8.104544239451902e-05,8.104544239451902e-05,8.104544239451902e-05,3342948.0,0
2019-02-01,8.105187457248684e-05,8.105187457248684e-05,8.105187457248684e-05,8.105187457248684e-05,3512648.0,0
2019-02-11,8.105830726094497e-05,8.105830726094497e-05,8.105830726094497e-05,8.105830726094497e-05,3872537.0,0
2019-02-12,8.106474045993394e-05,8.106474045993394e-05,8.106474045993394e-05,8.106474045993394e-05,3728810.0,0
2019-02-13,8.107117416949427e-05,8.107117416949427e-05,8.107117416949427e-05,8.107117416949427e-05,4278016.0,0
2019-02-14,8.107760838966644e-05,8.107760838966644e-05,8.107760838966644e-05,8.107760838966644e-05,3797560.0,0
2019-02-15,8.108404312049102e-05,8.108404312049102e-05,8.108404312049102e-05,8.108404312049102e-05,4479468.0,0
2019-02-18,8.109047836200852e-05,8.109047836200852e-05,8.109047836200852e-05,8.109047836200852e-05,4711063.0,0
2019-02-19,8.109691411425948e-05,8.109691411425948e-05,8.109691411425948e-05,8.109691411425948e-05,6782305.0,0
2019-02-20,8.110335037728442e-05,8.110335037728442e-05,8.110335037728442e-05,8.110335037728442e-05,6116144.0,0
2019-02-21,8.11097871511239e-05,8.11097871511239e-05,8.11097871511239e-05,8.11097871511239e-05,6352929.0,0
2019-02-22,8.111622443581843e-05,8.111622443581843e-05,8.111622443581843e-05,8.111622443581843e-05,5921217.0,0
2019-02-25,8.112266223140857e-05,8.112266223140857e-05,8.112266223140857e-05,8.112266223140857e-05,11513198.0,0
2019-02-26,8.112910053793489e-05,8.112910053793489e-05,8.112910053793489e-05,8.112910053793489e-05,7820035.0,0
2019-02-27,8.11355393554379e-05,8.11355393554379e-05,8.11355393554379e-05,8.11355393554379e-05,5994358.0,0
2019-02-28,8.114197868395819e-05,8.114197868395819e-05,8.114197868395819e-05,8.114197868395819e-05,4628979.0,0
2019-03-01,8.114841852353628e-05,8.114841852353628e-05,8.114841852353628e-05,8.114841852353628e-05,6527375.0,0
2019-03-04,8.115485887421273e-05,8.115485887421273e-05,8.115485887421273e-05,8.115485887421273e-05,6603305.0,0
2019-03-05,8.116129973602817e-05,8.116129973602817e-05,8.116129973602817e-05,8.116129973602817e-05,4431034.0,0
2019-03-06,8.116774110902309e-05,8.116774110902309e-05,8.116774110902309e-05,8.116774110902309e-05,5804959.0,0
2019-03-07,8.11741829932381e-05,8.11741829932381e-05,8.11741829932381e-05,8.11741829932381e-05,6184209.0,0
2019-03-08,8.118062538871375e-05,8.118062538871375e-05,8.118062538871375e-05,8.118062538871375e-05,5360776.0,0
2019-03-11,8.118706829549065e-05,8.118706829549065e-05,8.118706829549065e-05,8.118706829549065e-05,4523059.0,0
2019-03-12,8.119351171360933e-05,8.119351171360933e-05,8.119351171360933e-05,8.119351171360933e-05,5307450.0,0
2019-03-13,8.119995564311041e-05,8.119995564311041e-05,8.119995564311041e-05,8.119995564311041e-05,4832336.0,0
2019-03-14,8.120640008403447e-05,8.120640008403447e-05,8.120640008403447e-05,8.120640008403447e-05,3621079.0,0
2019-03-15,8.12128450364221e-05,8.12128450364221e-05,8.12128450364221e-05,8.12128450364221e-05,3870055.0,0
2019-03-18,8.121929050031389e-05,8.121929050031389e-05,8.121929050031389e-05,8.121929050031389e-05,5714156.0,0
2019-03-19,8.122573647575043e-05,8.122573647575043e-05,8.122573647575043e-05,8.122573647575043e-05,3970864.0,0
2019-03-20,8.123218296277232e-05,8.123218296277232e-05,8.123218296277232e-05,8.123218296277232e-05,3278933.0,0
2019-03-21,8.123862996142016e-05,8.123862996142016e-05,8.123862996142016e-05,8.123862996142016e-05,3800127.0,0
2019-03-22,8.124507747173455e-05,8.124507747173455e-05,8.124507747173455e-05,8.124507747173455e-05,3023844.0,0
2019-03-25,8.125152549375612e-05,8.125152549375612e-05,8.125152549375612e-05,8.125152549375612e-05,4359508.0,0
2019-03-26,8.125797402752548e-05,8.125797402752548e-05,8.125797402752548e-05,8.125797402752548e-05,3201400.0,0
2019-03-27,8.126442307308323e-05,8.126442307308323e-05,8.126442307308323e-05,8.126442307308323e-05,3507393.0,0
2019-03-28,8.127087263046997e-05,8.127087263046997e-05,8.127087263046997e-05,8.127087263046997e-05,2568844.0,0
2019-03-29,8.127732269972636e-05,8.127732269972636e-05,8.127732269972636e-05,8.127732269972636e-05,6344016.0,0
2019-04-01,8.1283773280893e-05,8.1283773280893e-05,8.1283773280893e-05,8.1283773280893e-05,6910356.0,0
2019-04-02,8.129022437401056e-05,8.129022437401056e-05,8.129022437401056e-05,8.129022437401056e-05,3839400.0,0
2019-04-03,8.12966759791196e-05,8.12966759791196e-05,8.12966759791196e-05,8.12966759791196e-05,5420179.0,0
2019-04-04,8.13031280962608e-05,8.13031280962608e-05,8.13031280962608e-05,8.13031280962608e-05,5213701.0,0
2019-04-08,8.130958072547479e-05,8.130958072547479e-05,8.130958072547479e-05,8.130958072547479e-05,7639483.0,0
2019-04-09,8.13160338668022e-05,8.13160338668022e-05,8.13160338668022e-05,8.13160338668022e-05,3712237.0,0
2019-04-10,8.132248752028371e-05,8.132248752028371e-05,8.132248752028371e-05,8.132248752028371e-05,3859946.0,0
2019-04-11,8.132894168595993e-05,8.132894168595993e-05,8.132894168595993e-05,8.132894168595993e-05,5021041.0,0
2019-04-12,8.133539636387151e-05,8.133539636387151e-05,8.133539636387151e-05,8.133539636387151e-05,2823988.0,0
2019-04-15,8.134185155405913e-05,8.134185155405913e-05,8.134185155405913e-05,8.134185155405913e-05,7225803.0,0
2019-04-16,8.134830725656343e-05,8.134830725656343e-05,8.134830725656343e-05,8.134830725656343e-05,6690852.0,0
2019-04-17,8.135476347142506e-05,8.135476347142506e-05,8.135476347142506e-05,8.135476347142506e-05,4181515.0,0
2019-04-18,8.136122019868471e-05,8.136122019868471e-05,8.136122019868471e-05,8.136122019868471e-05,3569518.0,0
2019-04-19,8.136767743838301e-05,8.136767743838301e-05,8.136767743838301e-05,8.136767743838301e-05,4578385.0,0
2019-04-22,8.137413519056067e-05,8.137413519056067e-05,8.137413519056067e-05,8.137413519056067e-05,5775086.0,0
2019-04-23,8.138059345525833e-05,8.138059345525833e-05,8.138059345525833e-05,8.138059345525833e-05,3532000.0,0
2019-04-24,8.138705223251669e-05,8.138705223251669e-05,8.138705223251669e-05,8.138705223251669e-05,4631226.0,0
2019-04-25,8.139351152237643e-05,8.139351152237643e-05,8.139351152237643e-05,8.139351152237643e-05,3785555.0,0
2019-04-26,8.13999713248782e-05,8.13999713248782e-05,8.13999713248782e-05,8.13999713248782e-05,6288098.0,0
2019-04-29,8.140643164006271e-05,8.140643164006271e-05,8.140643164006271e-05,8.140643164006271e-05,5593755.0,0
2019-04-30,8.141289246797066e-05,8.141289246797066e-05,8.141289246797066e-05,8.141289246797066e-05,3992608.0,0
2019-05-06,8.141935380864272e-05,8.141935380864272e-05,8.141935380864272e-05,8.141935380864272e-05,12145227.0,0
2019-05-07,8.142581566211961e-05,8.142581566211961e-05,8.142581566211961e-05,8.142581566211961e-05,4835996.0,0
2019-05-08,8.143227802844199e-05,8.143227802844199e-05,8.143227802844199e-05,8.143227802844199e-05,4753727.0,0
2019-05-09,8.14387409076506e-05,8.14387409076506e-05,8.14387409076506e-05,8.14387409076506e-05,5540530.0,0
2019-05-10,8.144520429978614e-05,8.144520429978614e-05,8.144520429978614e-05,8.144520429978614e-05,6719964.0,0
2019-05-13,8.14516682048893e-05,8.14516682048893e-05,8.14516682048893e-05,8.14516682048893e-05,4257770.0,0
2019-05-14,8.14581326230008e-05,8.14581326230008e-05,8.14581326230008e-05,8.14581326230008e-05,2900685.0,0
2019-05-15,8.146459755416138e-05,8.146459755416138e-05,8.146459755416138e-05,8.146459755416138e-05,3575137.0,0
2019-05-16,8.147106299841171e-05,8.147106299841171e-05,8.147106299841171e-05,8.147106299841171e-05,2474374.0,0
2019-05-17,8.147752895579253e-05,8.147752895579253e-05,8.147752895579253e-05,8.147752895579253e-05,3153907.0,0
2019-05-20,8.148399542634458e-05,8.148399542634458e-05,8.148399542634458e-05,8.148399542634458e-05,3882247.0,0
2019-05-21,8.149046241010857e-05,8.149046241010857e-05,8.149046241010857e-05,8.149046241010857e-05,3503829.0,0
2019-05-22,8.149692990712525e-05,8.149692990712525e-05,8.149692990712525e-05,8.149692990712525e-05,2835080.0,0
2019-05-23,8.150339791743535e-05,8.150339791743535e-05,8.150339791743535e-05,8.150339791743535e-05,3106083.0,0
2019-05-24,8.150986644107959e-05,8.150986644107959e-05,8.150986644107959e-05,8.150986644107959e-05,2994092.0,0
2019-05-27,8.151633547809873e-05,8.151633547809873e-05,8.151633547809873e-05,8.151633547809873e-05,4351010.0,0
2019-05-28,8.152280502853351e-05,8.152280502853351e-05,8.152280502853351e-05,8.152280502853351e-05,3850672.0,0
2019-05-29,8.152927509242467e-05,8.152927509242467e-05,8.152927509242467e-05,8.152927509242467e-05,2928526.0,0
2019-05-30,8.153574566981295e-05,8.153574566981295e-05,8.153574566981295e-05,8.153574566981295e-05,3054263.0,0
2019-05-31,8.154221676073913e-05,8.154221676073913e-05,8.154221676073913e-05,8.154221676073913e-05,2760300.0,0
2019-06-03,8.154868836524396e-05,8.154868836524396e-05,8.154868836524396e-05,8.154868836524396e-05,3308130.0,0
2019-06-04,8.155516048336819e-05,8.155516048336819e-05,8.155516048336819e-05,8.155516048336819e-05,3263229.0,0
2019-06-05,8.156163311515258e-05,8.156163311515258e-05,8.156163311515258e-05,8.156163311515258e-05,3285644.0,0
2019-06-06,8.156810626063792e-05,8.156810626063792e-05,8.156810626063792e-05,8.156810626063792e-05,3660674.0,0
2019-06-10,8.157457991986495e-05,8.157457991986495e-05,8.157457991986495e-05,8.157457991986495e-05,3354975.0,0
2019-06-11,8.158105409287447e-05,8.158105409287447e-05,8.158105409287447e-05,8.158105409287447e-05,4667963.0,0
2019-06-12,8.158752877970724e-05,8.158752877970724e-05,8.158752877970724e-05,8.158752877970724e-05,2597249.0,0
2019-06-13,8.159400398040405e-05,8.159400398040405e-05,8.159400398040405e-05,8.159400398040405e-05,3012291.0,0
2019-06-14,8.160047969500567e-05,8.160047969500567e-05,8.160047969500567e-05,8.160047969500567e-05,3445139.0,0
2019-06-17,8.16069559235529e-05,8.16069559235529e-05,8.16069559235529e-05,8.16069559235529e-05,2352061.0,0
2019-06-18,8.161343266608652e-05,8.161343266608652e-05,8.161343266608652e-05,8.161343266608652e-05,2653705.0,0
2019-06-19,8.161990992264733e-05,8.161990992264733e-05,8.161990992264733e-05,8.161990992264733e-05,6289014.0,0
2019-06-20,8.162638769327612e-05,8.162638769327612e-05,8.162638769327612e-05,8.162638769327612e-05,6609284.0,0
2019-06-21,8.163286597801367e-05,8.163286597801367e-05,8.163286597801367e-05,8.163286597801367e-05,4219551.0,0
2019-06-24,8.163934477690082e-05,8.163934477690082e-05,8.163934477690082e-05,8.163934477690082e-05,3074540.0,0
2019-06-25,8.164582408997835e-05,8.164582408997835e-05,8.164582408997835e-05,8.164582408997835e-05,5057034.0,0
2019-06-26,8.165230391728709e-05,8.165230391728709e-05,8.165230391728709e-05,8.165230391728709e-05,2402084.0,0
2019-06-27,8.165878425886782e-05,8.165878425886782e-05,8.165878425886782e-05,8.165878425886782e-05,4730768.0,0
2019-06-28,8.166526511476139e-05,8.166526511476139e-05,8.166526511476139e-05,8.166526511476139e-05,3862690.0,0
2019-07-01,8.167174648500858e-05,8.167174648500858e-05,8.167174648500858e-05,8.167174648500858e-05,5102660.0,0
2019-07-02,8.167822836965027e-05,8.167822836965027e-05,8.167822836965027e-05,8.167822836965027e-05,3338435.0,0
2019-07-03,8.168471076872723e-05,8.168471076872723e-05,8.168471076872723e-05,8.168471076872723e-05,2518385.0,0
2019-07-04,8.16911936822803e-05,8.16911936822803e-05,8.16911936822803e-05,8.16911936822803e-05,3860217.0,0
2019-07-05,8.169767711035033e-05,8.169767711035033e-05,8.169767711035033e-05,8.169767711035033e-05,2362039.0,0
2019-07-08,8.170416105297814e-05,8.170416105297814e-05,8.170416105297814e-05,8.170416105297814e-05,4225313.0,0
2019-07-09,8.171064551020458e-05,8.171064551020458e-05,8.171064551020458e-05,8.171064551020458e-05,2183460.0,0
2019-07-10,8.171713048207046e-05,8.171713048207046e-05,8.171713048207046e-05,8.171713048207046e-05,1744793.0,0
2019-07-11,8.172361596861667e-05,8.172361596861667e-05,8.172361596861667e-05,8.172361596861667e-05,2345244.0,0
2019-07-12,8.173010196988401e-05,8.173010196988401e-05,8.173010196988401e-05,8.173010196988401e-05,2460107.0,0
2019-07-15,8.173658848591338e-05,8.173658848591338e-05,8.173658848591338e-05,8.173658848591338e-05,4484611.0,0
2019-07-16,8.17430755167456e-05,8.17430755167456e-05,8.17430755167456e-05,8.17430755167456e-05,1828874.0,0
2019-07-17,8.174956306242152e-05,8.174956306242152e-05,8.174956306242152e-05,8.174956306242152e-05,2199668.0,0
2019-07-18,8.175605112298205e-05,8.175605112298205e-05,8.175605112298205e-05,8.175605112298205e-05,2305494.0,0
2019-07-19,8.1762539698468e-05,8.1762539698468e-05,8.1762539698468e-05,8.1762539698468e-05,3199381.0,0
2019-07-22,8.176902878892026e-05,8.176902878892026e-05,8.176902878892026e-05,8.176902878892026e-05,3088632.0,0
2019-07-23,8.177551839437969e-05,8.177551839437969e-05,8.177551839437969e-05,8.177551839437969e-05,1670290.0,0
2019-07-24,8.178200851488721e-05,8.178200851488721e-05,8.178200851488721e-05,8.178200851488721e-05,2974453.0,0
2019-07-25,8.178849915048362e-05,8.178849915048362e-05,8.178849915048362e-05,8.178849915048362e-05,2336295.0,0
2019-07-26,8.179499030120986e-05,8.179499030120986e-05,8.179499030120986e-05,8.179499030120986e-05,2857908.0,0
2019-07-29,8.180148196710678e-05,8.180148196710678e-05,8.180148196710678e-05,8.180148196710678e-05,2471021.0,0
2019-07-30,8.180797414821528e-05,8.180797414821528e-05,8.180797414821528e-05,8.180797414821528e-05,2396548.0,0
2019-07-31,8.181446684457626e-05,8.181446684457626e-05,8.181446684457626e-05,8.181446684457626e-05,2164228.0,0
2019-08-01,8.18209600562306e-05,8.18209600562306e-05,8.18209600562306e-05,8.18209600562306e-05,3124656.0,0
2019-08-02,8.182745378321919e-05,8.182745378321919e-05,8.182745378321919e-05,8.182745378321919e-05,4906139.0,0
2019-08-05,8.183394802558294e-05,8.183394802558294e-05,8.183394802558294e-05,8.183394802558294e-05,3542146.0,0
2019-08-06,8.184044278336275e-05,8.184044278336275e-05,8.184044278336275e-05,8.184044278336275e-05,5837026.0,0
2019-08-07,8.184693805659952e-05,8.184693805659952e-05,8.184693805659952e-05,8.184693805659952e-05,2785811.0,0
2019-08-08,8.185343384533417e-05,8.185343384533417e-05,8.185343384533417e-05,8.185343384533417e-05,2809849.0,0
2019-08-09,8.185993014960762e-05,8.185993014960762e-05,8.185993014960762e-05,8.185993014960762e-05,2109639.0,0
2019-08-12,8.186642696946077e-05,8.186642696946077e-05,8.186642696946077e-05,8.186642696946077e-05,1801155.0,0
2019-08-13,8.187292430493454e-05,8.187292430493454e-05,8.187292430493454e-05,8.187292430493454e-05,1553489.0,0
2019-08-14,8.187942215606985e-05,8.187942215606985e-05,8.187942215606985e-05,8.187942215606985e-05,1937005.0,0
2019-08-15,8.188592052290765e-05,8.188592052290765e-05,8.188592052290765e-05,8.188592052290765e-05,2443061.0,0
2019-08-16,8.189241940548882e-05,8.189241940548882e-05,8.189241940548882e-05,8.189241940548882e-05,2574125.0,0
2019-08-19,8.189891880385434e-05,8.189891880385434e-05,8.189891880385434e-05,8.189891880385434e-05,3279432.0,0
2019-08-20,8.190541871804514e-05,8.190541871804514e-05,8.190541871804514e-05,8.190541871804514e-05,2069120.0,0
2019-08-21,8.191191914810212e-05,8.191191914810212e-05,8.191191914810212e-05,8.191191914810212e-05,2422452.0,0
2019-08-22,8.191842009406626e-05,8.191842009406626e-05,8.191842009406626e-05,8.191842009406626e-05,2647785.0,0
2019-08-23,8.19249215559785e-05,8.19249215559785e-05,8.19249215559785e-05,8.19249215559785e-05,2856820.0,0
2019-08-26,8.193142353387977e-05,8.193142353387977e-05,8.193142353387977e-05,8.193142353387977e-05,2674902.0,0
2019-08-27,8.193792602781103e-05,8.193792602781103e-05,8.193792602781103e-05,8.193792602781103e-05,3661760.0,0
2019-08-28,8.194442903781324e-05,8.194442903781324e-05,8.194442903781324e-05,8.194442903781324e-05,1739579.0,0
2019-08-29,8.195093256392735e-05,8.195093256392735e-05,8.195093256392735e-05,8.195093256392735e-05,2339282.0,0
2019-08-30,8.195743660619433e-05,8.195743660619433e-05,8.195743660619433e-05,8.195743660619433e-05,2762817.0,0
2019-09-02,8.196394116465515e-05,8.196394116465515e-05,8.196394116465515e-05,8.196394116465515e-05,3019441.0,0
2019-09-03,8.197044623935076e-05,8.197044623935076e-05,8.197044623935076e-05,8.197044623935076e-05,2313452.0,0
2019-09-04,8.197695183032215e-05,8.197695183032215e-05,8.197695183032215e-05,8.197695183032215e-05,2937605.0,0
2019-09-05,8.198345793761027e-05,8.198345793761027e-05,8.198345793761027e-05,8.198345793761027e-05,5274016.0,0
2019-09-06,8.198996456125611e-05,8.198996456125611e-05,8.198996456125611e-05,8.198996456125611e-05,2640293.0,0
2019-09-09,8.199647170130067e-05,8.199647170130067e-05,8.199647170130067e-05,8.199647170130067e-05,2828454.0,0
2019-09-10,8.20029793577849e-05,8.20029793577849e-05,8.20029793577849e-05,8.20029793577849e-05,1686928.0,0
2019-09-11,8.20094875307498e-05,8.20094875307498e-05,8.20094875307498e-05,8.20094875307498e-05,3041955.0,0
2019-09-12,8.201599622023637e-05,8.201599622023637e-05,8.201599622023637e-05,8.201599622023637e-05,2172055.0,0
2019-09-16,8.202250542628562e-05,8.202250542628562e-05,8.202250542628562e-05,8.202250542628562e-05,1818498.0,0
2019-09-17,8.20290151489385e-05,8.20290151489385e-05,8.20290151489385e-05,8.20290151489385e-05,3810790.0,0
2019-09-18,8.203552538823602e-05,8.203552538823602e-05,8.203552538823602e-05,8.203552538823602e-05,2010310.0,0
2019-09-19,8.204203614421922e-05,8.204203614421922e-05,8.204203614421922e-05,8.204203614421922e-05,2421778.0,0
2019-09-20,8.204854741692909e-05,8.204854741692909e-05,8.204854741692909e-05,8.204854741692909e-05,2325043.0,0
2019-09-23,8.205505920640662e-05,8.205505920640662e-05,8.205505920640662e-05,8.205505920640662e-05,2898921.0,0
2019-09-24,8.206157151269284e-05,8.206157151269284e-05,8.206157151269284e-05,8.206157151269284e-05,2114820.0,0
2019-09-25,8.206808433582878e-05,8.206808433582878e-05,8.206808433582878e-05,8.206808433582878e-05,2349764.0,0
2019-09-26,8.207459767585545e-05,8.207459767585545e-05,8.207459767585545e-05,8.207459767585545e-05,3170949.0,0
2019-09-27,8.208111153281383e-05,8.208111153281383e-05,8.208111153281383e-05,8.208111153281383e-05,2677340.0,0
2019-09-30,8.208762590674503e-05,8.208762590674503e-05,8.208762590674503e-05,8.208762590674503e-05,2632883.0,0
2019-10-08,8.209414079769e-05,8.209414079769e-05,8.209414079769e-05,8.209414079769e-05,3234238.0,0
2019-10-09,8.210065620568982e-05,8.210065620568982e-05,8.210065620568982e-05,8.210065620568982e-05,2507896.0,0
2019-10-10,8.210717213078551e-05,8.210717213078551e-05,8.210717213078551e-05,8.210717213078551e-05,2363352.0,0
2019-10-11,8.211368857301812e-05,8.211368857301812e-05,8.211368857301812e-05,8.211368857301812e-05,3060200.0,0
2019-10-14,8.212020553242869e-05,8.212020553242869e-05,8.212020553242869e-05,8.212020553242869e-05,3956546.0,0
2019-10-15,8.212672300905826e-05,8.212672300905826e-05,8.212672300905826e-05,8.212672300905826e-05,2950005.0,0
2019-10-16,8.213324100294786e-05,8.213324100294786e-05,8.213324100294786e-05,8.213324100294786e-05,3143663.0,0
2019-10-17,8.213975951413856e-05,8.213975951413856e-05,8.213975951413856e-05,8.213975951413856e-05,1936427.0,0
2019-10-18,8.214627854267144e-05,8.214627854267144e-05,8.214627854267144e-05,8.214627854267144e-05,3081430.0,0
2019-10-21,8.215279808858754e-05,8.215279808858754e-05,8.215279808858754e-05,8.215279808858754e-05,1849392.0,0
2019-10-22,8.21593181519279e-05,8.21593181519279e-05,8.21593181519279e-05,8.21593181519279e-05,1641342.0,0
2019-10-23,8.21658387327336e-05,8.21658387327336e-05,8.21658387327336e-05,8.21658387327336e-05,1478262.0,0
2019-10-24,8.217235983104574e-05,8.217235983104574e-05,8.217235983104574e-05,8.217235983104574e-05,2021671.0,0
2019-10-25,8.217888144690535e-05,8.217888144690535e-05,8.217888144690535e-05,8.217888144690535e-05,2502907.0,0
2019-10-28,8.21854035803535e-05,8.21854035803535e-05,8.21854035803535e-05,8.21854035803535e-05,2674342.0,0
2019-10-29,8.219192623143131e-05,8.219192623143131e-05,8.219192623143131e-05,8.219192623143131e-05,2095535.0,0
2019-10-30,8.219844940017984e-05,8.219844940017984e-05,8.219844940017984e-05,8.219844940017984e-05,2628461.0,0
2019-10-31,8.22049730866402e-05,8.22049730866402e-05,8.22049730866402e-05,8.22049730866402e-05,1927827.0,0
2019-11-01,8.221149729085342e-05,8.221149729085342e-05,8.221149729085342e-05,8.221149729085342e-05,3206513.0,0
2019-11-04,8.221802201286064e-05,8.221802201286064e-05,8.221802201286064e-05,8.221802201286064e-05,2359682.0,0
2019-11-05,8.222454725270293e-05,8.222454725270293e-05,8.222454725270293e-05,8.222454725270293e-05,3529356.0,0
2019-11-06,8.223107301042139e-05,8.223107301042139e-05,8.223107301042139e-05,8.223107301042139e-05,2059389.0,0
2019-11-07,8.223759928605716e-05,8.223759928605716e-05,8.223759928605716e-05,8.223759928605716e-05,2377225.0,0
2019-11-08,8.224412607965128e-05,8.224412607965128e-05,8.224412607965128e-05,8.224412607965128e-05,2972162.0,0
2019-11-11,8.225065339124491e-05,8.225065339124491e-05,8.225065339124491e-05,8.225065339124491e-05,3470689.0,0
2019-11-12,8.225718122087913e-05,8.225718122087913e-05,8.225718122087913e-05,8.225718122087913e-05,3300546.0,0
2019-11-13,8.226370956859508e-05,8.226370956859508e-05,8.226370956859508e-05,8.226370956859508e-05,2020165.0,0
2019-11-14,8.227023843443387e-05,8.227023843443387e-05,8.227023843443387e-05,8.227023843443387e-05,2385877.0,0
2019-11-15,8.227676781843661e-05,8.227676781843661e-05,8.227676781843661e-05,8.227676781843661e-05,1877914.0,0
2019-11-18,8.228329772064443e-05,8.228329772064443e-05,8.228329772064443e-05,8.228329772064443e-05,2408752.0,0
2019-11-19,8.228982814109845e-05,8.228982814109845e-05,8.228982814109845e-05,8.228982814109845e-05,2378889.0,0
2019-11-20,8.229635907983981e-05,8.229635907983981e-05,8.229635907983981e-05,8.229635907983981e-05,2166102.0,0
2019-11-21,8.230289053690964e-05,8.230289053690964e-05,8.230289053690964e-05,8.230289053690964e-05,2448406.0,0
2019-11-22,8.230942251234908e-05,8.230942251234908e-05,8.230942251234908e-05,8.230942251234908e-05,3547071.0,0
2019-11-25,8.231595500619927e-05,8.231595500619927e-05,8.231595500619927e-05,8.231595500619927e-05,2524576.0,0
2019-11-26,8.232248801850136e-05,8.232248801850136e-05,8.232248801850136e-05,8.232248801850136e-05,2858215.0,0
2019-11-27,8.232902154929648e-05,8.232902154929648e-05,8.232902154929648e-05,8.232902154929648e-05,2112391.0,0
2019-11-28,8.23355555986258e-05,8.23355555986258e-05,8.23355555986258e-05,8.23355555986258e-05,1694809.0,0
2019-11-29,8.234209016653044e-05,8.234209016653044e-05,8.234209016653044e-05,8.234209016653044e-05,3029171.0,0
2019-12-02,8.23486252530516e-05,8.23486252530516e-05,8.23486252530516e-05,8.23486252530516e-05,1743557.0,0
2019-12-03,8.235516085823043e-05,8.235516085823043e-05,8.235516085823043e-05,8.235516085823043e-05,1985519.0,0
2019-12-04,8.236169698210806e-05,8.236169698210806e-05,8.236169698210806e-05,8.236169698210806e-05,1589396.0,0
2019-12-05,8.236823362472568e-05,8.236823362472568e-05,8.236823362472568e-05,8.236823362472568e-05,2192064.0,0
2019-12-06,8.237477078612448e-05,8.237477078612448e-05,8.237477078612448e-05,8.237477078612448e-05,2130769.0,0
2019-12-09,8.23813084663456e-05,8.23813084663456e-05,8.23813084663456e-05,8.23813084663456e-05,2322208.0,0
2019-12-10,8.238784666543024e-05,8.238784666543024e-05,8.238784666543024e-05,8.238784666543024e-05,1869954.0,0
2019-12-11,8.239438538341956e-05,8.239438538341956e-05,8.239438538341956e-05,8.239438538341956e-05,1704989.0,0
2019-12-12,8.240092462035477e-05,8.240092462035477e-05,8.240092462035477e-05,8.240092462035477e-05,1371519.0,0
2019-12-13,8.240746437627701e-05,8.240746437627701e-05,8.240746437627701e-05,8.240746437627701e-05,4360829.0,0
2019-12-16,8.241400465122752e-05,8.241400465122752e-05,8.241400465122752e-05,8.241400465122752e-05,3028483.0,0
2019-12-17,8.242054544524747e-05,8.242054544524747e-05,8.242054544524747e-05,8.242054544524747e-05,5256304.0,0
2019-12-18,8.242708675837804e-05,8.242708675837804e-05,8.242708675837804e-05,8.242708675837804e-05,3631176.0,0
2019-12-19,8.243362859066045e-05,8.243362859066045e-05,8.243362859066045e-05,8.243362859066045e-05,2641920.0,0
2019-12-20,8.244017094213591e-05,8.244017094213591e-05,8.244017094213591e-05,8.244017094213591e-05,3287798.0,0
2019-12-23,8.244671381284561e-05,8.244671381284561e-05,8.244671381284561e-05,8.244671381284561e-05,4471447.0,0
2019-12-24,8.245325720283075e-05,8.245325720283075e-05,8.245325720283075e-05,8.245325720283075e-05,3127921.0,0
2019-12-25,8.245980111213257e-05,8.245980111213257e-05,8.245980111213257e-05,8.245980111213257e-05,3105784.0,0
2019-12-26,8.246634554079226e-05,8.246634554079226e-05,8.246634554079226e-05,8.246634554079226e-05,3322559.0,0
2019-12-27,8.247289048885107e-05,8.247289048885107e-05,8.247289048885107e-05,8.247289048885107e-05,4368130.0,0
2019-12-30,8.247943595635018e-05,8.247943595635018e-05,8.247943595635018e-05,8.247943595635018e-05,5423814.0,0
2019-12-31,8.248598194333085e-05,8.248598194333085e-05,8.248598194333085e-05,8.248598194333085e-05,3521859.0,0
2020-01-02,8.249252844983429e-05,8.249252844983429e-05,8.249252844983429e-05,8.249252844983429e-05,6276236.0,0
2020-01-03,8.249907547590174e-05,8.249907547590174e-05,8.249907547590174e-05,8.249907547590174e-05,4696737.0,0
2020-01-06,8.250562302157443e-05,8.250562302157443e-05,8.250562302157443e-05,8.250562302157443e-05,6665047.0,0
2020-01-07,8.25121710868936e-05,8.25121710868936e-05,8.25121710868936e-05,8.25121710868936e-05,4649595.0,0
2020-01-08,8.251871967190052e-05,8.251871967190052e-05,8.251871967190052e-05,8.251871967190052e-05,5628520.0,0
2020-01-09,8.252526877663638e-05,8.252526877663638e-05,8.252526877663638e-05,8.252526877663638e-05,3944317.0,0
2020-01-10,8.253181840114247e-05,8.253181840114247e-05,8.253181840114247e-05,8.253181840114247e-05,3795550.0,0
2020-01-13,8.253836854546001e-05,8.253836854546001e-05,8.253836854546001e-05,8.253836854546001e-05,3736391.0,0
2020-01-14,8.25449192096303e-05,8.25449192096303e-05,8.25449192096303e-05,8.25449192096303e-05,4099628.0,0
2020-01-15,8.255147039369457e-05,8.255147039369457e-05,8.255147039369457e-05,8.255147039369457e-05,3196074.0,0
2020-01-16,8.255802209769407e-05,8.255802209769407e-05,8.255802209769407e-05,8.255802209769407e-05,4162978.0,0
2020-01-17,8.256457432167007e-05,8.256457432167007e-05,8.256457432167007e-05,8.256457432167007e-05,3216273.0,0
2020-01-20,8.257112706566386e-05,8.257112706566386e-05,8.257112706566386e-05,8.257112706566386e-05,3534882.0,0
2020-01-21,8.25776803297167e-05,8.25776803297167e-05,8.25776803297167e-05,8.25776803297167e-05,6182946.0,0
2020-01-22,8.258423411386985e-05,8.258423411386985e-05,8.258423411386985e-05,8.258423411386985e-05,9073932.0,0
2020-01-23,8.259078841816461e-05,8.259078841816461e-05,8.259078841816461e-05,8.259078841816461e-05,7535834.0,0
2020-02-03,8.259734324264224e-05,8.259734324264224e-05,8.259734324264224e-05,8.259734324264224e-05,14710757.0,0
2020-02-04,8.260389858734404e-05,8.260389858734404e-05,8.260389858734404e-05,8.260389858734404e-05,7358437.0,0
2020-02-05,8.26104544523113e-05,8.26104544523113e-05,8.26104544523113e-05,8.26104544523113e-05,5532874.0,0
2020-02-06,8.261701083758529e-05,8.261701083758529e-05,8.261701083758529e-05,8.261701083758529e-05,5279652.0,0
2020-02-07,8.262356774320733e-05,8.262356774320733e-05,8.262356774320733e-05,8.262356774320733e-05,3469890.0,0
2020-02-10,8.26301251692187e-05,8.26301251692187e-05,8.26301251692187e-05,8.26301251692187e-05,3985191.0,0
2020-02-11,8.263668311566069e-05,8.263668311566069e-05,8.263668311566069e-05,8.263668311566069e-05,4222588.0,0
2020-02-12,8.264324158257464e-05,8.264324158257464e-05,8.264324158257464e-05,8.264324158257464e-05,2907834.0,0
2020-02-13,8.264980057000184e-05,8.264980057000184e-05,8.264980057000184e-05,8.264980057000184e-05,3259610.0,0
2020-02-14,8.265636007798359e-05,8.265636007798359e-05,8.265636007798359e-05,8.265636007798359e-05,3139793.0,0
2020-02-17,8.26629201065612e-05,8.26629201065612e-05,8.26629201065612e-05,8.26629201065612e-05,5811400.0,0
2020-02-18,8.266948065577602e-05,8.266948065577602e-05,8.266948065577602e-05,8.266948065577602e-05,7099509.0,0
2020-02-19,8.267604172566933e-05,8.267604172566933e-05,8.267604172566933e-05,8.267604172566933e-05,4403772.0,0
2020-02-20,8.268260331628249e-05,8.268260331628249e-05,8.268260331628249e-05,8.268260331628249e-05,6052410.0,0
2020-02-21,8.26891654276568e-05,8.26891654276568e-05,8.26891654276568e-05,8.26891654276568e-05,4444701.0,0
2020-02-24,8.26957280598336e-05,8.26957280598336e-05,8.26957280598336e-05,8.26957280598336e-05,3727272.0,0
2020-02-25,8.270229121285424e-05,8.270229121285424e-05,8.270229121285424e-05,8.270229121285424e-05,6038307.0,0
2020-02-26,8.270885488676002e-05,8.270885488676002e-05,8.270885488676002e-05,8.270885488676002e-05,6417933.0,0
2020-02-27,8.27154190815923e-05,8.27154190815923e-05,8.27154190815923e-05,8.27154190815923e-05,4753305.0,0
2020-02-28,8.272198379739244e-05,8.272198379739244e-05,8.272198379739244e-05,8.272198379739244e-05,5600710.0,0
2020-03-02,8.272854903420174e-05,8.272854903420174e-05,8.272854903420174e-05,8.272854903420174e-05,4266837.0,0
2020-03-03,8.273511479206161e-05,8.273511479206161e-05,8.273511479206161e-05,8.273511479206161e-05,4087760.0,0
2020-03-04,8.274168107101336e-05,8.274168107101336e-05,8.274168107101336e-05,8.274168107101336e-05,2954532.0,0
2020-03-05,8.274824787109838e-05,8.274824787109838e-05,8.274824787109838e-05,8.274824787109838e-05,5478312.0,0
2020-03-06,8.2754815192358e-05,8.2754815192358e-05,8.2754815192358e-05,8.2754815192358e-05,2499877.0,0
2020-03-09,8.276138303483356e-05,8.276138303483356e-05,8.276138303483356e-05,8.276138303483356e-05,4236423.0,0
2020-03-10,8.27679513985665e-05,8.27679513985665e-05,8.27679513985665e-05,8.27679513985665e-05,8596481.0,0
2020-03-11,8.277452028359814e-05,8.277452028359814e-05,8.277452028359814e-05,8.277452028359814e-05,7032694.0,0
2020-03-12,8.278108968996985e-05,8.278108968996985e-05,8.278108968996985e-05,8.278108968996985e-05,3881192.0,0
2020-03-13,8.278765961772302e-05,8.278765961772302e-05,8.278765961772302e-05,8.278765961772302e-05,7178929.0,0
2020-03-16,8.279423006689904e-05,8.279423006689904e-05,8.279423006689904e-05,8.279423006689904e-05,5710801.0,0
2020-03-17,8.280080103753929e-05,8.280080103753929e-05,8.280080103753929e-05,8.280080103753929e-05,9852558.0,0
2020-03-18,8.280737252968513e-05,8.280737252968513e-05,8.280737252968513e-05,8.280737252968513e-05,7833048.0,0
2020-03-19,8.281394454337795e-05,8.281394454337795e-05,8.281394454337795e-05,8.281394454337795e-05,12481638.0,0
2020-03-20,8.282051707865918e-05,8.282051707865918e-05,8.282051707865918e-05,8.282051707865918e-05,6786895.0,0
2020-03-23,8.282709013557018e-05,8.282709013557018e-05,8.282709013557018e-05,8.282709013557018e-05,8072781.0,0
2020-03-24,8.283366371415238e-05,8.283366371415238e-05,8.283366371415238e-05,8.283366371415238e-05,8328985.0,0
2020-03-25,8.284023781444716e-05,8.284023781444716e-05,8.284023781444716e-05,8.284023781444716e-05,10100836.0,0
2020-03-26,8.284681243649593e-05,8.284681243649593e-05,8.284681243649593e-05,8.284681243649593e-05,3556542.0,0
2020-03-27,8.28533875803401e-05,8.28533875803401e-05,8.28533875803401e-05,8.28533875803401e-05,4915443.0,0
2020-03-30,8.285996324602107e-05,8.285996324602107e-05,8.285996324602107e-05,8.285996324602107e-05,4971344.0,0
2020-03-31,8.286653943358029e-05,8.286653943358029e-05,8.286653943358029e-05,8.286653943358029e-05,3740030.0,0
2020-04-01,8.287311614305915e-05,8.287311614305915e-05,8.287311614305915e-05,8.287311614305915e-05,3554389.0,0
2020-04-02,8.287969337449907e-05,8.287969337449907e-05,8.287969337449907e-05,8.287969337449907e-05,4630489.0,0
2020-04-03,8.28862711279415e-05,8.28862711279415e-05,8.28862711279415e-05,8.28862711279415e-05,3247170.0,0
2020-04-07,8.289284940342785e-05,8.289284940342785e-05,8.289284940342785e-05,8.289284940342785e-05,5467405.0,0
2020-04-08,8.289942820099955e-05,8.289942820099955e-05,8.289942820099955e-05,8.289942820099955e-05,2219175.0,0
2020-04-09,8.290600752069805e-05,8.290600752069805e-05,8.290600752069805e-05,8.290600752069805e-05,3285436.0,0
2020-04-10,8.291258736256478e-05,8.291258736256478e-05,8.291258736256478e-05,8.291258736256478e-05,4642472.0,0
2020-04-13,8.291916772664118e-05,8.291916772664118e-05,8.291916772664118e-05,8.291916772664118e-05,2466969.0,0
2020-04-14,8.292574861296869e-05,8.292574861296869e-05,8.292574861296869e-05,8.292574861296869e-05,3761248.0,0
2020-04-15,8.293233002158878e-05,8.293233002158878e-05,8.293233002158878e-05,8.293233002158878e-05,2392008.0,0
2020-04-16,8.293891195254287e-05,8.293891195254287e-05,8.293891195254287e-05,8.293891195254287e-05,2273172.0,0
2020-04-17,8.294549440587243e-05,8.294549440587243e-05,8.294549440587243e-05,8.294549440587243e-05,5704809.0,0
2020-04-20,8.295207738161894e-05,8.295207738161894e-05,8.295207738161894e-05,8.295207738161894e-05,3822960.0,0
2020-04-21,8.295866087982382e-05,8.295866087982382e-05,8.295866087982382e-05,8.295866087982382e-05,2927572.0,0
2020-04-22,8.296524490052858e-05,8.296524490052858e-05,8.296524490052858e-05,8.296524490052858e-05,3456710.0,0
2020-04-23,8.297182944377467e-05,8.297182944377467e-05,8.297182944377467e-05,8.297182944377467e-05,2015207.0,0
2020-04-24,8.297841450960354e-05,8.297841450960354e-05,8.297841450960354e-05,8.297841450960354e-05,3058295.0,0
2020-04-27,8.298500009805669e-05,8.298500009805669e-05,8.298500009805669e-05,8.298500009805669e-05,3094609.0,0
2020-04-28,8.299158620917558e-05,8.299158620917558e-05,8.299158620917558e-05,8.299158620917558e-05,4228655.0,0
2020-04-29,8.29981728430017e-05,8.29981728430017e-05,8.29981728430017e-05,8.29981728430017e-05,2778349.0,0
2020-04-30,8.300475999957654e-05,8.300475999957654e-05,8.300475999957654e-05,8.300475999957654e-05,5279981.0,0
2020-05-06,8.301134767894161e-05,8.301134767894161e-05,8.301134767894161e-05,8.301134767894161e-05,3834535.0,0
2020-05-07,8.301793588113834e-05,8.301793588113834e-05,8.301793588113834e-05,8.301793588113834e-05,2746388.0,0
2020-05-08,8.302452460620828e-05,8.302452460620828e-05,8.302452460620828e-05,8.302452460620828e-05,3706743.0,0
2020-05-11,8.30311138541929e-05,8.30311138541929e-05,8.30311138541929e-05,8.30311138541929e-05,4123096.0,0
2020-05-12,8.303770362513371e-05,8.303770362513371e-05,8.303770362513371e-05,8.303770362513371e-05,5866052.0,0
2020-05-13,8.304429391907223e-05,8.304429391907223e-05,8.304429391907223e-05,8.304429391907223e-05,2783969.0,0
2020-05-14,8.305088473604994e-05,8.305088473604994e-05,8.305088473604994e-05,8.305088473604994e-05,3001796.0,0
2020-05-15,8.305747607610836e-05,8.305747607610836e-05,8.305747607610836e-05,8.305747607610836e-05,5435703.0,0
2020-05-18,8.3064067939289e-05,8.3064067939289e-05,8.3064067939289e-05,8.3064067939289e-05,3020530.0,0
2020-05-19,8.307066032563338e-05,8.307066032563338e-05,8.307066032563338e-05,8.307066032563338e-05,2781211.0,0
2020-05-20,8.307725323518304e-05,8.307725323518304e-05,8.307725323518304e-05,8.307725323518304e-05,1975618.0,0
2020-05-21,8.30838466679795e-05,8.30838466679795e-05,8.30838466679795e-05,8.30838466679795e-05,2365234.0,0
2020-05-22,8.309044062406426e-05,8.309044062406426e-05,8.309044062406426e-05,8.309044062406426e-05,5328616.0,0
2020-05-25,8.309703510347887e-05,8.309703510347887e-05,8.309703510347887e-05,8.309703510347887e-05,2505597.0,0
2020-05-26,8.310363010626487e-05,8.310363010626487e-05,8.310363010626487e-05,8.310363010626487e-05,4751108.0,0
2020-05-27,8.311022563246379e-05,8.311022563246379e-05,8.311022563246379e-05,8.311022563246379e-05,2311996.0,0
2020-05-28,8.311682168211716e-05,8.311682168211716e-05,8.311682168211716e-05,8.311682168211716e-05,2840731.0,0
2020-05-29,8.312341825526653e-05,8.312341825526653e-05,8.312341825526653e-05,8.312341825526653e-05,2509198.0,0
2020-06-01,8.313001535195346e-05,8.313001535195346e-05,8.313001535195346e-05,8.313001535195346e-05,3509289.0,0
2020-06-02,8.313661297221949e-05,8.313661297221949e-05,8.313661297221949e-05,8.313661297221949e-05,1628382.0,0
2020-06-03,8.314321111610619e-05,8.314321111610619e-05,8.314321111610619e-05,8.314321111610619e-05,3657525.0,0
2020-06-04,8.314980978365509e-05,8.314980978365509e-05,8.314980978365509e-05,8.314980978365509e-05,2813844.0,0
2020-06-05,8.315640897490776e-05,8.315640897490776e-05,8.315640897490776e-05,8.315640897490776e-05,2013596.0,0
2020-06-08,8.316300868990577e-05,8.316300868990577e-05,8.316300868990577e-05,8.316300868990577e-05,2856037.0,0
2020-06-09,8.316960892869069e-05,8.316960892869069e-05,8.316960892869069e-05,8.316960892869069e-05,2944925.0,0
2020-06-10,8.317620969130408e-05,8.317620969130408e-05,8.317620969130408e-05,8.317620969130408e-05,3183572.0,0
2020-06-11,8.318281097778752e-05,8.318281097778752e-05,8.318281097778752e-05,8.318281097778752e-05,3051933.0,0
2020-06-12,8.318941278818257e-05,8.318941278818257e-05,8.318941278818257e-05,8.318941278818257e-05,3090733.0,0
2020-06-15,8.319601512253085e-05,8.319601512253085e-05,8.319601512253085e-05,8.319601512253085e-05,2805261.0,0
2020-06-16,8.320261798087392e-05,8.320261798087392e-05,8.320261798087392e-05,8.320261798087392e-05,2476953.0,0
2020-06-17,8.320922136325335e-05,8.320922136325335e-05,8.320922136325335e-05,8.320922136325335e-05,2790256.0,0
2020-06-18,8.321582526971076e-05,8.321582526971076e-05,8.321582526971076e-05,8.321582526971076e-05,3430027.0,0
2020-06-19,8.322242970028772e-05,8.322242970028772e-05,8.322242970028772e-05,8.322242970028772e-05,3695636.0,0
2020-06-22,8.322903465502584e-05,8.322903465502584e-05,8.322903465502584e-05,8.322903465502584e-05,5212442.0,0
2020-06-23,8.323564013396672e-05,8.323564013396672e-05,8.323564013396672e-05,8.323564013396672e-05,3981678.0,0
2020-06-24,8.324224613715197e-05,8.324224613715197e-05,8.324224613715197e-05,8.324224613715197e-05,4579422.0,0
2020-06-29,8.324885266462318e-05,8.324885266462318e-05,8.324885266462318e-05,8.324885266462318e-05,2126550.0,0
2020-06-30,8.325545971642194e-05,8.325545971642194e-05,8.325545971642194e-05,8.325545971642194e-05,5424685.0,0
2020-07-01,8.326206729258993e-05,8.326206729258993e-05,8.326206729258993e-05,8.326206729258993e-05,5740641.0,0
2020-07-02,8.326867539316871e-05,8.326867539316871e-05,8.326867539316871e-05,8.326867539316871e-05,5504378.0,0
2020-07-03,8.327528401819991e-05,8.327528401819991e-05,8.327528401819991e-05,8.327528401819991e-05,5867687.0,0
