Code,Year,Return,Industry
1,2014,0.57298,货币金融服务
2,2014,0.827567,房地产业
4,2014,0.336481,医药制造业
5,2014,0.64,房地产业
6,2014,0.477997,房地产业
7,2014,0.051873,住宿业
8,2014,1.454444,住宿业
9,2014,0.64885,综合
10,2014,-0.035202,专用设备制造业
11,2014,0.327072,房地产业
12,2014,0.137579,非金属矿物制品业
14,2014,0.347308,房地产业
16,2014,0.555663,计算机、通信和其他电子设备制造业
17,2014,0.565909,铁路、船舶、航空航天和其他运输设备制造业
18,2014,1.685475,纺织业
19,2014,0.21581,酒、饮料和精制茶制造业
20,2014,0.225954,计算机、通信和其他电子设备制造业
21,2014,0.371591,计算机、通信和其他电子设备制造业
22,2014,0.457883,水上运输业
23,2014,1.025533,非金属矿物制品业
24,2014,0.960272,房地产业
25,2014,0.143508,批发业
26,2014,0.404242,零售业
27,2014,1.119352,电力、热力生产和供应业
28,2014,0.035577,批发业
29,2014,0.831999,房地产业
30,2014,0.411348,其他制造业
31,2014,1.301052,房地产业
32,2014,0.27269,计算机、通信和其他电子设备制造业
33,2014,0.292746,住宿业
34,2014,0.624703,综合
35,2014,0.185741,计算机、通信和其他电子设备制造业
36,2014,0.576389,房地产业
37,2014,0.837772,电力、热力生产和供应业
38,2014,0.368,房地产业
39,2014,0.500029,金属制品业
40,2014,0.583556,房地产业
42,2014,0.213525,房地产业
43,2014,0.530574,房地产业
45,2014,0.17875,批发业
46,2014,1.278107,房地产业
48,2014,-0.048605,农副食品加工业
49,2014,-0.354271,电气机械和器材制造业
50,2014,0.706161,计算机、通信和其他电子设备制造业
55,2014,0.808353,金属制品业
56,2014,-0.149592,房地产业
58,2014,0.407408,商务服务业
59,2014,0.973947,石油加工、炼焦和核燃料加工业
60,2014,0.519328,有色金属冶炼和压延加工业
61,2014,0.564068,商务服务业
62,2014,0.30762,商务服务业
63,2014,0.384893,计算机、通信和其他电子设备制造业
65,2014,0.63149,土木工程建筑业
66,2014,0.511874,计算机、通信和其他电子设备制造业
68,2014,0.586208,计算机、通信和其他电子设备制造业
69,2014,0.57959,公共设施管理业
70,2014,0.084976,电气机械和器材制造业
78,2014,0.29404,零售业
88,2014,0.643878,道路运输业
89,2014,0.35196,航空运输业
90,2014,1.11249,土木工程建筑业
96,2014,0.499199,批发业
99,2014,0.637784,航空运输业
100,2014,0.669275,计算机、通信和其他电子设备制造业
150,2014,2.208104,房地产业
151,2014,1.692253,批发业
153,2014,0.579284,医药制造业
155,2014,1.189273,化学原料和化学制品制造业
156,2014,0.206226,广播、电视、电影和影视录音制作业
157,2014,0.33711,专用设备制造业
158,2014,1.316426,纺织业
159,2014,0.412153,批发业
301,2014,0.613762,电力、热力生产和供应业
333,2014,0.435554,电气机械和器材制造业
338,2014,0.454369,汽车制造业
400,2014,-0.017296,电气机械和器材制造业
401,2014,0.559363,非金属矿物制品业
402,2014,1.459522,房地产业
403,2014,0.132316,医药制造业
404,2014,0.321429,通用设备制造业
407,2014,0.126374,化学原料和化学制品制造业
408,2014,0.770519,批发业
409,2014,-0.209465,黑色金属矿采选业
410,2014,1.156627,通用设备制造业
411,2014,1.010347,批发业
413,2014,0.359125,计算机、通信和其他电子设备制造业
415,2014,0.762895,租赁业
416,2014,0.208211,零售业
417,2014,0.36847,零售业
418,2014,0.336861,电气机械和器材制造业
419,2014,0.253336,零售业
420,2014,0.634921,化学纤维制造业
421,2014,0.595208,综合
422,2014,0.196888,化学原料和化学制品制造业
423,2014,-0.039285,医药制造业
425,2014,0.99629,专用设备制造业
426,2014,0.59892,有色金属矿采选业
428,2014,-0.050577,住宿业
429,2014,0.720262,道路运输业
430,2014,0.148725,公共设施管理业
488,2014,0.409767,造纸和纸制品业
498,2014,0.148515,土木工程建筑业
501,2014,0.239812,零售业
502,2014,0.486614,房地产业
503,2014,0.496651,互联网和相关服务
504,2014,0.196309,新闻和出版业
505,2014,1.112676,房地产业
506,2014,0.528677,房地产业
507,2014,0.665791,水上运输业
509,2014,0.209136,橡胶和塑料制品业
510,2014,0.028143,化学原料和化学制品制造业
511,2014,1.057644,房地产业
513,2014,0.291191,医药制造业
514,2014,0.646102,房地产业
516,2014,1.080959,零售业
517,2014,0.560896,房地产业
518,2014,0.663636,医药制造业
519,2014,0.061355,非金属矿物制品业
521,2014,0.336427,电气机械和器材制造业
523,2014,0.082571,化学原料和化学制品制造业
524,2014,1.090575,住宿业
525,2014,0.061773,化学原料和化学制品制造业
526,2014,-0.003125,房地产业
528,2014,1.061517,专用设备制造业
529,2014,0.361991,农副食品加工业
530,2014,0.153555,通用设备制造业
531,2014,1.274186,电力、热力生产和供应业
532,2014,0.026315,综合
533,2014,0.471062,电气机械和器材制造业
534,2014,0.741939,房地产业
536,2014,-0.151705,计算机、通信和其他电子设备制造业
537,2014,0.517544,房地产业
538,2014,-0.065891,医药制造业
539,2014,0.723882,电力、热力生产和供应业
540,2014,1.15513,房地产业
541,2014,0.506224,电气机械和器材制造业
543,2014,0.883547,电力、热力生产和供应业
544,2014,0.107252,水的生产和供应业
545,2014,0.46047,化学原料和化学制品制造业
546,2014,0.259077,非金属矿物制品业
547,2014,2.389003,计算机、通信和其他电子设备制造业
548,2014,0.469349,道路运输业
550,2014,0.221882,汽车制造业
551,2014,0.066098,综合
552,2014,0.020336,煤炭开采和洗选业
553,2014,0.196648,化学原料和化学制品制造业
554,2014,0.728745,批发业
555,2014,0.513365,软件和信息技术服务业
557,2014,-0.097143,酒、饮料和精制茶制造业
558,2014,0.735465,房地产业
559,2014,1.712249,汽车制造业
560,2014,1.13738,零售业
561,2014,0.492308,计算机、通信和其他电子设备制造业
562,2014,2.752012,资本市场服务
563,2014,0.586617,其他金融业
564,2014,0.313343,零售业
565,2014,0.726994,化学原料和化学制品制造业
566,2014,0.367855,医药制造业
567,2014,0.475626,房地产业
568,2014,0.0804,酒、饮料和精制茶制造业
570,2014,0.342257,通用设备制造业
571,2014,0.344079,煤炭开采和洗选业
572,2014,0.386842,汽车制造业
573,2014,-0.050096,房地产业
576,2014,0.265969,造纸和纸制品业
581,2014,-0.118579,汽车制造业
582,2014,0.739002,水上运输业
584,2014,0.138784,化学纤维制造业
585,2014,0.757582,电气机械和器材制造业
586,2014,0.697674,计算机、通信和其他电子设备制造业
587,2014,-0.113252,其他制造业
589,2014,0.303399,橡胶和塑料制品业
590,2014,0.138054,医药制造业
591,2014,0.749571,零售业
592,2014,1.084976,林业
593,2014,0.135782,零售业
594,2014,-0.083832,批发业
595,2014,0.534971,通用设备制造业
596,2014,0.679061,酒、饮料和精制茶制造业
597,2014,0.525937,医药制造业
598,2014,0.332814,水的生产和供应业
599,2014,0.459668,橡胶和塑料制品业
600,2014,1.350226,电力、热力生产和供应业
601,2014,0.341203,电力、热力生产和供应业
603,2014,-0.048875,有色金属矿采选业
605,2014,0.079315,医药制造业
606,2014,-0.040793,医药制造业
607,2014,1.437647,仪器仪表制造业
608,2014,-0.007814,房地产业
609,2014,0.97017,房地产业
610,2014,0.624232,公共设施管理业
611,2014,0.581986,纺织业
612,2014,0.732419,有色金属冶炼和压延加工业
613,2014,0.459402,住宿业
615,2014,0.479514,化学纤维制造业
616,2014,0.380416,房地产业
617,2014,0.347339,通用设备制造业
619,2014,0.390672,橡胶和塑料制品业
620,2014,0.364275,房地产业
622,2014,0.47165,专用设备制造业
623,2014,0.973123,医药制造业
625,2014,0.447262,汽车制造业
626,2014,0.687824,批发业
627,2014,0.564886,化学原料和化学制品制造业
628,2014,0.325191,房屋建筑业
629,2014,0.685713,黑色金属矿采选业
630,2014,0.561362,有色金属冶炼和压延加工业
631,2014,0.445665,房地产业
632,2014,0.213808,批发业
633,2014,0.98622,电气机械和器材制造业
635,2014,0.312338,化学原料和化学制品制造业
636,2014,0.587814,计算机、通信和其他电子设备制造业
637,2014,0.370588,石油加工、炼焦和核燃料加工业
638,2014,0.507043,批发业
639,2014,-0.054604,农副食品加工业
650,2014,0.457941,医药制造业
651,2014,0.194447,电气机械和器材制造业
652,2014,0.590836,批发业
655,2014,0.202965,黑色金属矿采选业
656,2014,0.949937,房地产业
657,2014,0.387097,有色金属冶炼和压延加工业
659,2014,0.233813,橡胶和塑料制品业
661,2014,-0.198385,医药制造业
662,2014,0.123435,化学原料和化学制品制造业
663,2014,0.165074,林业
665,2014,0.281364,广播、电视、电影和影视录音制作业
666,2014,0.860497,专用设备制造业
667,2014,0.741758,房地产业
668,2014,0.219513,房地产业
669,2014,0.435605,燃气生产和供应业
670,2014,0.95335,房地产业
671,2014,0.503442,房地产业
672,2014,0.944787,非金属矿物制品业
673,2014,0.581322,文化艺术业
676,2014,1.254143,电气机械和器材制造业
677,2014,1.169435,化学纤维制造业
678,2014,0.564286,通用设备制造业
679,2014,0.342496,零售业
680,2014,1.374214,专用设备制造业
681,2014,0.687852,软件和信息技术服务业
682,2014,0.718156,电气机械和器材制造业
683,2014,0.243107,化学原料和化学制品制造业
685,2014,0.986606,水的生产和供应业
686,2014,1.538706,资本市场服务
687,2014,0.578947,化学纤维制造业
688,2014,0.250865,有色金属矿采选业
690,2014,0.26546,电力、热力生产和供应业
691,2014,0.170431,房地产业
692,2014,0.20188,电力、热力生产和供应业
693,2014,2.284939,有色金属矿采选业
695,2014,0.708166,电力、热力生产和供应业
697,2014,0.935599,有色金属矿采选业
698,2014,0.332461,石油加工、炼焦和核燃料加工业
700,2014,0.38384,汽车制造业
701,2014,0.046757,批发业
702,2014,1.088172,农副食品加工业
703,2014,0.226913,化学纤维制造业
705,2014,0.339049,批发业
707,2014,0.310432,化学原料和化学制品制造业
708,2014,0.77654,黑色金属冶炼和压延加工业
709,2014,0.936044,黑色金属冶炼和压延加工业
710,2014,0.241177,汽车制造业
711,2014,1.151414,房地产业
712,2014,1.388604,水的生产和供应业
713,2014,0.115965,农、林、牧、渔服务业
715,2014,-0.145788,零售业
716,2014,0.227221,食品制造业
717,2014,0.758242,黑色金属冶炼和压延加工业
718,2014,0.503584,房地产业
719,2014,0.443655,新闻和出版业
720,2014,0.864035,电力、热力生产和供应业
721,2014,0.885847,餐饮业
722,2014,0.135854,电力、热力生产和供应业
723,2014,0.207498,石油加工、炼焦和核燃料加工业
725,2014,0.562791,计算机、通信和其他电子设备制造业
726,2014,0.188157,纺织业
727,2014,0.441288,计算机、通信和其他电子设备制造业
728,2014,2.086346,资本市场服务
729,2014,-0.001975,酒、饮料和精制茶制造业
731,2014,-0.102852,化学原料和化学制品制造业
732,2014,0.780303,房地产业
733,2014,0.585049,计算机、通信和其他电子设备制造业
735,2014,0.170735,畜牧业
736,2014,0.388261,房地产业
737,2014,0.035565,化学原料和化学制品制造业
738,2014,0.374135,铁路、船舶、航空航天和其他运输设备制造业
739,2014,0.546656,医药制造业
748,2014,1.147441,计算机、通信和其他电子设备制造业
750,2014,0.530017,资本市场服务
751,2014,0.546392,有色金属冶炼和压延加工业
752,2014,0.30954,酒、饮料和精制茶制造业
753,2014,0.54962,零售业
755,2014,0.498599,化学原料和化学制品制造业
756,2014,0.648695,医药制造业
757,2014,0.444444,通用设备制造业
758,2014,0.36786,有色金属矿采选业
759,2014,0.27759,零售业
760,2014,-0.065758,汽车制造业
761,2014,0.727593,黑色金属冶炼和压延加工业
762,2014,0.27018,黑色金属矿采选业
766,2014,0.185873,医药制造业
767,2014,0.800654,电力、热力生产和供应业
768,2014,0.988469,铁路、船舶、航空航天和其他运输设备制造业
776,2014,1.123055,资本市场服务
777,2014,1.977924,通用设备制造业
778,2014,0.481911,金属制品业
779,2014,0.055814,纺织业
780,2014,0.349535,煤炭开采和洗选业
782,2014,0.980456,化学纤维制造业
783,2014,2.322704,资本市场服务
785,2014,0.487002,零售业
786,2014,0.489292,非金属矿物制品业
788,2014,0.086213,医药制造业
789,2014,0.496091,非金属矿物制品业
790,2014,0.065905,金属制品业
791,2014,1.245927,电力、热力生产和供应业
792,2014,0.30281,化学原料和化学制品制造业
793,2014,-0.045654,新闻和出版业
795,2014,0.239796,非金属矿物制品业
796,2014,0.457661,餐饮业
797,2014,0.439575,房地产业
798,2014,0.421183,渔业
799,2014,0.038243,酒、饮料和精制茶制造业
800,2014,0.27456,汽车制造业
801,2014,0.568286,计算机、通信和其他电子设备制造业
802,2014,0.786305,公共设施管理业
803,2014,0.393979,纺织业
806,2014,1.566666,电气机械和器材制造业
807,2014,0.623529,有色金属冶炼和压延加工业
809,2014,-0.035714,公共设施管理业
810,2014,0.245761,纺织业
811,2014,0.172,通用设备制造业
812,2014,0.654171,印刷和记录媒介复制业
813,2014,0.146515,纺织业
815,2014,0.594378,造纸和纸制品业
816,2014,0.375299,通用设备制造业
818,2014,0.521127,化学原料和化学制品制造业
819,2014,-0.000632,石油加工、炼焦和核燃料加工业
820,2014,-0.246753,造纸和纸制品业
821,2014,1.569768,专用设备制造业
822,2014,0.513514,化学原料和化学制品制造业
823,2014,0.339258,计算机、通信和其他电子设备制造业
825,2014,1.058971,黑色金属冶炼和压延加工业
826,2014,0.02529,生态保护和环境治理业
828,2014,0.811736,道路运输业
829,2014,0.137394,批发业
830,2014,0.307506,化学原料和化学制品制造业
831,2014,0.360091,有色金属冶炼和压延加工业
833,2014,0.323217,造纸和纸制品业
835,2014,0.847784,石油加工、炼焦和核燃料加工业
836,2014,0.390625,电气机械和器材制造业
837,2014,0.538252,通用设备制造业
838,2014,0.405099,房地产业
839,2014,0.816444,电信、广播电视和卫星传输服务
848,2014,0.141819,酒、饮料和精制茶制造业
850,2014,0.637224,纺织业
851,2014,0.155992,零售业
852,2014,0.22223,专用设备制造业
856,2014,0.467557,专用设备制造业
858,2014,0.429424,酒、饮料和精制茶制造业
859,2014,0.626741,橡胶和塑料制品业
860,2014,0.22465,农副食品加工业
861,2014,0.499227,商务服务业
862,2014,0.2176,通用设备制造业
863,2014,0.106707,房地产业
868,2014,0.450633,汽车制造业
869,2014,0.318418,酒、饮料和精制茶制造业
875,2014,0.816849,电力、热力生产和供应业
876,2014,-0.001698,农副食品加工业
877,2014,0.710904,非金属矿物制品业
878,2014,0.639495,有色金属冶炼和压延加工业
880,2014,0.490862,通用设备制造业
881,2014,0.296655,综合
882,2014,0.546015,房地产业
883,2014,1.048989,电力、热力生产和供应业
885,2014,0.752234,非金属矿物制品业
886,2014,0.244116,房地产业
887,2014,0.721289,橡胶和塑料制品业
888,2014,-0.022417,公共设施管理业
889,2014,0.887595,零售业
890,2014,0.873902,金属制品业
892,2014,0.464359,电信、广播电视和卫星传输服务
893,2014,-0.068026,农副食品加工业
895,2014,-0.303316,农副食品加工业
897,2014,0.385321,房地产业
898,2014,0.932845,黑色金属冶炼和压延加工业
899,2014,0.356343,电力、热力生产和供应业
900,2014,0.324961,道路运输业
901,2014,1.744294,铁路、船舶、航空航天和其他运输设备制造业
902,2014,0.573999,化学原料和化学制品制造业
903,2014,0.461923,通用设备制造业
905,2014,1.044618,水上运输业
906,2014,1.161228,批发业
908,2014,0.65896,通用设备制造业
909,2014,0.368151,综合
910,2014,0.443004,木材加工和木、竹、藤、棕、草制品业
911,2014,0.363499,农副食品加工业
912,2014,0.45614,化学原料和化学制品制造业
913,2014,0.178295,铁路、船舶、航空航天和其他运输设备制造业
915,2014,-0.147561,医药制造业
916,2014,0.496801,道路运输业
917,2014,0.037392,电信、广播电视和卫星传输服务
918,2014,0.56115,房地产业
919,2014,0.496384,医药制造业
920,2014,0.981216,铁路、船舶、航空航天和其他运输设备制造业
921,2014,-0.283876,电气机械和器材制造业
922,2014,1.039576,电气机械和器材制造业
923,2014,0.649888,专用设备制造业
925,2014,0.893806,专用设备制造业
926,2014,0.557734,房地产业
927,2014,0.84637,汽车制造业
928,2014,0.660194,非金属矿物制品业
929,2014,0.247684,酒、饮料和精制茶制造业
930,2014,0.869245,化学原料和化学制品制造业
931,2014,0.436208,建筑安装业
932,2014,1.020617,黑色金属冶炼和压延加工业
933,2014,0.245454,有色金属冶炼和压延加工业
935,2014,0.298025,非金属矿物制品业
936,2014,0.661032,化学纤维制造业
937,2014,0.143707,煤炭开采和洗选业
938,2014,0.059281,计算机、通信和其他电子设备制造业
939,2014,0.823339,煤炭开采和洗选业
948,2014,0.759138,软件和信息技术服务业
949,2014,0.548951,化学纤维制造业
950,2014,0.371134,化学原料和化学制品制造业
951,2014,0.847117,汽车制造业
952,2014,0.532959,医药制造业
953,2014,0.533333,化学原料和化学制品制造业
955,2014,0.43425,纺织业
957,2014,0.326679,汽车制造业
958,2014,1.656905,电力、热力生产和供应业
959,2014,1.024391,黑色金属冶炼和压延加工业
960,2014,0.629213,有色金属冶炼和压延加工业
961,2014,0.984277,土木工程建筑业
962,2014,0.17246,有色金属冶炼和压延加工业
963,2014,0.158929,零售业
965,2014,0.588256,房地产业
966,2014,0.909502,电力、热力生产和供应业
967,2014,0.782345,电气机械和器材制造业
968,2014,0.111711,石油加工、炼焦和核燃料加工业
969,2014,0.230208,金属制品业
970,2014,0.162018,计算机、通信和其他电子设备制造业
971,2014,0.858195,纺织业
972,2014,0.398305,农副食品加工业
973,2014,0.551047,橡胶和塑料制品业
975,2014,0.837948,有色金属矿采选业
976,2014,0.131737,化学纤维制造业
977,2014,0.823965,计算机、通信和其他电子设备制造业
978,2014,0.510569,公共设施管理业
979,2014,0.307471,房地产业
980,2014,0.406964,汽车制造业
981,2014,0.604851,房地产业
982,2014,-0.016015,纺织业
983,2014,0.159926,煤炭开采和洗选业
985,2014,0.517284,化学原料和化学制品制造业
987,2014,1.233447,零售业
988,2014,0.735077,计算机、通信和其他电子设备制造业
989,2014,0.339016,医药制造业
990,2014,0.753105,化学原料和化学制品制造业
993,2014,0.314368,电力、热力生产和供应业
995,2014,0.590501,酒、饮料和精制茶制造业
996,2014,0.940299,批发业
997,2014,0.714926,软件和信息技术服务业
998,2014,0.448337,农业
999,2014,-0.076645,医药制造业
1696,2014,0.705959,铁路、船舶、航空航天和其他运输设备制造业
1896,2014,0.601667,电力、热力生产和供应业
2001,2014,0.209362,医药制造业
2002,2014,0.252413,化学原料和化学制品制造业
2003,2014,0.34098,纺织服装、服饰业
2004,2014,0.162399,化学原料和化学制品制造业
2005,2014,0.001263,电气机械和器材制造业
2006,2014,0.235876,专用设备制造业
2007,2014,0.178444,医药制造业
2008,2014,0.197908,专用设备制造业
2009,2014,0.301953,通用设备制造业
2010,2014,-0.071108,化学原料和化学制品制造业
2011,2014,0.08259,通用设备制造业
2012,2014,0.226236,造纸和纸制品业
2013,2014,0.592794,铁路、船舶、航空航天和其他运输设备制造业
2014,2014,0.008241,橡胶和塑料制品业
2015,2014,0.595825,纺织业
2016,2014,0.320011,房地产业
2017,2014,0.10452,计算机、通信和其他电子设备制造业
2018,2014,0.788806,化学原料和化学制品制造业
2019,2014,0.072249,医药制造业
2020,2014,0.183622,医药制造业
2021,2014,0.145425,专用设备制造业
2022,2014,0.273813,医药制造业
2023,2014,0.291474,铁路、船舶、航空航天和其他运输设备制造业
2024,2014,-0.003322,零售业
2025,2014,0.455976,计算机、通信和其他电子设备制造业
2026,2014,0.280882,金属制品业
2027,2014,0.37218,计算机、通信和其他电子设备制造业
2028,2014,0.186885,电气机械和器材制造业
2029,2014,0.163525,纺织服装、服饰业
2030,2014,0.674115,医药制造业
2031,2014,0.638792,专用设备制造业
2032,2014,0.202772,金属制品业
2033,2014,0.144142,公共设施管理业
2034,2014,0.270741,纺织业
2035,2014,0.20196,电气机械和器材制造业
2036,2014,0.155784,纺织服装、服饰业
2037,2014,0.627912,化学原料和化学制品制造业
2038,2014,-0.21299,医药制造业
2039,2014,1.05673,电力、热力生产和供应业
2040,2014,0.818143,水上运输业
2041,2014,-0.076041,农业
2042,2014,0.198037,纺织业
2043,2014,0.440439,木材加工和木、竹、藤、棕、草制品业
2044,2014,0.43915,纺织服装、服饰业
2045,2014,0.229558,计算机、通信和其他电子设备制造业
2046,2014,0.628135,通用设备制造业
2047,2014,-0.152886,建筑装饰和其他建筑业
2048,2014,0.713156,汽车制造业
2049,2014,-0.025947,计算机、通信和其他电子设备制造业
2050,2014,0.585657,通用设备制造业
2051,2014,0.632912,土木工程建筑业
2052,2014,-0.280757,计算机、通信和其他电子设备制造业
2053,2014,1.105978,化学原料和化学制品制造业
2054,2014,0.285607,化学原料和化学制品制造业
2055,2014,0.089304,计算机、通信和其他电子设备制造业
2056,2014,0.417383,电气机械和器材制造业
2057,2014,0.976971,化学原料和化学制品制造业
2058,2014,0.63814,仪器仪表制造业
2059,2014,0.427804,公共设施管理业
2060,2014,0.659215,土木工程建筑业
2061,2014,0.130653,化学原料和化学制品制造业
2062,2014,0.813322,土木工程建筑业
2063,2014,0.033438,软件和信息技术服务业
2064,2014,0.181051,化学纤维制造业
2065,2014,0.064997,软件和信息技术服务业
2066,2014,1.023857,非金属矿物制品业
2067,2014,0.709678,造纸和纸制品业
2068,2014,1.025582,化学原料和化学制品制造业
2069,2014,-0.176173,渔业
2070,2014,0.731752,纺织业
2071,2014,-0.063768,金属制品业
2072,2014,1.009009,纺织业
2073,2014,0.457256,专用设备制造业
2074,2014,1.529514,电气机械和器材制造业
2075,2014,0.553399,黑色金属冶炼和压延加工业
2076,2014,0.35625,电气机械和器材制造业
2077,2014,0.371036,房地产业
2078,2014,0.384179,造纸和纸制品业
2079,2014,0.193138,计算机、通信和其他电子设备制造业
2080,2014,0.064605,非金属矿物制品业
2081,2014,0.159109,建筑装饰和其他建筑业
2082,2014,0.253672,有色金属冶炼和压延加工业
2083,2014,0.183215,纺织业
2084,2014,0.973261,金属制品业
2085,2014,0.319557,汽车制造业
2086,2014,0.150715,渔业
2087,2014,0.26801,纺织业
2088,2014,0.563995,非金属矿物制品业
2089,2014,1.100924,计算机、通信和其他电子设备制造业
2090,2014,0.41112,电气机械和器材制造业
2091,2014,0.257576,批发业
2092,2014,0.480477,化学原料和化学制品制造业
2093,2014,0.19186,软件和信息技术服务业
2094,2014,0.416895,化学原料和化学制品制造业
2095,2014,0.484344,互联网和相关服务
2096,2014,-0.039003,化学原料和化学制品制造业
2097,2014,0.387786,专用设备制造业
2098,2014,0.764407,其他制造业
2099,2014,0.279522,医药制造业
2100,2014,-0.052332,农副食品加工业
2101,2014,0.529435,汽车制造业
2102,2014,0.799591,非金属矿物制品业
2103,2014,0.816715,文教、工美、体育和娱乐用品制造业
2104,2014,0.287242,计算机、通信和其他电子设备制造业
2105,2014,0.764844,铁路、船舶、航空航天和其他运输设备制造业
2106,2014,0.10762,计算机、通信和其他电子设备制造业
2107,2014,1.25994,医药制造业
2108,2014,0.610442,橡胶和塑料制品业
2109,2014,0.184524,化学原料和化学制品制造业
2110,2014,0.339742,黑色金属冶炼和压延加工业
2111,2014,0.590963,专用设备制造业
2112,2014,0.43839,电气机械和器材制造业
2113,2014,0.335519,房地产业
2114,2014,0.872032,有色金属冶炼和压延加工业
2115,2014,0.390895,计算机、通信和其他电子设备制造业
2116,2014,0.6727,专业技术服务业
2117,2014,0.667378,印刷和记录媒介复制业
2118,2014,0.227551,医药制造业
2119,2014,0.638412,计算机、通信和其他电子设备制造业
2120,2014,0.472362,其他制造业
2121,2014,0.624302,仪器仪表制造业
2122,2014,0.811436,通用设备制造业
2123,2014,0.277008,电气机械和器材制造业
2124,2014,0.134328,农副食品加工业
2125,2014,0.210526,化学原料和化学制品制造业
2126,2014,0.150834,汽车制造业
2127,2014,0.320301,化学纤维制造业
2128,2014,0.18055,煤炭开采和洗选业
2129,2014,0.132938,计算机、通信和其他电子设备制造业
2130,2014,0.887247,计算机、通信和其他电子设备制造业
2131,2014,0.644837,通用设备制造业
2132,2014,0.457143,金属制品业
2133,2014,0.304812,房地产业
2134,2014,0.202702,计算机、通信和其他电子设备制造业
2135,2014,0.53956,土木工程建筑业
2136,2014,0.459091,化学原料和化学制品制造业
2137,2014,0.7601,计算机、通信和其他电子设备制造业
2138,2014,0.021636,计算机、通信和其他电子设备制造业
2139,2014,0.371539,电气机械和器材制造业
2140,2014,-0.043227,土木工程建筑业
2141,2014,0.963958,计算机、通信和其他电子设备制造业
2142,2014,0.78258,货币金融服务
2143,2014,1.210762,农副食品加工业
2144,2014,-0.120595,纺织业
2145,2014,0.563758,化学原料和化学制品制造业
2146,2014,0.618332,房地产业
2147,2014,0.489908,通用设备制造业
2148,2014,-0.1976,软件和信息技术服务业
2149,2014,0.172076,有色金属冶炼和压延加工业
2150,2014,0.304973,金属制品业
2151,2014,0.197729,计算机、通信和其他电子设备制造业
2152,2014,0.399587,通用设备制造业
2153,2014,0.384891,软件和信息技术服务业
2154,2014,0.367854,纺织服装、服饰业
2155,2014,0.300552,有色金属矿采选业
2156,2014,0.398614,计算机、通信和其他电子设备制造业
2157,2014,0.296295,农副食品加工业
2158,2014,0.065059,通用设备制造业
2159,2014,0.246536,公共设施管理业
2160,2014,0.345338,有色金属冶炼和压延加工业
2161,2014,-0.023236,计算机、通信和其他电子设备制造业
2162,2014,0.202702,非金属矿物制品业
2163,2014,0.696808,建筑装饰和其他建筑业
2164,2014,0.429332,通用设备制造业
2165,2014,0.228075,化学原料和化学制品制造业
2166,2014,0.240951,医药制造业
2167,2014,0.213345,化学原料和化学制品制造业
2168,2014,0.389575,电气机械和器材制造业
2169,2014,0.709946,电气机械和器材制造业
2170,2014,0.426538,化学原料和化学制品制造业
2171,2014,0.806499,有色金属冶炼和压延加工业
2172,2014,0.616113,化学纤维制造业
2173,2014,0.564593,其他制造业
2174,2014,-0.027968,家具制造业
2175,2014,1.18914,仪器仪表制造业
2176,2014,0.305054,电气机械和器材制造业
2177,2014,0.281591,专用设备制造业
2178,2014,0.66466,专业技术服务业
2179,2014,0.419771,计算机、通信和其他电子设备制造业
2180,2014,1.90715,电气机械和器材制造业
2181,2014,0.46546,商务服务业
2182,2014,0.548846,有色金属冶炼和压延加工业
2183,2014,1.183003,商务服务业
2184,2014,1.804,电气机械和器材制造业
2185,2014,0.139465,计算机、通信和其他电子设备制造业
2186,2014,0.02182,餐饮业
2187,2014,0.55187,零售业
2188,2014,0.352657,计算机、通信和其他电子设备制造业
2189,2014,1.540347,计算机、通信和其他电子设备制造业
2190,2014,1.114889,专用设备制造业
2191,2014,-0.000461,印刷和记录媒介复制业
2192,2014,0.295574,化学原料和化学制品制造业
2193,2014,0.29155,纺织业
2194,2014,0.250804,计算机、通信和其他电子设备制造业
2195,2014,1.710936,软件和信息技术服务业
2196,2014,0.729632,专用设备制造业
2197,2014,0.334482,通用设备制造业
2198,2014,0.265433,医药制造业
2199,2014,-0.212662,计算机、通信和其他电子设备制造业
2200,2014,0.072816,林业
2201,2014,0.47721,非金属矿物制品业
2202,2014,0.691172,通用设备制造业
2203,2014,0.549667,有色金属冶炼和压延加工业
2204,2014,0.381885,专用设备制造业
2205,2014,0.193409,非金属矿物制品业
2206,2014,0.49863,化学纤维制造业
2207,2014,1.140103,开采辅助活动
2208,2014,0.281989,房地产业
2209,2014,0.355784,专用设备制造业
2210,2014,1.93838,商务服务业
2211,2014,1.199507,化学原料和化学制品制造业
2212,2014,0.55663,电气机械和器材制造业
2213,2014,0.217471,汽车制造业
2214,2014,0.366486,计算机、通信和其他电子设备制造业
2215,2014,0.190992,化学原料和化学制品制造业
2216,2014,-0.134578,食品制造业
2217,2014,1.042,化学原料和化学制品制造业
2218,2014,0.359535,计算机、通信和其他电子设备制造业
2219,2014,0.086469,医药制造业
2220,2014,0.169168,农副食品加工业
2221,2014,0.583728,批发业
2222,2014,0.325611,计算机、通信和其他电子设备制造业
2223,2014,0.097176,专用设备制造业
2224,2014,0.54478,橡胶和塑料制品业
2225,2014,0.298692,非金属矿物制品业
2226,2014,-0.078064,化学原料和化学制品制造业
2227,2014,0.301604,电气机械和器材制造业
2228,2014,1.066994,造纸和纸制品业
2229,2014,0.048347,印刷和记录媒介复制业
2230,2014,-0.04907,软件和信息技术服务业
2231,2014,0.226209,计算机、通信和其他电子设备制造业
2232,2014,0.348098,软件和信息技术服务业
2233,2014,0.62855,非金属矿物制品业
2234,2014,-0.029018,畜牧业
2235,2014,0.486334,造纸和纸制品业
2236,2014,-0.461141,计算机、通信和其他电子设备制造业
2237,2014,0.179767,有色金属冶炼和压延加工业
2238,2014,0.069876,电信、广播电视和卫星传输服务
2239,2014,0.068078,纺织服装、服饰业
2240,2014,0.560279,木材加工和木、竹、藤、棕、草制品业
2241,2014,-0.298251,计算机、通信和其他电子设备制造业
2242,2014,0.179603,电气机械和器材制造业
2243,2014,0.280526,橡胶和塑料制品业
2244,2014,0.161687,房地产业
2245,2014,0.401537,装卸搬运和运输代理业
2246,2014,0.771633,化学原料和化学制品制造业
2247,2014,0.059983,其他制造业
2248,2014,0.126454,通用设备制造业
2249,2014,0.113107,电气机械和器材制造业
2250,2014,0.063759,化学原料和化学制品制造业
2251,2014,0.053,零售业
2252,2014,0.902447,医药制造业
2253,2014,-0.134763,软件和信息技术服务业
2254,2014,0.479948,化学纤维制造业
2255,2014,-0.074143,通用设备制造业
2256,2014,0.238061,化学原料和化学制品制造业
2258,2014,0.061402,化学原料和化学制品制造业
2259,2014,-0.169114,木材加工和木、竹、藤、棕、草制品业
2260,2014,0.707567,电气机械和器材制造业
2261,2014,0.193201,软件和信息技术服务业
2262,2014,0.058739,批发业
2263,2014,0.15541,橡胶和塑料制品业
2264,2014,0.083082,零售业
2265,2014,0.657378,汽车制造业
2266,2014,-0.085205,通用设备制造业
2267,2014,0.070972,燃气生产和供应业
2268,2014,1.18507,软件和信息技术服务业
2269,2014,-0.11591,纺织服装、服饰业
2270,2014,0.42214,通用设备制造业
2271,2014,0.274855,非金属矿物制品业
2272,2014,0.549774,通用设备制造业
2273,2014,0.081244,计算机、通信和其他电子设备制造业
2274,2014,0.409381,化学原料和化学制品制造业
2275,2014,0.245033,医药制造业
2276,2014,0.767313,电气机械和器材制造业
2277,2014,0.103709,零售业
2278,2014,0.006334,专用设备制造业
2279,2014,1.227018,软件和信息技术服务业
2280,2014,1.946161,软件和信息技术服务业
2281,2014,0.007006,计算机、通信和其他电子设备制造业
2282,2014,1.048843,通用设备制造业
2283,2014,0.503636,汽车制造业
2284,2014,0.479307,汽车制造业
2285,2014,0.728836,房地产业
2286,2014,-0.023417,农副食品加工业
2287,2014,0.050499,医药制造业
2288,2014,0.413092,计算机、通信和其他电子设备制造业
2289,2014,0.363362,计算机、通信和其他电子设备制造业
2290,2014,0.078689,电气机械和器材制造业
2291,2014,0.400698,纺织服装、服饰业
2292,2014,-0.093756,文教、工美、体育和娱乐用品制造业
2293,2014,0.10005,纺织业
2294,2014,0.052257,医药制造业
2295,2014,0.551434,有色金属冶炼和压延加工业
2296,2014,0.411808,计算机、通信和其他电子设备制造业
2297,2014,0.219307,非金属矿物制品业
2298,2014,0.246975,电气机械和器材制造业
2299,2014,0.313603,畜牧业
2300,2014,0.456588,电气机械和器材制造业
2301,2014,0.058195,文教、工美、体育和娱乐用品制造业
2302,2014,0.367481,非金属矿物制品业
2303,2014,0.522917,造纸和纸制品业
2304,2014,1.012628,酒、饮料和精制茶制造业
2305,2014,0.00421,房地产业
2306,2014,0.17795,餐饮业
2307,2014,1.785373,土木工程建筑业
2308,2014,0.072761,计算机、通信和其他电子设备制造业
2309,2014,0.133883,电气机械和器材制造业
2310,2014,-0.143696,土木工程建筑业
2311,2014,0.068159,农副食品加工业
2312,2014,0.445261,计算机、通信和其他电子设备制造业
2313,2014,-0.306246,计算机、通信和其他电子设备制造业
2314,2014,0.481559,建筑装饰和其他建筑业
2315,2014,0.249424,互联网和相关服务
2316,2014,-0.016988,软件和信息技术服务业
2317,2014,-0.013113,医药制造业
2318,2014,0.689122,金属制品业
2319,2014,0.369157,化学原料和化学制品制造业
2320,2014,0.187832,水上运输业
2321,2014,0.202853,畜牧业
2322,2014,-0.090426,电气机械和器材制造业
2323,2014,0.576042,专用设备制造业
2324,2014,0.144639,橡胶和塑料制品业
2325,2014,0.138293,建筑装饰和其他建筑业
2326,2014,0.581907,化学原料和化学制品制造业
2327,2014,0.173533,纺织业
2328,2014,-0.169066,金属制品业
2329,2014,1.286464,食品制造业
2330,2014,0.257067,农副食品加工业
2331,2014,0.650173,软件和信息技术服务业
2332,2014,0.162872,医药制造业
2333,2014,0.133026,有色金属冶炼和压延加工业
2334,2014,0.063877,电气机械和器材制造业
2335,2014,0.587949,电气机械和器材制造业
2336,2014,0.164163,零售业
2337,2014,1.464241,专用设备制造业
2338,2014,0.886952,仪器仪表制造业
2339,2014,0.293282,电气机械和器材制造业
2340,2014,0.260488,废弃资源综合利用业
2341,2014,-0.030697,化学原料和化学制品制造业
2342,2014,0.059542,金属制品业
2343,2014,0.722614,橡胶和塑料制品业
2344,2014,-0.225031,商务服务业
2345,2014,0.503962,其他制造业
2346,2014,0.608624,非金属矿物制品业
2347,2014,0.323377,通用设备制造业
2348,2014,0.303836,文教、工美、体育和娱乐用品制造业
2349,2014,0.789671,医药制造业
2350,2014,0.303431,电气机械和器材制造业
2351,2014,0.51885,计算机、通信和其他电子设备制造业
2352,2014,-0.00315,金属制品业
2353,2014,-0.41978,专用设备制造业
2354,2014,2.647136,木材加工和木、竹、藤、棕、草制品业
2355,2014,-0.079588,汽车制造业
2356,2014,0.764052,仪器仪表制造业
2357,2014,0.198895,道路运输业
2358,2014,0.637323,电气机械和器材制造业
2359,2014,-0.009317,金属制品业
2360,2014,0.286149,化学原料和化学制品制造业
2361,2014,0.54355,化学原料和化学制品制造业
2362,2014,0.287365,计算机、通信和其他电子设备制造业
2363,2014,0.630711,汽车制造业
2364,2014,0.320608,电气机械和器材制造业
2365,2014,0.353302,医药制造业
2366,2014,2.084432,通用设备制造业
2367,2014,0.765133,通用设备制造业
2368,2014,0.356706,软件和信息技术服务业
2369,2014,0.084239,计算机、通信和其他电子设备制造业
2370,2014,-0.087098,医药制造业
2371,2014,0.219446,计算机、通信和其他电子设备制造业
2372,2014,0.461576,橡胶和塑料制品业
2373,2014,1.436823,软件和信息技术服务业
2374,2014,0.647096,金属制品业
2375,2014,-0.039643,建筑装饰和其他建筑业
2376,2014,0.010533,计算机、通信和其他电子设备制造业
2377,2014,0.907404,石油加工、炼焦和核燃料加工业
2378,2014,0.256031,有色金属冶炼和压延加工业
2379,2014,0.495182,有色金属冶炼和压延加工业
2380,2014,0.0179,电气机械和器材制造业
2381,2014,0.059236,橡胶和塑料制品业
2382,2014,0.397439,橡胶和塑料制品业
2383,2014,0.328859,计算机、通信和其他电子设备制造业
2384,2014,0.048882,金属制品业
2385,2014,-0.172043,农副食品加工业
2386,2014,0.304193,化学原料和化学制品制造业
2387,2014,0.922944,酒、饮料和精制茶制造业
2388,2014,0.506374,计算机、通信和其他电子设备制造业
2389,2014,0.401967,计算机、通信和其他电子设备制造业
2390,2014,0.467776,医药制造业
2391,2014,0.019017,化学原料和化学制品制造业
2392,2014,0.964116,非金属矿物制品业
2393,2014,-0.170271,医药制造业
2394,2014,0.013476,纺织业
2395,2014,0.307703,橡胶和塑料制品业
2396,2014,0.289291,计算机、通信和其他电子设备制造业
2397,2014,0.357021,纺织业
2398,2014,0.195634,专业技术服务业
2399,2014,0.291657,医药制造业
2400,2014,-0.098909,商务服务业
2401,2014,0.744018,软件和信息技术服务业
2402,2014,0.359135,计算机、通信和其他电子设备制造业
2403,2014,0.290436,金属制品业
2404,2014,0.51154,纺织服装、服饰业
2405,2014,0.59862,软件和信息技术服务业
2406,2014,0.177889,汽车制造业
2407,2014,0.238705,化学原料和化学制品制造业
2408,2014,0.155559,化学原料和化学制品制造业
2409,2014,0.236557,化学原料和化学制品制造业
2410,2014,0.007332,软件和信息技术服务业
2411,2014,0.092108,化学原料和化学制品制造业
2412,2014,-0.169627,医药制造业
2413,2014,1.450121,电气机械和器材制造业
2414,2014,-0.108454,计算机、通信和其他电子设备制造业
2415,2014,-0.01155,计算机、通信和其他电子设备制造业
2416,2014,-0.41911,批发业
2417,2014,0.196816,计算机、通信和其他电子设备制造业
2418,2014,1.005814,通用设备制造业
2419,2014,0.370056,零售业
2420,2014,0.135593,橡胶和塑料制品业
2421,2014,0.687384,软件和信息技术服务业
2422,2014,-0.038448,医药制造业
2423,2014,0.30055,专用设备制造业
2424,2014,0.633422,医药制造业
2425,2014,0.255155,纺织服装、服饰业
2426,2014,0.376381,计算机、通信和其他电子设备制造业
2427,2014,1.006698,化学纤维制造业
2428,2014,0.102009,有色金属冶炼和压延加工业
2429,2014,-0.155556,计算机、通信和其他电子设备制造业
2430,2014,0.192539,专用设备制造业
2431,2014,0.029311,土木工程建筑业
2432,2014,1.082577,专用设备制造业
2433,2014,0.519424,医药制造业
2434,2014,0.698014,汽车制造业
2435,2014,0.184297,专用设备制造业
2436,2014,0.592031,计算机、通信和其他电子设备制造业
2437,2014,0.412924,医药制造业
2438,2014,0.615001,通用设备制造业
2439,2014,0.650664,互联网和相关服务
2440,2014,0.136252,化学原料和化学制品制造业
2441,2014,0.526838,批发业
2442,2014,1.008941,化学原料和化学制品制造业
2443,2014,0.034696,金属制品业
2444,2014,0.391827,金属制品业
2445,2014,0.942517,金属制品业
2446,2014,1.772921,计算机、通信和其他电子设备制造业
2447,2014,0.147446,渔业
2448,2014,0.466727,汽车制造业
2449,2014,0.260018,计算机、通信和其他电子设备制造业
2450,2014,0.197615,橡胶和塑料制品业
2451,2014,0.615052,电气机械和器材制造业
2452,2014,1.02388,电气机械和器材制造业
2453,2014,0.517374,化学原料和化学制品制造业
2454,2014,0.768047,汽车制造业
2455,2014,0.409641,化学原料和化学制品制造业
2456,2014,-0.208115,计算机、通信和其他电子设备制造业
2457,2014,0.26432,非金属矿物制品业
2458,2014,0.440244,畜牧业
2459,2014,0.800285,专用设备制造业
2460,2014,0.291919,有色金属冶炼和压延加工业
2461,2014,0.348358,酒、饮料和精制茶制造业
2462,2014,0.788977,批发业
2463,2014,0.599463,计算机、通信和其他电子设备制造业
2464,2014,0.206786,橡胶和塑料制品业
2465,2014,0.401829,计算机、通信和其他电子设备制造业
2466,2014,0.335207,化学原料和化学制品制造业
2467,2014,0.32095,互联网和相关服务
2468,2014,1.442955,通用设备制造业
2469,2014,0.306988,专业技术服务业
2470,2014,0.272828,化学原料和化学制品制造业
2471,2014,0.156279,电气机械和器材制造业
2472,2014,0.727528,通用设备制造业
2473,2014,0.246804,电气机械和器材制造业
2474,2014,0.916843,软件和信息技术服务业
2475,2014,0.161554,计算机、通信和其他电子设备制造业
2476,2014,-0.13975,化学原料和化学制品制造业
2477,2014,-0.150021,畜牧业
2478,2014,0.122171,金属制品业
2479,2014,0.097945,电力、热力生产和供应业
2480,2014,0.396786,通用设备制造业
2481,2014,0.371243,食品制造业
2482,2014,-0.218097,建筑装饰和其他建筑业
2483,2014,0.131717,通用设备制造业
2484,2014,0.177893,计算机、通信和其他电子设备制造业
2485,2014,0.662866,纺织服装、服饰业
2486,2014,0.106079,纺织服装、服饰业
2487,2014,0.503762,金属制品业
2488,2014,1.461885,汽车制造业
2489,2014,0.399439,家具制造业
2490,2014,-0.182765,专用设备制造业
2491,2014,0.802382,电气机械和器材制造业
2492,2014,0.099743,仓储业
2493,2014,0.473106,化学纤维制造业
2494,2014,-0.03242,皮革、毛皮、羽毛及其制品和制鞋业
2495,2014,1.688493,食品制造业
2496,2014,0.723742,化学原料和化学制品制造业
2497,2014,0.453755,化学原料和化学制品制造业
2498,2014,0.112854,电气机械和器材制造业
2499,2014,-0.002346,专用设备制造业
2500,2014,1.346016,资本市场服务
2501,2014,1.013804,有色金属冶炼和压延加工业
2502,2014,0.66901,文教、工美、体育和娱乐用品制造业
2503,2014,1.404702,纺织服装、服饰业
2504,2014,1.055079,计算机、通信和其他电子设备制造业
2505,2014,0.579485,畜牧业
2506,2014,-0.180258,计算机、通信和其他电子设备制造业
2507,2014,-0.002629,食品制造业
2508,2014,0.046404,电气机械和器材制造业
2509,2014,0.367833,专用设备制造业
2510,2014,0.611529,汽车制造业
2511,2014,0.087958,造纸和纸制品业
2512,2014,0.722128,计算机、通信和其他电子设备制造业
2513,2014,0.088689,化学原料和化学制品制造业
2514,2014,0.178956,金属制品业
2515,2014,0.597798,农副食品加工业
2516,2014,0.591394,纺织业
2517,2014,0.824051,皮革、毛皮、羽毛及其制品和制鞋业
2518,2014,0.190879,电气机械和器材制造业
2519,2014,0.418016,计算机、通信和其他电子设备制造业
2520,2014,0.614646,通用设备制造业
2521,2014,0.37839,造纸和纸制品业
2522,2014,2.158438,橡胶和塑料制品业
2523,2014,0.333948,通用设备制造业
2524,2014,-0.004747,建筑装饰和其他建筑业
2526,2014,0.373428,专用设备制造业
2527,2014,0.503537,电气机械和器材制造业
2528,2014,-0.070656,计算机、通信和其他电子设备制造业
2529,2014,0.317046,通用设备制造业
2530,2014,0.325235,通用设备制造业
2531,2014,0.597924,电气机械和器材制造业
2532,2014,-0.098338,通用设备制造业
2533,2014,0.661157,电气机械和器材制造业
2534,2014,0.575198,通用设备制造业
2535,2014,0.173759,专用设备制造业
2536,2014,0.220448,汽车制造业
2537,2014,0.115743,通用设备制造业
2538,2014,0.591431,化学原料和化学制品制造业
2539,2014,1.049125,化学原料和化学制品制造业
2540,2014,0.817123,有色金属冶炼和压延加工业
2541,2014,0.175803,金属制品业
2542,2014,0.963171,土木工程建筑业
2543,2014,-0.00475,电气机械和器材制造业
2544,2014,2.775168,软件和信息技术服务业
2545,2014,-0.08189,金属制品业
2546,2014,0.214526,电气机械和器材制造业
2547,2014,0.56381,金属制品业
2548,2014,0.627844,农副食品加工业
2549,2014,0.406855,生态保护和环境治理业
2550,2014,0.167968,医药制造业
2551,2014,-0.118637,专用设备制造业
2552,2014,0.84431,通用设备制造业
2553,2014,-0.083347,通用设备制造业
2554,2014,-0.152192,开采辅助活动
2555,2014,0.57107,汽车制造业
2556,2014,0.284461,零售业
2557,2014,-0.193519,农副食品加工业
2558,2014,0.265275,公共设施管理业
2559,2014,0.092339,通用设备制造业
2560,2014,-0.061014,电气机械和器材制造业
2561,2014,0.201384,零售业
2562,2014,0.170964,化学原料和化学制品制造业
2563,2014,0.27714,纺织服装、服饰业
2564,2014,0.167845,专用设备制造业
2565,2014,-0.18228,造纸和纸制品业
2566,2014,-0.232637,医药制造业
2567,2014,-0.079344,农副食品加工业
2568,2014,1.78899,化学原料和化学制品制造业
2569,2014,0.722814,纺织服装、服饰业
2570,2014,-0.131237,食品制造业
2571,2014,-0.077286,非金属矿物制品业
2572,2014,-0.008713,家具制造业
2573,2014,0.259204,生态保护和环境治理业
2574,2014,0.152223,其他制造业
2575,2014,0.182705,文教、工美、体育和娱乐用品制造业
2576,2014,1.495244,电气机械和器材制造业
2577,2014,0.64755,计算机、通信和其他电子设备制造业
2578,2014,0.624565,有色金属冶炼和压延加工业
2579,2014,0.769914,计算机、通信和其他电子设备制造业
2580,2014,0.266862,电气机械和器材制造业
2581,2014,1.408047,化学原料和化学制品制造业
2582,2014,-0.18075,农副食品加工业
2583,2014,0.068758,计算机、通信和其他电子设备制造业
2584,2014,0.537563,化学原料和化学制品制造业
2585,2014,0.115749,橡胶和塑料制品业
2586,2014,-0.034796,土木工程建筑业
2587,2014,0.444239,计算机、通信和其他电子设备制造业
2588,2014,0.397425,化学原料和化学制品制造业
2589,2014,0.278905,批发业
2590,2014,0.564746,汽车制造业
2591,2014,0.408405,化学原料和化学制品制造业
2592,2014,0.744309,汽车制造业
2593,2014,0.719707,汽车制造业
2594,2014,0.013462,汽车制造业
2595,2014,0.271929,专用设备制造业
2596,2014,0.117917,非金属矿物制品业
2597,2014,0.353266,化学原料和化学制品制造业
2598,2014,0.310689,通用设备制造业
2599,2014,0.229969,印刷和记录媒介复制业
2600,2014,0.231302,计算机、通信和其他电子设备制造业
2601,2014,0.211197,化学原料和化学制品制造业
2602,2014,2.641096,汽车制造业
2603,2014,-0.107954,医药制造业
2604,2014,-0.106394,农副食品加工业
2605,2014,0.811429,文教、工美、体育和娱乐用品制造业
2606,2014,0.268395,电气机械和器材制造业
2607,2014,0.386316,零售业
2608,2014,0.108457,铁路、船舶、航空航天和其他运输设备制造业
2609,2014,0.902678,软件和信息技术服务业
2610,2014,0.732848,其他制造业
2611,2014,1.657758,专用设备制造业
2612,2014,-0.139724,纺织服装、服饰业
2613,2014,0.6717,专用设备制造业
2614,2014,-0.151996,专用设备制造业
2615,2014,0.228879,金属制品业
2616,2014,0.345745,电气机械和器材制造业
2617,2014,0.919296,电气机械和器材制造业
2618,2014,-0.293775,计算机、通信和其他电子设备制造业
2619,2014,0.569255,非金属矿物制品业
2620,2014,-0.015994,建筑装饰和其他建筑业
2621,2014,0.348283,专用设备制造业
2622,2014,1.140769,电气机械和器材制造业
2623,2014,0.16071,非金属矿物制品业
2624,2014,1.419698,非金属矿物制品业
2625,2014,0.615154,汽车制造业
2626,2014,1.511189,食品制造业
2627,2014,0.340222,道路运输业
2628,2014,0.128078,土木工程建筑业
2629,2014,0.023484,开采辅助活动
2630,2014,0.185469,通用设备制造业
2631,2014,0.378755,木材加工和木、竹、藤、棕、草制品业
2632,2014,0.323021,化学原料和化学制品制造业
2633,2014,1.339474,通用设备制造业
2634,2014,0.391036,纺织服装、服饰业
2635,2014,-0.241899,计算机、通信和其他电子设备制造业
2636,2014,0.441042,计算机、通信和其他电子设备制造业
2637,2014,0.065567,化学原料和化学制品制造业
2638,2014,0.062758,电气机械和器材制造业
2639,2014,0.378518,通用设备制造业
2640,2014,0.887082,零售业
2641,2014,0.020974,橡胶和塑料制品业
2642,2014,0.612233,软件和信息技术服务业
2643,2014,0.185681,化学原料和化学制品制造业
2644,2014,0.298088,医药制造业
2645,2014,0.608724,专用设备制造业
2646,2014,0.093668,酒、饮料和精制茶制造业
2647,2014,0.213656,电气机械和器材制造业
2648,2014,-0.153012,化学原料和化学制品制造业
2649,2014,0.082526,软件和信息技术服务业
2650,2014,0.285649,食品制造业
2651,2014,0.533532,专用设备制造业
2652,2014,0.517485,金属制品业
2653,2014,-0.120659,医药制造业
2654,2014,0.200394,计算机、通信和其他电子设备制造业
2655,2014,0.219843,计算机、通信和其他电子设备制造业
2656,2014,0.058974,纺织服装、服饰业
2657,2014,1.622944,软件和信息技术服务业
2658,2014,0.21893,仪器仪表制造业
2659,2014,1.02434,土木工程建筑业
2660,2014,0.23581,计算机、通信和其他电子设备制造业
2661,2014,-0.022836,食品制造业
2662,2014,0.702428,汽车制造业
2663,2014,-0.143167,土木工程建筑业
2664,2014,0.052914,汽车制造业
2665,2014,0.467873,电气机械和器材制造业
2666,2014,0.347721,化学原料和化学制品制造业
2667,2014,0.392526,专用设备制造业
2668,2014,-0.079016,电气机械和器材制造业
2669,2014,0.710716,化学原料和化学制品制造业
2670,2014,0.170899,电气机械和器材制造业
2671,2014,0.067123,非金属矿物制品业
2672,2014,0.513692,生态保护和环境治理业
2673,2014,1.853342,资本市场服务
2674,2014,-0.019743,皮革、毛皮、羽毛及其制品和制鞋业
2675,2014,0.412002,医药制造业
2676,2014,0.330954,橡胶和塑料制品业
2677,2014,0.81591,电气机械和器材制造业
2678,2014,0.884803,文教、工美、体育和娱乐用品制造业
2679,2014,0.052526,林业
2680,2014,0.156265,专用设备制造业
2681,2014,0.126976,计算机、通信和其他电子设备制造业
2682,2014,0.130586,道路运输业
2683,2014,-0.204265,开采辅助活动
2684,2014,1.13436,电气机械和器材制造业
2685,2014,0.59615,通用设备制造业
2686,2014,0.504189,通用设备制造业
2687,2014,0.376409,纺织服装、服饰业
2688,2014,0.060143,医药制造业
2689,2014,0.649037,通用设备制造业
2690,2014,0.162758,专用设备制造业
2691,2014,0.508283,专用设备制造业
2692,2014,0.313872,电气机械和器材制造业
2693,2014,0.317911,医药制造业
2694,2014,0.307878,橡胶和塑料制品业
2695,2014,-0.018584,农副食品加工业
2696,2014,0.060587,渔业
2697,2014,0.631538,零售业
2698,2014,-0.166836,专用设备制造业
2699,2014,0.848251,文化艺术业
2700,2014,0.24918,燃气生产和供应业
2701,2014,0.093497,金属制品业
2702,2014,0.332866,农副食品加工业
2703,2014,0.317021,汽车制造业
2705,2014,NA,电气机械和器材制造业
2706,2014,NA,电气机械和器材制造业
2707,2014,NA,商务服务业
2708,2014,NA,汽车制造业
2709,2014,NA,化学原料和化学制品制造业
2711,2014,NA,仓储业
2712,2014,NA,商务服务业
2713,2014,NA,建筑装饰和其他建筑业
2714,2014,NA,畜牧业
2715,2014,NA,汽车制造业
2716,2014,NA,有色金属冶炼和压延加工业
2717,2014,NA,土木工程建筑业
2718,2014,NA,其他制造业
2719,2014,NA,食品制造业
2721,2014,NA,其他制造业
2722,2014,NA,专用设备制造业
2723,2014,NA,电气机械和器材制造业
2725,2014,NA,汽车制造业
300001,2014,0.63486,电气机械和器材制造业
300002,2014,0.135728,软件和信息技术服务业
300003,2014,0.430461,专用设备制造业
300004,2014,0.13086,通用设备制造业
300005,2014,0.423044,纺织服装、服饰业
300006,2014,0.034068,医药制造业
300007,2014,0.865108,仪器仪表制造业
300008,2014,0.167285,专业技术服务业
300009,2014,0.339996,医药制造业
300010,2014,0.768172,软件和信息技术服务业
300011,2014,1.041864,铁路、船舶、航空航天和其他运输设备制造业
300012,2014,-0.069576,专业技术服务业
300013,2014,0.246465,仓储业
300014,2014,-0.206857,电气机械和器材制造业
300015,2014,0.328285,卫生
300016,2014,0.824556,医药制造业
300017,2014,0.139705,软件和信息技术服务业
300018,2014,0.822443,电气机械和器材制造业
300019,2014,0.323823,化学原料和化学制品制造业
300020,2014,0.104436,软件和信息技术服务业
300021,2014,0.18233,橡胶和塑料制品业
300022,2014,0.343391,零售业
300023,2014,0.444444,专用设备制造业
300024,2014,0.784165,通用设备制造业
300025,2014,0.537287,软件和信息技术服务业
300026,2014,-0.029951,医药制造业
300027,2014,-0.047644,广播、电视、电影和影视录音制作业
300028,2014,0.873016,计算机、通信和其他电子设备制造业
300029,2014,-0.018271,专用设备制造业
300030,2014,0.360295,专用设备制造业
300031,2014,0.374189,橡胶和塑料制品业
300032,2014,0.101846,电气机械和器材制造业
300033,2014,2.828962,软件和信息技术服务业
300034,2014,0.724045,有色金属冶炼和压延加工业
300035,2014,-0.014234,专用设备制造业
300036,2014,0.512528,软件和信息技术服务业
300037,2014,0.562816,化学原料和化学制品制造业
300038,2014,0.177041,计算机、通信和其他电子设备制造业
300039,2014,0.059615,医药制造业
300040,2014,0.268823,电气机械和器材制造业
300041,2014,0.260719,化学原料和化学制品制造业
300042,2014,0.160535,计算机、通信和其他电子设备制造业
300043,2014,0.477774,文教、工美、体育和娱乐用品制造业
300044,2014,0.44232,软件和信息技术服务业
300045,2014,-0.318134,专用设备制造业
300046,2014,0.160707,计算机、通信和其他电子设备制造业
300047,2014,0.181769,软件和信息技术服务业
300048,2014,0.623431,电气机械和器材制造业
300049,2014,0.365546,医药制造业
300050,2014,0.265442,软件和信息技术服务业
300051,2014,0.167653,软件和信息技术服务业
300052,2014,-0.177786,软件和信息技术服务业
300053,2014,0.667418,计算机、通信和其他电子设备制造业
300054,2014,0.003319,化学原料和化学制品制造业
300055,2014,0.146761,土木工程建筑业
300056,2014,0.417954,专用设备制造业
300057,2014,-0.182721,有色金属冶炼和压延加工业
300058,2014,-0.181531,商务服务业
300059,2014,2.3188,互联网和相关服务
300061,2014,0.306385,其他制造业
300062,2014,0.163601,电气机械和器材制造业
300063,2014,2.126905,化学原料和化学制品制造业
300064,2014,0.271575,非金属矿物制品业
300065,2014,1.395194,计算机、通信和其他电子设备制造业
300066,2014,0.362954,仪器仪表制造业
300067,2014,0.837281,化学原料和化学制品制造业
300068,2014,0.288451,电气机械和器材制造业
300069,2014,0.385905,电气机械和器材制造业
300070,2014,0.020729,生态保护和环境治理业
300071,2014,0.132809,商务服务业
300072,2014,0.432183,化学原料和化学制品制造业
300073,2014,0.592713,非金属矿物制品业
300074,2014,-0.15267,软件和信息技术服务业
300075,2014,0.017998,软件和信息技术服务业
300076,2014,0.02717,计算机、通信和其他电子设备制造业
300077,2014,0.072116,计算机、通信和其他电子设备制造业
300078,2014,-0.162339,计算机、通信和其他电子设备制造业
300079,2014,0.261594,计算机、通信和其他电子设备制造业
300080,2014,0.093911,非金属矿物制品业
300081,2014,1.19019,零售业
300082,2014,0.085394,化学原料和化学制品制造业
300083,2014,0.117674,计算机、通信和其他电子设备制造业
300084,2014,0.833925,开采辅助活动
300085,2014,1.604551,软件和信息技术服务业
300086,2014,0.452832,医药制造业
300087,2014,0.293872,农业
300088,2014,0.038959,计算机、通信和其他电子设备制造业
300089,2014,0.188525,非金属矿物制品业
300090,2014,-0.291727,通用设备制造业
300091,2014,0.859602,通用设备制造业
300092,2014,0.611983,专用设备制造业
300093,2014,0.485986,非金属矿物制品业
300094,2014,0.254546,渔业
300095,2014,0.494652,专用设备制造业
300096,2014,-0.027474,软件和信息技术服务业
300097,2014,0.077202,专用设备制造业
300098,2014,0.595263,计算机、通信和其他电子设备制造业
300099,2014,-0.086514,专用设备制造业
300100,2014,0.443124,汽车制造业
300101,2014,0.111729,计算机、通信和其他电子设备制造业
300102,2014,0.076699,计算机、通信和其他电子设备制造业
300103,2014,0.385264,专用设备制造业
300104,2014,-0.20429,互联网和相关服务
300105,2014,0.109905,通用设备制造业
300106,2014,-0.038145,畜牧业
300107,2014,0.188247,化学原料和化学制品制造业
300108,2014,0.883627,化学原料和化学制品制造业
300109,2014,1.282077,化学原料和化学制品制造业
300110,2014,0.247463,医药制造业
300111,2014,0.223757,计算机、通信和其他电子设备制造业
300112,2014,0.074736,仪器仪表制造业
300113,2014,-0.130721,互联网和相关服务
300114,2014,0.95117,计算机、通信和其他电子设备制造业
300115,2014,-0.036998,计算机、通信和其他电子设备制造业
300116,2014,0.785038,其他制造业
300117,2014,0.275032,建筑装饰和其他建筑业
300118,2014,0.221003,计算机、通信和其他电子设备制造业
300119,2014,-0.245162,医药制造业
300120,2014,0.291804,电气机械和器材制造业
300121,2014,0.276524,化学原料和化学制品制造业
300122,2014,-0.166623,医药制造业
300123,2014,0.314086,铁路、船舶、航空航天和其他运输设备制造业
300124,2014,0.013258,电气机械和器材制造业
300125,2014,0.306681,专业技术服务业
300126,2014,1.021895,通用设备制造业
300127,2014,0.360395,计算机、通信和其他电子设备制造业
300128,2014,-0.002199,计算机、通信和其他电子设备制造业
300129,2014,0.335907,电气机械和器材制造业
300130,2014,0.588278,专用设备制造业
300131,2014,2.187901,计算机、通信和其他电子设备制造业
300132,2014,0.285458,化学原料和化学制品制造业
300133,2014,-0.212779,广播、电视、电影和影视录音制作业
300134,2014,2.313722,计算机、通信和其他电子设备制造业
300135,2014,0.015914,化学原料和化学制品制造业
300136,2014,0.984126,计算机、通信和其他电子设备制造业
300137,2014,0.347008,仪器仪表制造业
300138,2014,0.229142,农副食品加工业
300139,2014,0.651005,计算机、通信和其他电子设备制造业
300140,2014,-0.016442,电气机械和器材制造业
300141,2014,0.368957,电气机械和器材制造业
300142,2014,0.347503,医药制造业
300143,2014,0.302041,农业
300144,2014,0.572681,公共设施管理业
300145,2014,0.04101,通用设备制造业
300146,2014,-0.275584,食品制造业
300147,2014,0.172325,医药制造业
300148,2014,0.059365,新闻和出版业
300149,2014,-0.386934,食品制造业
300150,2014,0.749127,软件和信息技术服务业
300151,2014,0.816354,专用设备制造业
300152,2014,0.061588,通用设备制造业
300153,2014,0.490913,电气机械和器材制造业
300154,2014,0.200534,通用设备制造业
300155,2014,0.81168,计算机、通信和其他电子设备制造业
300156,2014,0.946264,专用设备制造业
300157,2014,-0.353159,开采辅助活动
300158,2014,-0.03271,医药制造业
300159,2014,0.948987,专用设备制造业
300160,2014,0.893799,非金属矿物制品业
300161,2014,0.054285,通用设备制造业
300162,2014,2.919506,计算机、通信和其他电子设备制造业
300163,2014,0.15196,其他制造业
300164,2014,-0.124681,石油和天然气开采业
300165,2014,0.032922,仪器仪表制造业
300166,2014,0.97509,软件和信息技术服务业
300167,2014,0.176035,软件和信息技术服务业
300168,2014,2.311434,软件和信息技术服务业
300169,2014,0.297638,橡胶和塑料制品业
300170,2014,0.734196,软件和信息技术服务业
300171,2014,0.019506,专用设备制造业
300172,2014,0.353241,生态保护和环境治理业
300173,2014,1.160124,专用设备制造业
300174,2014,0.149606,化学原料和化学制品制造业
300175,2014,0.58244,农副食品加工业
300176,2014,0.295991,汽车制造业
300177,2014,0.024679,计算机、通信和其他电子设备制造业
300178,2014,0.780541,商务服务业
300179,2014,0.364641,非金属矿物制品业
300180,2014,0.452616,橡胶和塑料制品业
300181,2014,0.058312,医药制造业
300182,2014,-0.094722,软件和信息技术服务业
300183,2014,0.741101,软件和信息技术服务业
300184,2014,0.394964,批发业
300185,2014,0.217573,通用设备制造业
300186,2014,-0.080523,医药制造业
300187,2014,0.058096,生态保护和环境治理业
300188,2014,0.523913,软件和信息技术服务业
300189,2014,-0.083072,农业
300190,2014,0.157899,生态保护和环境治理业
300191,2014,-0.4374,开采辅助活动
300192,2014,0.755853,化学原料和化学制品制造业
300193,2014,0.042353,通用设备制造业
300194,2014,0.495304,医药制造业
300195,2014,-0.080106,专用设备制造业
300196,2014,0.382502,非金属矿物制品业
300197,2014,-0.142258,土木工程建筑业
300198,2014,-0.041227,橡胶和塑料制品业
300199,2014,0.273585,医药制造业
300200,2014,0.449123,化学原料和化学制品制造业
300201,2014,0.221621,专用设备制造业
300202,2014,0.440617,专用设备制造业
300203,2014,0.179142,仪器仪表制造业
300204,2014,-0.032909,医药制造业
300205,2014,-0.183286,计算机、通信和其他电子设备制造业
300206,2014,0.162075,专用设备制造业
300207,2014,0.173728,电气机械和器材制造业
300208,2014,1.385714,电气机械和器材制造业
300209,2014,0.362108,软件和信息技术服务业
300210,2014,0.183503,专用设备制造业
300211,2014,0.123064,计算机、通信和其他电子设备制造业
300212,2014,0.174106,软件和信息技术服务业
300213,2014,1.706665,计算机、通信和其他电子设备制造业
300214,2014,0.191675,化学原料和化学制品制造业
300215,2014,-0.322218,专业技术服务业
300216,2014,2.115559,专用设备制造业
300217,2014,0.106107,电气机械和器材制造业
300218,2014,-0.131912,橡胶和塑料制品业
300219,2014,0.271613,计算机、通信和其他电子设备制造业
300220,2014,1.141741,计算机、通信和其他电子设备制造业
300221,2014,1.166801,橡胶和塑料制品业
300222,2014,0.915832,电气机械和器材制造业
300223,2014,-0.161354,计算机、通信和其他电子设备制造业
300224,2014,0.639587,非金属矿物制品业
300225,2014,0.382683,化学原料和化学制品制造业
300226,2014,1.12352,互联网和相关服务
300227,2014,0.225115,计算机、通信和其他电子设备制造业
300228,2014,-0.380434,专用设备制造业
300229,2014,0.114945,软件和信息技术服务业
300230,2014,0.231187,橡胶和塑料制品业
300231,2014,0.746705,软件和信息技术服务业
300232,2014,0.36267,计算机、通信和其他电子设备制造业
300233,2014,0.8045,医药制造业
300234,2014,0.207828,非金属矿物制品业
300235,2014,0.527678,软件和信息技术服务业
300236,2014,-0.263447,化学原料和化学制品制造业
300237,2014,0.462961,汽车制造业
300238,2014,0.589597,专用设备制造业
300239,2014,-0.029849,医药制造业
300240,2014,0.207247,仓储业
300241,2014,-0.045781,计算机、通信和其他电子设备制造业
300242,2014,1.151709,电气机械和器材制造业
300243,2014,0.518,化学原料和化学制品制造业
300244,2014,0.276488,卫生
300245,2014,0.586699,软件和信息技术服务业
300246,2014,0.16611,专用设备制造业
300247,2014,0.467608,电气机械和器材制造业
300248,2014,2.670564,软件和信息技术服务业
300249,2014,0.269841,专用设备制造业
300250,2014,1.061332,计算机、通信和其他电子设备制造业
300251,2014,0.295417,广播、电视、电影和影视录音制作业
300252,2014,1.412798,电气机械和器材制造业
300253,2014,0.93064,软件和信息技术服务业
300254,2014,0.898023,医药制造业
300255,2014,0.333459,医药制造业
300256,2014,0.120937,计算机、通信和其他电子设备制造业
300257,2014,-0.076518,通用设备制造业
300258,2014,0.360113,汽车制造业
300259,2014,0.055071,仪器仪表制造业
300260,2014,0.06554,通用设备制造业
300261,2014,0.390294,化学原料和化学制品制造业
300262,2014,0.391584,生态保护和环境治理业
300263,2014,0.25813,通用设备制造业
300264,2014,0.353519,软件和信息技术服务业
300265,2014,1.018539,电气机械和器材制造业
300266,2014,2.117465,通用设备制造业
300267,2014,1.036734,医药制造业
300268,2014,0.771682,农副食品加工业
300269,2014,0.643989,计算机、通信和其他电子设备制造业
300270,2014,0.203115,计算机、通信和其他电子设备制造业
300271,2014,0.341453,软件和信息技术服务业
300272,2014,0.839925,电气机械和器材制造业
300273,2014,0.165106,专用设备制造业
300274,2014,0.00986,电气机械和器材制造业
300275,2014,0.036063,软件和信息技术服务业
300276,2014,0.566927,专用设备制造业
300277,2014,0.091044,软件和信息技术服务业
300278,2014,1.235783,专用设备制造业
300279,2014,0.891148,电气机械和器材制造业
300280,2014,0.534555,通用设备制造业
300281,2014,0.49235,专用设备制造业
300282,2014,0.432624,计算机、通信和其他电子设备制造业
300283,2014,0.636201,电气机械和器材制造业
300284,2014,0.118205,专业技术服务业
300285,2014,-0.075258,化学原料和化学制品制造业
300286,2014,-0.110912,仪器仪表制造业
300287,2014,0.509305,软件和信息技术服务业
300288,2014,2.765182,电信、广播电视和卫星传输服务
300289,2014,-0.182632,医药制造业
300290,2014,0.462152,软件和信息技术服务业
300291,2014,0.740501,广播、电视、电影和影视录音制作业
300292,2014,0.700627,计算机、通信和其他电子设备制造业
300293,2014,0.368068,专用设备制造业
300294,2014,0.259095,医药制造业
300295,2014,0.489726,互联网和相关服务
300296,2014,1.634388,计算机、通信和其他电子设备制造业
300297,2014,0.147295,软件和信息技术服务业
300298,2014,-0.308438,专用设备制造业
300299,2014,0.106298,软件和信息技术服务业
300300,2014,0.141436,软件和信息技术服务业
300301,2014,0.297986,计算机、通信和其他电子设备制造业
300302,2014,0.166898,软件和信息技术服务业
300303,2014,0.119966,计算机、通信和其他电子设备制造业
300304,2014,-0.217732,汽车制造业
300305,2014,0.250568,橡胶和塑料制品业
300306,2014,0.158421,仪器仪表制造业
300307,2014,-0.189304,专用设备制造业
300308,2014,0.378383,专用设备制造业
300309,2014,-0.012268,仪器仪表制造业
300310,2014,0.355562,电信、广播电视和卫星传输服务
300311,2014,0.195088,软件和信息技术服务业
300312,2014,0.374072,软件和信息技术服务业
300313,2014,0.2954,畜牧业
300314,2014,0.038286,专用设备制造业
300315,2014,-0.115175,软件和信息技术服务业
300316,2014,1.003395,专用设备制造业
300317,2014,1.010308,电气机械和器材制造业
300318,2014,0.256597,专用设备制造业
300319,2014,-0.000314,计算机、通信和其他电子设备制造业
300320,2014,0.567863,橡胶和塑料制品业
300321,2014,0.484217,橡胶和塑料制品业
300322,2014,0.262629,计算机、通信和其他电子设备制造业
300323,2014,0.205286,计算机、通信和其他电子设备制造业
300324,2014,2.879526,软件和信息技术服务业
300325,2014,0.514032,橡胶和塑料制品业
300326,2014,-0.182468,专用设备制造业
300327,2014,-0.22586,计算机、通信和其他电子设备制造业
300328,2014,0.642701,金属制品业
300329,2014,0.66158,文教、工美、体育和娱乐用品制造业
300330,2014,0.195253,软件和信息技术服务业
300331,2014,0.020176,计算机、通信和其他电子设备制造业
300332,2014,-0.062586,专业技术服务业
300333,2014,0.444685,软件和信息技术服务业
300334,2014,0.013488,专用设备制造业
300335,2014,0.065944,电力、热力生产和供应业
300336,2014,0.030976,广播、电视、电影和影视录音制作业
300337,2014,0.128867,有色金属冶炼和压延加工业
300338,2014,0.25675,仪器仪表制造业
300339,2014,0.415664,软件和信息技术服务业
300340,2014,0.182562,计算机、通信和其他电子设备制造业
300341,2014,0.47483,电气机械和器材制造业
300342,2014,-0.126109,电气机械和器材制造业
300343,2014,-0.223667,化学原料和化学制品制造业
300344,2014,0.100885,非金属矿物制品业
300345,2014,0.265513,金属制品业
300346,2014,-0.169425,计算机、通信和其他电子设备制造业
300347,2014,-0.043926,研究和试验发展
300348,2014,1.6386,软件和信息技术服务业
300349,2014,0.024909,仪器仪表制造业
300350,2014,-0.040467,仓储业
300351,2014,1.118884,计算机、通信和其他电子设备制造业
300352,2014,0.76864,软件和信息技术服务业
300353,2014,0.429356,计算机、通信和其他电子设备制造业
300354,2014,0.617217,仪器仪表制造业
300355,2014,0.153973,土木工程建筑业
300356,2014,0.550096,电气机械和器材制造业
300357,2014,NA,医药制造业
300358,2014,NA,专用设备制造业
300359,2014,NA,软件和信息技术服务业
300360,2014,NA,仪器仪表制造业
300362,2014,NA,通用设备制造业
300363,2014,NA,医药制造业
300365,2014,NA,软件和信息技术服务业
300366,2014,NA,软件和信息技术服务业
300367,2014,NA,计算机、通信和其他电子设备制造业
300368,2014,NA,专用设备制造业
300369,2014,NA,软件和信息技术服务业
300370,2014,NA,仪器仪表制造业
300371,2014,NA,仪器仪表制造业
300372,2014,NA,电气机械和器材制造业
300373,2014,NA,电气机械和器材制造业
300375,2014,NA,橡胶和塑料制品业
300376,2014,NA,电气机械和器材制造业
300377,2014,NA,软件和信息技术服务业
300378,2014,NA,软件和信息技术服务业
300379,2014,NA,软件和信息技术服务业
300380,2014,NA,软件和信息技术服务业
300381,2014,NA,食品制造业
300382,2014,NA,专用设备制造业
300383,2014,NA,互联网和相关服务
600000,2014,0.785312,货币金融服务
600004,2014,0.655083,航空运输业
600005,2014,0.643385,黑色金属冶炼和压延加工业
600006,2014,1.050031,汽车制造业
600007,2014,0.466772,房地产业
600008,2014,0.788912,水的生产和供应业
600009,2014,0.399534,航空运输业
600010,2014,0.902453,黑色金属冶炼和压延加工业
600011,2014,0.858997,电力、热力生产和供应业
600012,2014,0.651081,道路运输业
600015,2014,0.660021,货币金融服务
600016,2014,0.713741,货币金融服务
600017,2014,0.858658,水上运输业
600018,2014,0.249848,水上运输业
600019,2014,0.755738,黑色金属冶炼和压延加工业
600020,2014,0.875833,道路运输业
600021,2014,0.756692,电力、热力生产和供应业
600022,2014,0.868264,黑色金属冶炼和压延加工业
600023,2014,0.425061,电力、热力生产和供应业
600026,2014,0.868584,水上运输业
600027,2014,1.49057,电力、热力生产和供应业
600028,2014,0.517012,石油和天然气开采业
600029,2014,0.906625,航空运输业
600030,2014,1.688765,资本市场服务
600031,2014,0.587416,专用设备制造业
600033,2014,0.86475,道路运输业
600035,2014,0.984021,道路运输业
600036,2014,0.620889,货币金融服务
600037,2014,0.878101,电信、广播电视和卫星传输服务
600038,2014,0.374443,铁路、船舶、航空航天和其他运输设备制造业
600039,2014,0.824811,土木工程建筑业
600048,2014,1.04661,房地产业
600050,2014,0.568116,电信、广播电视和卫星传输服务
600051,2014,0.293469,批发业
600052,2014,0.882483,房地产业
600053,2014,0.37654,房地产业
600054,2014,0.515066,公共设施管理业
600055,2014,0.850026,专用设备制造业
600056,2014,0.526238,医药制造业
600057,2014,0.497797,商务服务业
600058,2014,0.300647,批发业
600059,2014,-0.003631,酒、饮料和精制茶制造业
600060,2014,0.027059,计算机、通信和其他电子设备制造业
600061,2014,2.74026,纺织业
600062,2014,-0.075687,医药制造业
600063,2014,1.275281,化学纤维制造业
600064,2014,0.67219,房地产业
600066,2014,0.313224,汽车制造业
600067,2014,0.251932,房地产业
600068,2014,1.422282,土木工程建筑业
600069,2014,0.154035,造纸和纸制品业
600070,2014,0.50605,纺织业
600071,2014,1.141653,仪器仪表制造业
600072,2014,-0.094031,铁路、船舶、航空航天和其他运输设备制造业
600073,2014,0.076534,食品制造业
600074,2014,0.908128,橡胶和塑料制品业
600075,2014,0.014019,化学原料和化学制品制造业
600076,2014,0.135776,计算机、通信和其他电子设备制造业
600077,2014,0.312695,房地产业
600078,2014,0.178931,化学原料和化学制品制造业
600079,2014,-0.091744,医药制造业
600080,2014,0.145709,医药制造业
600081,2014,0.606728,汽车制造业
600082,2014,0.410678,综合
600083,2014,0.511396,计算机、通信和其他电子设备制造业
600084,2014,0.505076,酒、饮料和精制茶制造业
600085,2014,0.059089,医药制造业
600086,2014,0.47069,其他制造业
600087,2014,-0.490798,水上运输业
600088,2014,0.144849,广播、电视、电影和影视录音制作业
600089,2014,0.24567,电气机械和器材制造业
600090,2014,0.173161,酒、饮料和精制茶制造业
600091,2014,0.493616,化学原料和化学制品制造业
600093,2014,0.475382,汽车制造业
600094,2014,0.582178,房地产业
600095,2014,0.314098,农副食品加工业
600096,2014,0.373272,化学原料和化学制品制造业
600097,2014,0.14394,渔业
600098,2014,0.67967,电力、热力生产和供应业
600099,2014,0.559728,铁路、船舶、航空航天和其他运输设备制造业
600100,2014,0.161861,计算机、通信和其他电子设备制造业
600101,2014,0.090518,电力、热力生产和供应业
600103,2014,0.584416,造纸和纸制品业
600104,2014,0.631139,汽车制造业
600105,2014,0.43194,电气机械和器材制造业
600106,2014,0.601864,道路运输业
600107,2014,0.308177,纺织服装、服饰业
600108,2014,0.167234,农业
600109,2014,1.342675,资本市场服务
600110,2014,0.036125,电气机械和器材制造业
600111,2014,0.174076,有色金属冶炼和压延加工业
600112,2014,-0.124482,电气机械和器材制造业
600113,2014,0.457312,批发业
600114,2014,0.356208,金属制品业
600115,2014,0.870034,航空运输业
600116,2014,0.418973,电力、热力生产和供应业
600117,2014,0.394521,黑色金属冶炼和压延加工业
600118,2014,0.54428,计算机、通信和其他电子设备制造业
600119,2014,-0.189785,道路运输业
600120,2014,0.543465,批发业
600121,2014,0.130953,煤炭开采和洗选业
600122,2014,0.793871,零售业
600123,2014,-0.002128,煤炭开采和洗选业
600125,2014,0.557118,铁路运输业
600126,2014,0.579678,黑色金属冶炼和压延加工业
600127,2014,0.280514,农副食品加工业
600128,2014,0.462506,批发业
600129,2014,0.972125,医药制造业
600130,2014,0.367404,计算机、通信和其他电子设备制造业
600131,2014,0.626535,电力、热力生产和供应业
600132,2014,0.01185,酒、饮料和精制茶制造业
600133,2014,0.480496,土木工程建筑业
600135,2014,0.36312,化学原料和化学制品制造业
600136,2014,0.344402,批发业
600137,2014,0.590244,纺织服装、服饰业
600138,2014,0.409659,商务服务业
600139,2014,0.649051,有色金属矿采选业
600141,2014,0.23369,化学原料和化学制品制造业
600143,2014,0.268095,橡胶和塑料制品业
600145,2014,0.192709,非金属矿物制品业
600146,2014,0.748148,化学原料和化学制品制造业
600148,2014,1.017894,汽车制造业
600149,2014,1.641711,综合
600150,2014,0.524417,铁路、船舶、航空航天和其他运输设备制造业
600151,2014,0.101725,计算机、通信和其他电子设备制造业
600152,2014,0.507798,纺织业
600153,2014,0.566004,批发业
600155,2014,2.247956,化学原料和化学制品制造业
600156,2014,0.677927,纺织业
600157,2014,0.650693,煤炭开采和洗选业
600158,2014,1.327579,房地产业
600159,2014,0.631579,房地产业
600160,2014,0.264428,化学原料和化学制品制造业
600161,2014,0.214017,医药制造业
600162,2014,0.184032,房地产业
600163,2014,0.423497,造纸和纸制品业
600165,2014,0.3547,金属制品业
600166,2014,0.250627,汽车制造业
600167,2014,0.313406,电力、热力生产和供应业
600168,2014,0.694648,水的生产和供应业
600169,2014,1.886061,专用设备制造业
600170,2014,0.815839,土木工程建筑业
600171,2014,0.17338,计算机、通信和其他电子设备制造业
600172,2014,0.181727,非金属矿物制品业
600173,2014,1.520496,房地产业
600175,2014,0.140754,批发业
600176,2014,1.077232,非金属矿物制品业
600177,2014,0.648514,纺织服装、服饰业
600178,2014,0.173411,汽车制造业
600179,2014,0.627906,石油加工、炼焦和核燃料加工业
600180,2014,0.307225,批发业
600182,2014,0.319029,橡胶和塑料制品业
600183,2014,0.73351,计算机、通信和其他电子设备制造业
600184,2014,0.674767,专用设备制造业
600185,2014,1.680586,房地产业
600186,2014,0.701551,食品制造业
600187,2014,0.552631,水的生产和供应业
600188,2014,0.488765,煤炭开采和洗选业
600189,2014,0.145619,木材加工和木、竹、藤、棕、草制品业
600190,2014,0.369881,水上运输业
600191,2014,0.562181,农副食品加工业
600192,2014,0.39399,电气机械和器材制造业
600193,2014,0.015151,黑色金属矿采选业
600195,2014,0.020668,医药制造业
600196,2014,0.092893,医药制造业
600197,2014,0.152042,酒、饮料和精制茶制造业
600198,2014,0.232681,计算机、通信和其他电子设备制造业
600199,2014,0.163396,酒、饮料和精制茶制造业
600200,2014,0.05509,综合
600201,2014,0.373274,医药制造业
600202,2014,0.482558,电气机械和器材制造业
600203,2014,0.131449,批发业
600206,2014,0.186563,有色金属冶炼和压延加工业
600207,2014,0.097959,燃气生产和供应业
600208,2014,1.334461,房地产业
600209,2014,-0.035639,建筑装饰和其他建筑业
600210,2014,0.589898,橡胶和塑料制品业
600211,2014,1.116519,批发业
600212,2014,1.636656,综合
600213,2014,1.556123,汽车制造业
600215,2014,0.395896,房地产业
600216,2014,0.05605,医药制造业
600217,2014,0.805785,非金属矿物制品业
600218,2014,0.219163,通用设备制造业
600219,2014,0.75637,有色金属冶炼和压延加工业
600220,2014,0.61157,纺织业
600221,2014,0.710001,航空运输业
600222,2014,0.124908,零售业
600223,2014,0.710594,房地产业
600225,2014,-0.013495,房地产业
600226,2014,0.345278,化学原料和化学制品制造业
600227,2014,1.235473,化学原料和化学制品制造业
600228,2014,-0.073276,化学原料和化学制品制造业
600229,2014,0.427152,化学原料和化学制品制造业
600230,2014,-0.007888,化学原料和化学制品制造业
600231,2014,0.648417,黑色金属冶炼和压延加工业
600232,2014,0.298689,纺织业
600233,2014,0.216839,纺织服装、服饰业
600234,2014,1.35182,计算机、通信和其他电子设备制造业
600235,2014,0.093138,造纸和纸制品业
600236,2014,0.529404,电力、热力生产和供应业
600237,2014,0.227044,计算机、通信和其他电子设备制造业
600238,2014,0.557402,酒、饮料和精制茶制造业
600239,2014,0.312051,房地产业
600240,2014,0.770936,房地产业
600241,2014,0.313142,批发业
600242,2014,0.286739,水上运输业
600243,2014,0.162576,通用设备制造业
600246,2014,0.693124,房地产业
600247,2014,0.348668,批发业
600248,2014,0.130876,土木工程建筑业
600249,2014,0.33273,化学原料和化学制品制造业
600250,2014,0.862816,批发业
600251,2014,0.229935,农副食品加工业
600252,2014,0.219639,医药制造业
600255,2014,0.732394,有色金属冶炼和压延加工业
600256,2014,-0.043478,综合
600257,2014,-0.049465,渔业
600258,2014,0.160297,商务服务业
600259,2014,0.43063,有色金属矿采选业
600260,2014,0.141743,橡胶和塑料制品业
600261,2014,-0.075786,电气机械和器材制造业
600262,2014,0.476231,专用设备制造业
600265,2014,0.277202,林业
600266,2014,2.066986,房地产业
600267,2014,0.147641,医药制造业
600268,2014,0.475799,电气机械和器材制造业
600269,2014,0.783696,道路运输业
600270,2014,0.64784,航空运输业
600271,2014,0.562896,计算机、通信和其他电子设备制造业
600272,2014,0.450674,零售业
600273,2014,0.307018,纺织业
600275,2014,0.10058,房地产业
600276,2014,0.088388,医药制造业
600277,2014,0.184341,化学原料和化学制品制造业
600278,2014,0.19041,批发业
600279,2014,0.610456,水上运输业
600280,2014,0.135588,零售业
600281,2014,0.35514,石油加工、炼焦和核燃料加工业
600282,2014,0.642487,黑色金属冶炼和压延加工业
600283,2014,0.647302,水的生产和供应业
600284,2014,0.123442,土木工程建筑业
600285,2014,0.319183,医药制造业
600287,2014,0.853813,批发业
600288,2014,0.412871,计算机、通信和其他电子设备制造业
600289,2014,0.11032,软件和信息技术服务业
600290,2014,0.303775,电气机械和器材制造业
600291,2014,1.298838,非金属矿物制品业
600292,2014,-0.131843,生态保护和环境治理业
600293,2014,0.148282,非金属矿物制品业
600295,2014,0.067227,黑色金属冶炼和压延加工业
600297,2014,0.816238,零售业
600298,2014,0.079985,食品制造业
600299,2014,0.906977,化学原料和化学制品制造业
600300,2014,0.080183,酒、饮料和精制茶制造业
600301,2014,0.381693,化学原料和化学制品制造业
600302,2014,0.517483,专用设备制造业
600303,2014,0.4,汽车制造业
600305,2014,0.097912,食品制造业
600306,2014,0.219265,零售业
600307,2014,0.603053,黑色金属冶炼和压延加工业
600308,2014,0.636493,造纸和纸制品业
600309,2014,0.098235,化学原料和化学制品制造业
600310,2014,0.630492,电力、热力生产和供应业
600311,2014,0.243615,有色金属矿采选业
600312,2014,0.474304,电气机械和器材制造业
600313,2014,0.394608,批发业
600315,2014,-0.175442,化学原料和化学制品制造业
600316,2014,0.612925,铁路、船舶、航空航天和其他运输设备制造业
600317,2014,3.242617,水上运输业
600318,2014,0.13082,非金属矿物制品业
600319,2014,0.495979,化学原料和化学制品制造业
600320,2014,1.070621,专用设备制造业
600321,2014,0.877909,木材加工和木、竹、藤、棕、草制品业
600322,2014,0.432617,房地产业
600323,2014,0.378615,水的生产和供应业
600325,2014,0.709721,房地产业
600326,2014,0.444265,土木工程建筑业
600327,2014,0.444752,零售业
600328,2014,0.278276,化学原料和化学制品制造业
600329,2014,0.213182,医药制造业
600330,2014,0.067894,计算机、通信和其他电子设备制造业
600331,2014,0.513514,有色金属冶炼和压延加工业
600332,2014,-0.008582,医药制造业
600333,2014,-0.039762,石油加工、炼焦和核燃料加工业
600335,2014,0.397776,批发业
600336,2014,0.067698,电气机械和器材制造业
600337,2014,0.632362,家具制造业
600338,2014,0.383023,有色金属冶炼和压延加工业
600339,2014,0.327188,化学原料和化学制品制造业
600340,2014,1.168711,房地产业
600343,2014,1.597899,专用设备制造业
600345,2014,0.126308,计算机、通信和其他电子设备制造业
600346,2014,0.12908,专用设备制造业
600348,2014,0.283003,煤炭开采和洗选业
600350,2014,0.751804,道路运输业
600351,2014,0.407665,医药制造业
600352,2014,0.516089,化学原料和化学制品制造业
600353,2014,0.268621,计算机、通信和其他电子设备制造业
600354,2014,0.196581,农业
600355,2014,0.260788,计算机、通信和其他电子设备制造业
600356,2014,0.435473,造纸和纸制品业
600358,2014,0.755448,商务服务业
600359,2014,0.385806,农业
600360,2014,0.262263,计算机、通信和其他电子设备制造业
600361,2014,0.494994,零售业
600362,2014,0.348268,有色金属冶炼和压延加工业
600363,2014,0.248254,计算机、通信和其他电子设备制造业
600365,2014,0.377724,酒、饮料和精制茶制造业
600366,2014,0.186477,计算机、通信和其他电子设备制造业
600367,2014,0.312732,化学原料和化学制品制造业
600368,2014,0.197482,道路运输业
600369,2014,1.275322,资本市场服务
600370,2014,0.478001,纺织业
600371,2014,0.277596,农业
600372,2014,0.163181,铁路、船舶、航空航天和其他运输设备制造业
600373,2014,0.352552,新闻和出版业
600375,2014,0.202399,汽车制造业
600376,2014,1.08652,房地产业
600377,2014,0.398303,道路运输业
600378,2014,0.389462,化学原料和化学制品制造业
600379,2014,0.631603,电气机械和器材制造业
600380,2014,0.503539,医药制造业
600381,2014,0.301554,非金属矿物制品业
600382,2014,1.061722,批发业
600383,2014,0.739281,房地产业
600385,2014,0.405882,医药制造业
600386,2014,0.320487,零售业
600387,2014,-0.363117,批发业
600388,2014,0.057907,专用设备制造业
600389,2014,-0.309425,化学原料和化学制品制造业
600390,2014,0.421245,黑色金属冶炼和压延加工业
600391,2014,1.375838,铁路、船舶、航空航天和其他运输设备制造业
600392,2014,0.411496,有色金属冶炼和压延加工业
600393,2014,0.309688,房地产业
600395,2014,0.715943,煤炭开采和洗选业
600396,2014,0.853045,电力、热力生产和供应业
600397,2014,0.45262,煤炭开采和洗选业
600398,2014,0.458859,纺织服装、服饰业
600399,2014,3.875949,黑色金属冶炼和压延加工业
600400,2014,0.139673,纺织服装、服饰业
600401,2014,0.022397,计算机、通信和其他电子设备制造业
600403,2014,-0.128985,煤炭开采和洗选业
600405,2014,0.557289,计算机、通信和其他电子设备制造业
600406,2014,-0.013822,软件和信息技术服务业
600408,2014,0.374075,黑色金属冶炼和压延加工业
600409,2014,0.351284,化学原料和化学制品制造业
600410,2014,2.031737,软件和信息技术服务业
600415,2014,1.205513,商务服务业
600416,2014,0.757972,通用设备制造业
600418,2014,0.410866,汽车制造业
600419,2014,0.218364,食品制造业
600420,2014,0.28361,医药制造业
600421,2014,0.082426,医药制造业
600422,2014,0.06922,医药制造业
600423,2014,0.437198,化学原料和化学制品制造业
600425,2014,0.813,非金属矿物制品业
600426,2014,0.634769,化学原料和化学制品制造业
600428,2014,1.279202,水上运输业
600429,2014,0.082108,食品制造业
600432,2014,0.847491,有色金属冶炼和压延加工业
600433,2014,0.112863,造纸和纸制品业
600435,2014,0.864508,计算机、通信和其他电子设备制造业
600436,2014,-0.056712,医药制造业
600438,2014,0.073589,农副食品加工业
600439,2014,-0.029275,皮革、毛皮、羽毛及其制品和制鞋业
600444,2014,0.170196,橡胶和塑料制品业
600446,2014,2.044276,软件和信息技术服务业
600448,2014,0.639024,纺织业
600449,2014,0.63395,非金属矿物制品业
600452,2014,1.008816,电力、热力生产和供应业
600455,2014,0.342235,综合
600456,2014,0.362681,有色金属冶炼和压延加工业
600458,2014,0.227744,橡胶和塑料制品业
600459,2014,0.181506,有色金属冶炼和压延加工业
600460,2014,0.237166,计算机、通信和其他电子设备制造业
600461,2014,0.405859,水的生产和供应业
600462,2014,0.247012,造纸和纸制品业
600463,2014,0.248552,土木工程建筑业
600466,2014,0.78678,医药制造业
600467,2014,0.15085,渔业
600468,2014,0.389232,电气机械和器材制造业
600469,2014,0.527169,橡胶和塑料制品业
600470,2014,0.037676,化学原料和化学制品制造业
600475,2014,0.206268,通用设备制造业
600476,2014,1.109634,软件和信息技术服务业
600477,2014,0.639056,建筑装饰和其他建筑业
600478,2014,0.116615,电气机械和器材制造业
600479,2014,0.133552,医药制造业
600480,2014,0.889073,汽车制造业
600481,2014,-0.057977,化学原料和化学制品制造业
600482,2014,0.249779,电气机械和器材制造业
600483,2014,0.454369,纺织业
600485,2014,1.113603,计算机、通信和其他电子设备制造业
600486,2014,0.298923,化学原料和化学制品制造业
600487,2014,0.356275,电气机械和器材制造业
600488,2014,0.403997,医药制造业
600489,2014,0.249305,有色金属矿采选业
600490,2014,0.559778,化学原料和化学制品制造业
600491,2014,0.933712,土木工程建筑业
600493,2014,0.386962,纺织业
600495,2014,1.925128,铁路、船舶、航空航天和其他运输设备制造业
600496,2014,0.365968,建筑装饰和其他建筑业
600497,2014,0.258241,有色金属矿采选业
600498,2014,0.015998,计算机、通信和其他电子设备制造业
600499,2014,-0.073403,专用设备制造业
600500,2014,0.397704,化学原料和化学制品制造业
600501,2014,0.504631,汽车制造业
600502,2014,0.406799,土木工程建筑业
600503,2014,0.364678,房地产业
600505,2014,0.132518,电力、热力生产和供应业
600506,2014,0.196826,农业
600507,2014,0.50035,黑色金属冶炼和压延加工业
600508,2014,0.136226,煤炭开采和洗选业
600509,2014,0.163462,电力、热力生产和供应业
600510,2014,0.29929,房地产业
600511,2014,0.662886,批发业
600512,2014,0.415591,土木工程建筑业
600513,2014,0.424672,医药制造业
600515,2014,0.057441,零售业
600516,2014,0.292802,非金属矿物制品业
600517,2014,0.304473,电气机械和器材制造业
600518,2014,-0.110331,医药制造业
600519,2014,0.670146,酒、饮料和精制茶制造业
600520,2014,0.698379,电气机械和器材制造业
600521,2014,0.093778,医药制造业
600522,2014,0.420931,电气机械和器材制造业
600523,2014,0.311848,汽车制造业
600525,2014,0.312803,计算机、通信和其他电子设备制造业
600526,2014,0.474866,专用设备制造业
600527,2014,-0.324415,化学纤维制造业
600528,2014,2.005211,土木工程建筑业
600529,2014,0.262762,非金属矿物制品业
600530,2014,0.547802,医药制造业
600531,2014,0.445043,有色金属冶炼和压延加工业
600532,2014,0.236946,黑色金属矿采选业
600533,2014,0.541473,房地产业
600535,2014,-0.033044,医药制造业
600536,2014,0.751195,软件和信息技术服务业
600537,2014,0.266054,电气机械和器材制造业
600538,2014,0.451546,化学原料和化学制品制造业
600539,2014,0.247847,非金属矿物制品业
600540,2014,0.355818,农业
600543,2014,-0.013201,酒、饮料和精制茶制造业
600545,2014,0.806384,土木工程建筑业
600546,2014,0.161103,批发业
600547,2014,0.158129,有色金属矿采选业
600548,2014,1.567775,道路运输业
600549,2014,0.385251,有色金属冶炼和压延加工业
600550,2014,0.286538,电气机械和器材制造业
600551,2014,0.007012,新闻和出版业
600552,2014,0.518525,非金属矿物制品业
600555,2014,1.306397,房地产业
600556,2014,2.910615,医药制造业
600557,2014,-0.086408,医药制造业
600558,2014,1.671391,金属制品业
600559,2014,0.911343,酒、饮料和精制茶制造业
600560,2014,0.315482,专用设备制造业
600561,2014,0.189327,道路运输业
600562,2014,1.224458,计算机、通信和其他电子设备制造业
600563,2014,0.300975,计算机、通信和其他电子设备制造业
600565,2014,0.521649,房地产业
600566,2014,-0.012036,医药制造业
600567,2014,0.383365,造纸和纸制品业
600568,2014,0.627059,医药制造业
600569,2014,0.924857,黑色金属冶炼和压延加工业
600570,2014,1.640385,软件和信息技术服务业
600571,2014,0.708981,软件和信息技术服务业
600572,2014,0.129769,医药制造业
600573,2014,0.54049,酒、饮料和精制茶制造业
600575,2014,0.268519,水上运输业
600576,2014,1.260027,批发业
600577,2014,0.849104,电气机械和器材制造业
600578,2014,0.839411,电力、热力生产和供应业
600579,2014,0.854914,专用设备制造业
600580,2014,0.704884,电气机械和器材制造业
600581,2014,0.349617,黑色金属冶炼和压延加工业
600582,2014,0.754019,专用设备制造业
600583,2014,0.375857,石油和天然气开采业
600584,2014,0.742131,计算机、通信和其他电子设备制造业
600585,2014,0.330437,非金属矿物制品业
600586,2014,0.287975,非金属矿物制品业
600587,2014,-0.102077,专用设备制造业
600588,2014,1.071652,软件和信息技术服务业
600589,2014,0.143359,化学原料和化学制品制造业
600590,2014,0.337083,电气机械和器材制造业
600592,2014,0.40181,通用设备制造业
600593,2014,0.321157,公共设施管理业
600594,2014,0.026063,医药制造业
600595,2014,0.595629,有色金属冶炼和压延加工业
600596,2014,0.004927,化学原料和化学制品制造业
600597,2014,-0.204731,食品制造业
600598,2014,-0.123784,农业
600599,2014,1.359631,化学原料和化学制品制造业
600600,2014,-0.137299,酒、饮料和精制茶制造业
600601,2014,0.687413,计算机、通信和其他电子设备制造业
600602,2014,0.233628,计算机、通信和其他电子设备制造业
600603,2014,0.627376,综合
600604,2014,0.174576,房地产业
600605,2014,0.436447,批发业
600606,2014,1.485961,房地产业
600608,2014,0.14827,黑色金属冶炼和压延加工业
600609,2014,0.399317,汽车制造业
600610,2014,-0.552362,专用设备制造业
600611,2014,0.961885,道路运输业
600612,2014,0.431321,其他制造业
600613,2014,0.234949,医药制造业
600614,2014,0.277612,医药制造业
600615,2014,0.19898,房地产业
600616,2014,0.103765,酒、饮料和精制茶制造业
600617,2014,0.189228,燃气生产和供应业
600618,2014,0.488349,化学原料和化学制品制造业
600619,2014,0.322278,通用设备制造业
600620,2014,0.059857,综合
600621,2014,0.403883,房地产业
600622,2014,0.383653,房地产业
600623,2014,0.52739,橡胶和塑料制品业
600624,2014,0.383368,综合
600626,2014,-0.097963,批发业
600628,2014,0.255016,零售业
600629,2014,0.829947,电气机械和器材制造业
600630,2014,0.142857,纺织业
600633,2014,0.213956,新闻和出版业
600634,2014,0.678937,非金属矿物制品业
600635,2014,0.579752,燃气生产和供应业
600636,2014,0.197136,化学原料和化学制品制造业
600637,2014,0.02704,电信、广播电视和卫星传输服务
600638,2014,0.351098,房地产业
600639,2014,1.048405,房地产业
600640,2014,-0.132608,商务服务业
600641,2014,0.478831,房地产业
600642,2014,0.488534,燃气生产和供应业
600643,2014,0.216158,其他金融业
600644,2014,0.169765,电力、热力生产和供应业
600645,2014,0.690735,研究和试验发展
600647,2014,0.47538,房地产业
600648,2014,0.01007,批发业
600649,2014,-0.111806,房地产业
600650,2014,0.665024,道路运输业
600651,2014,0.437382,电气机械和器材制造业
600652,2014,0.558512,煤炭开采和洗选业
600653,2014,0.461847,零售业
600654,2014,0.436396,汽车制造业
600655,2014,0.566834,零售业
600656,2014,0.265993,零售业
600657,2014,1.587559,房地产业
600658,2014,0.02602,房地产业
600660,2014,0.555711,非金属矿物制品业
600661,2014,0.731727,教育
600662,2014,0.884705,道路运输业
600663,2014,1.237764,房地产业
600664,2014,0.430298,医药制造业
600665,2014,0.884874,房地产业
600666,2014,0.740778,医药制造业
600667,2014,0.535548,计算机、通信和其他电子设备制造业
600668,2014,0.414359,医药制造业
600671,2014,0.32471,医药制造业
600673,2014,0.561812,金属制品业
600674,2014,0.868281,电力、热力生产和供应业
600675,2014,0.211786,房地产业
600676,2014,0.353985,道路运输业
600677,2014,0.565141,批发业
600678,2014,0.74216,非金属矿物制品业
600679,2014,-0.091193,铁路、船舶、航空航天和其他运输设备制造业
600680,2014,0.593036,计算机、通信和其他电子设备制造业
600681,2014,0.647196,建筑装饰和其他建筑业
600682,2014,0.402016,零售业
600683,2014,0.740049,房地产业
600684,2014,0.529866,房地产业
600685,2014,1.107563,铁路、船舶、航空航天和其他运输设备制造业
600686,2014,0.395648,汽车制造业
600687,2014,1.27523,批发业
600688,2014,0.441784,石油加工、炼焦和核燃料加工业
600689,2014,-0.074745,纺织业
600690,2014,-0.018462,电气机械和器材制造业
600691,2014,-0.119355,化学原料和化学制品制造业
600692,2014,0.244284,水上运输业
600693,2014,0.372129,零售业
600694,2014,0.738012,零售业
600695,2014,0.250001,农副食品加工业
600696,2014,0.346535,房地产业
600697,2014,0.400416,零售业
600698,2014,0.58177,汽车制造业
600699,2014,0.266061,汽车制造业
600701,2014,0.397409,综合
600702,2014,0.240872,酒、饮料和精制茶制造业
600703,2014,-0.13219,计算机、通信和其他电子设备制造业
600704,2014,-0.07406,零售业
600705,2014,1.130132,其他金融业
600706,2014,0.341815,公共设施管理业
600707,2014,0.008495,计算机、通信和其他电子设备制造业
600708,2014,0.17424,道路运输业
600710,2014,0.924591,专用设备制造业
600711,2014,1.134035,有色金属矿采选业
600712,2014,0.345976,零售业
600713,2014,0.361742,零售业
600714,2014,0.425667,煤炭开采和洗选业
600715,2014,2.301344,汽车制造业
600716,2014,0.328671,房地产业
600717,2014,1.052574,水上运输业
600718,2014,0.29973,软件和信息技术服务业
600719,2014,0.13769,电力、热力生产和供应业
600720,2014,0.673921,非金属矿物制品业
600721,2014,0.1438,石油加工、炼焦和核燃料加工业
600722,2014,-0.037578,化学原料和化学制品制造业
600723,2014,0.262591,零售业
600724,2014,0.470173,房地产业
600725,2014,0.338666,石油加工、炼焦和核燃料加工业
600726,2014,0.848981,电力、热力生产和供应业
600727,2014,0.221983,化学原料和化学制品制造业
600728,2014,-0.187261,软件和信息技术服务业
600729,2014,0.186205,零售业
600730,2014,0.144769,批发业
600731,2014,0.148501,化学原料和化学制品制造业
600732,2014,0.35687,房地产业
600733,2014,1.091417,房地产业
600734,2014,0.036961,批发业
600735,2014,1.101064,皮革、毛皮、羽毛及其制品和制鞋业
600736,2014,0.454695,房地产业
600737,2014,0.680272,农副食品加工业
600738,2014,0.195939,零售业
600739,2014,0.2252,批发业
600740,2014,0.12,石油加工、炼焦和核燃料加工业
600741,2014,0.588964,汽车制造业
600742,2014,0.595029,汽车制造业
600743,2014,0.886734,房地产业
600744,2014,0.388554,电力、热力生产和供应业
600745,2014,-0.164409,房地产业
600746,2014,0.225932,化学原料和化学制品制造业
600747,2014,0.738786,房地产业
600748,2014,0.693747,房地产业
600749,2014,0.57772,公共设施管理业
600750,2014,0.30175,医药制造业
600751,2014,0.922581,水上运输业
600753,2014,0.236769,批发业
600754,2014,0.604664,住宿业
600755,2014,1.237584,批发业
600756,2014,0.552829,软件和信息技术服务业
600757,2014,0.124174,新闻和出版业
600758,2014,0.239097,电力、热力生产和供应业
600759,2014,0.243563,房地产业
600760,2014,1.1332,汽车制造业
600761,2014,0.592654,专用设备制造业
600763,2014,0.498438,卫生
600764,2014,0.180333,软件和信息技术服务业
600765,2014,0.526965,通用设备制造业
600766,2014,0.185832,有色金属矿采选业
600767,2014,1.101504,房地产业
600768,2014,0.625,有色金属冶炼和压延加工业
600769,2014,0.528713,化学原料和化学制品制造业
600770,2014,0.029727,软件和信息技术服务业
600771,2014,-0.091296,医药制造业
600773,2014,0.272234,房地产业
600774,2014,0.783654,零售业
600775,2014,0.171712,计算机、通信和其他电子设备制造业
600776,2014,0.325796,计算机、通信和其他电子设备制造业
600777,2014,0.806061,综合
600778,2014,0.022737,零售业
600779,2014,-0.041217,酒、饮料和精制茶制造业
600780,2014,0.34816,电力、热力生产和供应业
600781,2014,0.170946,医药制造业
600782,2014,1.029032,黑色金属冶炼和压延加工业
600783,2014,0.373555,综合
600784,2014,0.699554,综合
600785,2014,0.305698,零售业
600787,2014,0.881008,仓储业
600789,2014,0.619631,医药制造业
600790,2014,0.33912,商务服务业
600791,2014,0.186024,房地产业
600792,2014,0.809851,石油加工、炼焦和核燃料加工业
600793,2014,0.146414,造纸和纸制品业
600794,2014,0.897391,仓储业
600795,2014,1.087703,电力、热力生产和供应业
600796,2014,0.311972,化学原料和化学制品制造业
600797,2014,0.306545,软件和信息技术服务业
600798,2014,0.475957,水上运输业
600800,2014,0.131627,计算机、通信和其他电子设备制造业
600801,2014,0.420533,非金属矿物制品业
600802,2014,0.568192,非金属矿物制品业
600803,2014,-0.017728,化学原料和化学制品制造业
600804,2014,0.287648,互联网和相关服务
600805,2014,0.046894,综合
600806,2014,0.62306,通用设备制造业
600807,2014,0.306438,房地产业
600808,2014,1.386907,黑色金属冶炼和压延加工业
600809,2014,0.216987,酒、饮料和精制茶制造业
600810,2014,0.139021,化学纤维制造业
600811,2014,0.519449,批发业
600812,2014,0.235529,医药制造业
600814,2014,0.266221,零售业
600815,2014,1.241814,专用设备制造业
600816,2014,1.089152,其他金融业
600817,2014,0.468919,综合
600818,2014,0.896668,铁路、船舶、航空航天和其他运输设备制造业
600819,2014,0.40191,非金属矿物制品业
600820,2014,0.874439,土木工程建筑业
600821,2014,0.242857,零售业
600822,2014,-0.131183,批发业
600823,2014,0.666457,房地产业
600824,2014,0.241453,零售业
600825,2014,0.204346,新闻和出版业
600826,2014,0.279381,批发业
600827,2014,0.852078,零售业
600828,2014,0.334626,零售业
600829,2014,0.818514,医药制造业
600830,2014,0.074848,零售业
600831,2014,0.225413,电信、广播电视和卫星传输服务
600832,2014,0.424247,公共设施管理业
600833,2014,0.518633,零售业
600834,2014,0.494615,道路运输业
600835,2014,0.082252,通用设备制造业
600836,2014,0.873026,印刷和记录媒介复制业
600837,2014,1.153316,资本市场服务
600838,2014,0.15774,零售业
600839,2014,0.542721,计算机、通信和其他电子设备制造业
600841,2014,-0.025467,通用设备制造业
600843,2014,0.298828,专用设备制造业
600844,2014,0.02288,化学原料和化学制品制造业
600845,2014,0.351404,软件和信息技术服务业
600846,2014,0.536361,土木工程建筑业
600847,2014,-0.109102,电气机械和器材制造业
600848,2014,0.595409,仪器仪表制造业
600850,2014,0.720195,软件和信息技术服务业
600851,2014,0.234375,纺织业
600853,2014,0.871649,土木工程建筑业
600854,2014,0.322695,电气机械和器材制造业
600855,2014,0.760624,专用设备制造业
600856,2014,0.540124,零售业
600857,2014,0.697673,零售业
600858,2014,0.342508,零售业
600859,2014,0.261621,零售业
600860,2014,-0.153471,专用设备制造业
600861,2014,0.27346,零售业
600862,2014,1.936709,房地产业
600863,2014,1.165694,电力、热力生产和供应业
600864,2014,0.54009,电力、热力生产和供应业
600865,2014,0.192602,零售业
600866,2014,0.534521,食品制造业
600867,2014,0.138494,医药制造业
600868,2014,0.56261,电力、热力生产和供应业
600869,2014,0.249161,电气机械和器材制造业
600870,2014,0.51626,计算机、通信和其他电子设备制造业
600871,2014,1.067137,化学纤维制造业
600872,2014,-0.079975,食品制造业
600873,2014,0.17057,食品制造业
600874,2014,0.365899,水的生产和供应业
600875,2014,0.667201,通用设备制造业
600876,2014,0.514644,非金属矿物制品业
600877,2014,1.243975,铁路、船舶、航空航天和其他运输设备制造业
600879,2014,0.666667,专用设备制造业
600880,2014,0.024498,新闻和出版业
600881,2014,0.950555,非金属矿物制品业
600882,2014,0.023755,黑色金属矿采选业
600883,2014,0.674479,非金属矿物制品业
600884,2014,0.351272,电气机械和器材制造业
600885,2014,0.006466,电气机械和器材制造业
600886,2014,1.994824,电力、热力生产和供应业
600887,2014,0.125661,食品制造业
600888,2014,0.360271,计算机、通信和其他电子设备制造业
600889,2014,0.552105,化学纤维制造业
600890,2014,0.101266,房地产业
600891,2014,0.124438,零售业
600892,2014,0.8,批发业
600893,2014,0.519666,铁路、船舶、航空航天和其他运输设备制造业
600894,2014,0.069052,通用设备制造业
600895,2014,0.794259,综合
600896,2014,0.755248,水上运输业
600897,2014,0.659419,航空运输业
600898,2014,0.61,零售业
600900,2014,0.765769,电力、热力生产和供应业
600960,2014,0.400608,汽车制造业
600961,2014,0.724821,有色金属冶炼和压延加工业
600962,2014,1.158833,酒、饮料和精制茶制造业
600963,2014,0.63492,造纸和纸制品业
600965,2014,0.761272,畜牧业
600966,2014,0.2,造纸和纸制品业
600967,2014,0.548409,铁路、船舶、航空航天和其他运输设备制造业
600969,2014,0.418565,电力、热力生产和供应业
600970,2014,0.621264,专用设备制造业
600971,2014,0.246385,煤炭开采和洗选业
600973,2014,0.472081,电气机械和器材制造业
600975,2014,0.931148,畜牧业
600976,2014,0.165216,零售业
600978,2014,0.174098,家具制造业
600979,2014,0.290006,电力、热力生产和供应业
600980,2014,0.296625,计算机、通信和其他电子设备制造业
600981,2014,0.112861,批发业
600982,2014,0.670618,电力、热力生产和供应业
600983,2014,-0.176421,电气机械和器材制造业
600984,2014,0.44203,专用设备制造业
600985,2014,0.334269,化学原料和化学制品制造业
600986,2014,0.519396,土木工程建筑业
600987,2014,0.568705,纺织业
600988,2014,0.524563,有色金属矿采选业
600990,2014,1.057832,计算机、通信和其他电子设备制造业
600992,2014,0.537147,金属制品业
600993,2014,0.183334,批发业
600995,2014,0.540868,电力、热力生产和供应业
600997,2014,0.309808,石油加工、炼焦和核燃料加工业
600998,2014,0.214874,批发业
600999,2014,1.256394,资本市场服务
601000,2014,2.045808,水上运输业
601001,2014,0.5,煤炭开采和洗选业
601002,2014,1.290445,通用设备制造业
601003,2014,0.924245,黑色金属冶炼和压延加工业
601005,2014,0.342741,黑色金属冶炼和压延加工业
601006,2014,0.540477,铁路运输业
601007,2014,0.254834,住宿业
601008,2014,1.032788,水上运输业
601009,2014,0.916319,货币金融服务
601010,2014,0.54981,零售业
601011,2014,-0.00998,石油加工、炼焦和核燃料加工业
601012,2014,0.35685,非金属矿物制品业
601018,2014,0.955412,水上运输业
601028,2014,0.561887,金属制品业
601038,2014,0.395941,专用设备制造业
601058,2014,0.155943,橡胶和塑料制品业
601088,2014,0.366883,煤炭开采和洗选业
601098,2014,0.531183,新闻和出版业
601099,2014,2.593421,资本市场服务
601100,2014,0.11912,专用设备制造业
601101,2014,0.222393,煤炭开采和洗选业
601106,2014,1.670948,专用设备制造业
601107,2014,0.951886,道路运输业
601111,2014,1.011805,航空运输业
601113,2014,0.44954,化学纤维制造业
601116,2014,0.036729,零售业
601117,2014,0.203496,土木工程建筑业
601118,2014,0.177443,农业
601126,2014,-0.083895,电气机械和器材制造业
601137,2014,0.272303,有色金属冶炼和压延加工业
601139,2014,0.06565,燃气生产和供应业
601158,2014,0.592469,水的生产和供应业
601166,2014,0.705927,货币金融服务
601168,2014,0.729372,有色金属矿采选业
601169,2014,0.785052,货币金融服务
601177,2014,0.387883,通用设备制造业
601179,2014,1.431402,电气机械和器材制造业
601186,2014,2.336836,土木工程建筑业
601188,2014,0.962059,道路运输业
601199,2014,0.349009,水的生产和供应业
601208,2014,0.24855,化学原料和化学制品制造业
601216,2014,0.44056,化学原料和化学制品制造业
601218,2014,0.757732,专用设备制造业
601222,2014,0.100419,仪器仪表制造业
601225,2014,NA,煤炭开采和洗选业
601231,2014,0.43491,计算机、通信和其他电子设备制造业
601233,2014,0.770322,化学纤维制造业
601238,2014,0.07727,汽车制造业
601258,2014,0.187625,零售业
601268,2014,-0.074803,专用设备制造业
601288,2014,0.608161,货币金融服务
601299,2014,0.506106,铁路、船舶、航空航天和其他运输设备制造业
601311,2014,0.219999,电气机械和器材制造业
601313,2014,0.193138,通用设备制造业
